"year","inc","model","metric"
0,1.26927555387714,"IBM","Clinical incidence
(per person-year)"
0.0821917808219178,0.350790124623844,"IBM","Clinical incidence
(per person-year)"
0.164383561643836,0.0172177932921364,"IBM","Clinical incidence
(per person-year)"
0.246575342465753,0.0114696917323948,"IBM","Clinical incidence
(per person-year)"
0.328767123287671,0.171192720791708,"IBM","Clinical incidence
(per person-year)"
0.410958904109589,0.776812900018642,"IBM","Clinical incidence
(per person-year)"
0.493150684931507,1.06478392427651,"IBM","Clinical incidence
(per person-year)"
0.575342465753425,1.4737169034863,"IBM","Clinical incidence
(per person-year)"
0.657534246575342,2.22588674548849,"IBM","Clinical incidence
(per person-year)"
0.73972602739726,2.69047324083251,"IBM","Clinical incidence
(per person-year)"
0.821917808219178,2.52085844071568,"IBM","Clinical incidence
(per person-year)"
0.904109589041096,1.3333231010084,"IBM","Clinical incidence
(per person-year)"
0.986301369863014,0.268062058202515,"IBM","Clinical incidence
(per person-year)"
1.06849315068493,0.0112093851729009,"IBM","Clinical incidence
(per person-year)"
1.15068493150685,0.0112369927960101,"IBM","Clinical incidence
(per person-year)"
1.23287671232877,0.00560908518125797,"IBM","Clinical incidence
(per person-year)"
1.31506849315068,0.089779854876399,"IBM","Clinical incidence
(per person-year)"
1.3972602739726,0.615552080458713,"IBM","Clinical incidence
(per person-year)"
1.47945205479452,0.949415508905074,"IBM","Clinical incidence
(per person-year)"
1.56164383561644,1.21703884980116,"IBM","Clinical incidence
(per person-year)"
1.64383561643836,1.90684234858992,"IBM","Clinical incidence
(per person-year)"
1.72602739726027,2.78470728423529,"IBM","Clinical incidence
(per person-year)"
1.80821917808219,2.78316302904949,"IBM","Clinical incidence
(per person-year)"
1.89041095890411,1.62344983089064,"IBM","Clinical incidence
(per person-year)"
1.97260273972603,0.384222421746803,"IBM","Clinical incidence
(per person-year)"
2.05479452054795,0.00564936773514526,"IBM","Clinical incidence
(per person-year)"
2.13698630136986,0,"IBM","Clinical incidence
(per person-year)"
2.21917808219178,0,"IBM","Clinical incidence
(per person-year)"
2.3013698630137,0.0340675751353369,"IBM","Clinical incidence
(per person-year)"
2.38356164383562,0.551771966461989,"IBM","Clinical incidence
(per person-year)"
2.46575342465753,1.06353980637278,"IBM","Clinical incidence
(per person-year)"
2.54794520547945,1.27823898191142,"IBM","Clinical incidence
(per person-year)"
2.63013698630137,1.89829363333543,"IBM","Clinical incidence
(per person-year)"
2.71232876712329,2.78121506950676,"IBM","Clinical incidence
(per person-year)"
2.79452054794521,2.8821077467558,"IBM","Clinical incidence
(per person-year)"
2.87671232876712,2.13131138252329,"IBM","Clinical incidence
(per person-year)"
2.95890410958904,0.443954759422488,"IBM","Clinical incidence
(per person-year)"
3.04109589041096,0.0172972119105916,"IBM","Clinical incidence
(per person-year)"
3.12328767123288,0.0114819591682658,"IBM","Clinical incidence
(per person-year)"
3.20547945205479,0,"IBM","Clinical incidence
(per person-year)"
3.28767123287671,0.0115369419201896,"IBM","Clinical incidence
(per person-year)"
3.36986301369863,0.561431606989946,"IBM","Clinical incidence
(per person-year)"
3.45205479452055,0.962861728669728,"IBM","Clinical incidence
(per person-year)"
3.53424657534247,1.24608984232339,"IBM","Clinical incidence
(per person-year)"
3.61643835616438,1.73481835897273,"IBM","Clinical incidence
(per person-year)"
3.6986301369863,2.51934862269396,"IBM","Clinical incidence
(per person-year)"
3.78082191780822,2.99147192380109,"IBM","Clinical incidence
(per person-year)"
3.86301369863014,2.09459996502774,"IBM","Clinical incidence
(per person-year)"
3.94520547945205,0.790332595647121,"IBM","Clinical incidence
(per person-year)"
4.02739726027397,0.0289820549468001,"IBM","Clinical incidence
(per person-year)"
4.10958904109589,0,"IBM","Clinical incidence
(per person-year)"
4.19178082191781,0,"IBM","Clinical incidence
(per person-year)"
4.27397260273973,0.00581766018489002,"IBM","Clinical incidence
(per person-year)"
4.35616438356164,0.325539912085112,"IBM","Clinical incidence
(per person-year)"
4.43835616438356,0.928767951144261,"IBM","Clinical incidence
(per person-year)"
4.52054794520548,1.31568962246253,"IBM","Clinical incidence
(per person-year)"
4.6027397260274,1.67436453325793,"IBM","Clinical incidence
(per person-year)"
4.68493150684932,2.55662589916734,"IBM","Clinical incidence
(per person-year)"
4.76712328767123,2.83516362318612,"IBM","Clinical incidence
(per person-year)"
4.84931506849315,2.58844940929131,"IBM","Clinical incidence
(per person-year)"
4.93150684931507,0.918676817734144,"IBM","Clinical incidence
(per person-year)"
5.01369863013699,0.114223126271319,"IBM","Clinical incidence
(per person-year)"
5.0958904109589,0,"IBM","Clinical incidence
(per person-year)"
5.17808219178082,0,"IBM","Clinical incidence
(per person-year)"
5.26027397260274,0.00574323792739918,"IBM","Clinical incidence
(per person-year)"
5.34246575342466,0.24127673638982,"IBM","Clinical incidence
(per person-year)"
5.42465753424658,0.846814286390682,"IBM","Clinical incidence
(per person-year)"
5.50684931506849,1.25191648094583,"IBM","Clinical incidence
(per person-year)"
5.58904109589041,1.68027747122813,"IBM","Clinical incidence
(per person-year)"
5.67123287671233,2.36473674230453,"IBM","Clinical incidence
(per person-year)"
5.75342465753425,3.21297720820314,"IBM","Clinical incidence
(per person-year)"
5.83561643835616,2.69484135824078,"IBM","Clinical incidence
(per person-year)"
5.91780821917808,1.15519253208868,"IBM","Clinical incidence
(per person-year)"
6,0.122712645886365,"IBM","Clinical incidence
(per person-year)"
6.08219178082192,0.00584149542282824,"IBM","Clinical incidence
(per person-year)"
6.16438356164384,0.00582165015869978,"IBM","Clinical incidence
(per person-year)"
6.24657534246575,0,"IBM","Clinical incidence
(per person-year)"
6.32876712328767,0.192979364265573,"IBM","Clinical incidence
(per person-year)"
6.41095890410959,0.850761143885933,"IBM","Clinical incidence
(per person-year)"
6.49315068493151,1.28427780557483,"IBM","Clinical incidence
(per person-year)"
6.57534246575342,1.66795846856884,"IBM","Clinical incidence
(per person-year)"
6.65753424657534,2.3825833279608,"IBM","Clinical incidence
(per person-year)"
6.73972602739726,2.797565374211,"IBM","Clinical incidence
(per person-year)"
6.82191780821918,3.00554890477885,"IBM","Clinical incidence
(per person-year)"
6.9041095890411,1.42069221700018,"IBM","Clinical incidence
(per person-year)"
6.98630136986301,0.170563496027973,"IBM","Clinical incidence
(per person-year)"
7.06849315068493,0.0176721216229302,"IBM","Clinical incidence
(per person-year)"
7.15068493150685,0,"IBM","Clinical incidence
(per person-year)"
7.23287671232877,0.00590385610766046,"IBM","Clinical incidence
(per person-year)"
7.31506849315068,0.0827610779994817,"IBM","Clinical incidence
(per person-year)"
7.3972602739726,0.734454108788784,"IBM","Clinical incidence
(per person-year)"
7.47945205479452,1.04788088170892,"IBM","Clinical incidence
(per person-year)"
7.56164383561644,1.56390489328897,"IBM","Clinical incidence
(per person-year)"
7.64383561643836,1.90824188274902,"IBM","Clinical incidence
(per person-year)"
7.72602739726027,2.74925083016117,"IBM","Clinical incidence
(per person-year)"
7.80821917808219,3.01232265910012,"IBM","Clinical incidence
(per person-year)"
7.89041095890411,1.56405051871899,"IBM","Clinical incidence
(per person-year)"
7.97260273972603,0.334485530546624,"IBM","Clinical incidence
(per person-year)"
8.05479452054795,0.0293861909055777,"IBM","Clinical incidence
(per person-year)"
8.13698630136986,0,"IBM","Clinical incidence
(per person-year)"
8.21917808219178,0,"IBM","Clinical incidence
(per person-year)"
8.3013698630137,0.041126098573866,"IBM","Clinical incidence
(per person-year)"
8.38356164383562,0.512111340472197,"IBM","Clinical incidence
(per person-year)"
8.46575342465753,0.929157201089146,"IBM","Clinical incidence
(per person-year)"
8.54794520547945,1.29880746297365,"IBM","Clinical incidence
(per person-year)"
8.63013698630137,1.96403119645116,"IBM","Clinical incidence
(per person-year)"
8.71232876712329,2.74383191981496,"IBM","Clinical incidence
(per person-year)"
8.79452054794521,3.03100849613594,"IBM","Clinical incidence
(per person-year)"
8.87671232876712,1.83612716302912,"IBM","Clinical incidence
(per person-year)"
8.95890410958904,0.429275270184361,"IBM","Clinical incidence
(per person-year)"
9.04109589041096,0.0290032420062297,"IBM","Clinical incidence
(per person-year)"
9.12328767123288,0,"IBM","Clinical incidence
(per person-year)"
9.20547945205479,0,"IBM","Clinical incidence
(per person-year)"
9.28767123287671,0.0114740184213008,"IBM","Clinical incidence
(per person-year)"
9.36986301369863,0.526060188303855,"IBM","Clinical incidence
(per person-year)"
9.45205479452055,0.932830555512002,"IBM","Clinical incidence
(per person-year)"
9.53424657534247,1.16004279555681,"IBM","Clinical incidence
(per person-year)"
9.61643835616438,1.78862365083117,"IBM","Clinical incidence
(per person-year)"
9.6986301369863,2.61188877032201,"IBM","Clinical incidence
(per person-year)"
9.78082191780822,3.10147955016649,"IBM","Clinical incidence
(per person-year)"
9.86301369863014,2.31974451979183,"IBM","Clinical incidence
(per person-year)"
9.94520547945205,0.735527952266251,"IBM","Clinical incidence
(per person-year)"
10.027397260274,0.07456705534777,"IBM","Clinical incidence
(per person-year)"
10.1095890410959,0,"IBM","Clinical incidence
(per person-year)"
10.1917808219178,0,"IBM","Clinical incidence
(per person-year)"
10.2739726027397,0.011345092858808,"IBM","Clinical incidence
(per person-year)"
10.3561643835616,0.391521313310326,"IBM","Clinical incidence
(per person-year)"
10.4383561643836,0.905707196029777,"IBM","Clinical incidence
(per person-year)"
10.5205479452055,1.27146196838569,"IBM","Clinical incidence
(per person-year)"
10.6027397260274,1.78361890533327,"IBM","Clinical incidence
(per person-year)"
10.6849315068493,2.41992081360143,"IBM","Clinical incidence
(per person-year)"
10.7671232876712,2.97519063307194,"IBM","Clinical incidence
(per person-year)"
10.8493150684932,2.58845163092393,"IBM","Clinical incidence
(per person-year)"
10.9315068493151,1.00242051854955,"IBM","Clinical incidence
(per person-year)"
11.013698630137,0.0737144632592823,"IBM","Clinical incidence
(per person-year)"
11.0958904109589,0,"IBM","Clinical incidence
(per person-year)"
11.1780821917808,0,"IBM","Clinical incidence
(per person-year)"
11.2602739726027,0.0114445176057442,"IBM","Clinical incidence
(per person-year)"
11.3424657534247,0.308750274131395,"IBM","Clinical incidence
(per person-year)"
11.4246575342466,0.90408854329968,"IBM","Clinical incidence
(per person-year)"
11.5068493150685,1.3351153629713,"IBM","Clinical incidence
(per person-year)"
11.5890410958904,1.79052945679514,"IBM","Clinical incidence
(per person-year)"
11.6712328767123,2.50335895513061,"IBM","Clinical incidence
(per person-year)"
11.7534246575342,3.24530479815312,"IBM","Clinical incidence
(per person-year)"
11.8356164383562,2.6395800933126,"IBM","Clinical incidence
(per person-year)"
11.9178082191781,1.08918162561653,"IBM","Clinical incidence
(per person-year)"
12,0.157920761480932,"IBM","Clinical incidence
(per person-year)"
12.0821917808219,0.00564098601344564,"IBM","Clinical incidence
(per person-year)"
12.1643835616438,0.0056333245875326,"IBM","Clinical incidence
(per person-year)"
12.2465753424658,0,"IBM","Clinical incidence
(per person-year)"
12.3287671232877,0.169517764532859,"IBM","Clinical incidence
(per person-year)"
12.4109589041096,0.81997056317298,"IBM","Clinical incidence
(per person-year)"
12.4931506849315,1.22664260264808,"IBM","Clinical incidence
(per person-year)"
12.5753424657534,1.69974371796475,"IBM","Clinical incidence
(per person-year)"
12.6575342465753,2.22623627662569,"IBM","Clinical incidence
(per person-year)"
12.7397260273973,3.01237964236589,"IBM","Clinical incidence
(per person-year)"
12.8219178082192,2.87576447828258,"IBM","Clinical incidence
(per person-year)"
12.9041095890411,1.55907524903737,"IBM","Clinical incidence
(per person-year)"
12.986301369863,0.204497704458797,"IBM","Clinical incidence
(per person-year)"
13.0684931506849,0,"IBM","Clinical incidence
(per person-year)"
13.1506849315068,0.00567563364951019,"IBM","Clinical incidence
(per person-year)"
13.2328767123288,0,"IBM","Clinical incidence
(per person-year)"
13.3150684931507,0.051320106233401,"IBM","Clinical incidence
(per person-year)"
13.3972602739726,0.70866080581529,"IBM","Clinical incidence
(per person-year)"
13.4794520547945,1.41248601268184,"IBM","Clinical incidence
(per person-year)"
13.5616438356164,1.55982905982906,"IBM","Clinical incidence
(per person-year)"
13.6438356164384,2.29671138103213,"IBM","Clinical incidence
(per person-year)"
13.7260273972603,3.07131216898054,"IBM","Clinical incidence
(per person-year)"
13.8082191780822,2.86670227137068,"IBM","Clinical incidence
(per person-year)"
13.8904109589041,1.97929928797095,"IBM","Clinical incidence
(per person-year)"
13.972602739726,0.372642028052209,"IBM","Clinical incidence
(per person-year)"
14.0547945205479,0.0171853665426809,"IBM","Clinical incidence
(per person-year)"
14.1369863013699,0.00571714988330749,"IBM","Clinical incidence
(per person-year)"
14.2191780821918,0,"IBM","Clinical incidence
(per person-year)"
14.3013698630137,0.0798811943098327,"IBM","Clinical incidence
(per person-year)"
14.3835616438356,0.614219604543542,"IBM","Clinical incidence
(per person-year)"
14.4657534246575,1.09481847569315,"IBM","Clinical incidence
(per person-year)"
14.5479452054795,1.51283006566386,"IBM","Clinical incidence
(per person-year)"
14.6301369863014,2.18331960909218,"IBM","Clinical incidence
(per person-year)"
14.7123287671233,2.61160367086639,"IBM","Clinical incidence
(per person-year)"
14.7945205479452,2.93007855815334,"IBM","Clinical incidence
(per person-year)"
14.8767123287671,1.97241670974108,"IBM","Clinical incidence
(per person-year)"
14.958904109589,0.532955473214846,"IBM","Clinical incidence
(per person-year)"
15.041095890411,0.0343448600329334,"IBM","Clinical incidence
(per person-year)"
15.1232876712329,0.00572782625070617,"IBM","Clinical incidence
(per person-year)"
15.2054794520548,0,"IBM","Clinical incidence
(per person-year)"
15.2876712328767,0,"IBM","Clinical incidence
(per person-year)"
15.3698630136986,0.430289217227287,"IBM","Clinical incidence
(per person-year)"
15.4520547945205,0.957960081722458,"IBM","Clinical incidence
(per person-year)"
15.5342465753425,1.33341172781436,"IBM","Clinical incidence
(per person-year)"
15.6164383561644,1.95390672414061,"IBM","Clinical incidence
(per person-year)"
15.6986301369863,2.74725701072365,"IBM","Clinical incidence
(per person-year)"
15.7808219178082,3.12975614310836,"IBM","Clinical incidence
(per person-year)"
15.8630136986301,2.19538661871396,"IBM","Clinical incidence
(per person-year)"
15.9452054794521,0.672764164678913,"IBM","Clinical incidence
(per person-year)"
16.027397260274,0.0901846933102724,"IBM","Clinical incidence
(per person-year)"
16.1095890410959,0.00561970746728253,"IBM","Clinical incidence
(per person-year)"
16.1917808219178,0,"IBM","Clinical incidence
(per person-year)"
16.2739726027397,0,"IBM","Clinical incidence
(per person-year)"
16.3561643835616,0.346788034816722,"IBM","Clinical incidence
(per person-year)"
16.4383561643836,0.939093679648376,"IBM","Clinical incidence
(per person-year)"
16.5205479452055,1.31119605766131,"IBM","Clinical incidence
(per person-year)"
16.6027397260274,1.93501544324416,"IBM","Clinical incidence
(per person-year)"
16.6849315068493,2.5197514765667,"IBM","Clinical incidence
(per person-year)"
16.7671232876712,3.21782784376148,"IBM","Clinical incidence
(per person-year)"
16.8493150684932,2.60223673943974,"IBM","Clinical incidence
(per person-year)"
16.9315068493151,1.06943384709293,"IBM","Clinical incidence
(per person-year)"
17.013698630137,0.0499650168831564,"IBM","Clinical incidence
(per person-year)"
17.0958904109589,0.0110676491100397,"IBM","Clinical incidence
(per person-year)"
17.1780821917808,0.00555860136452242,"IBM","Clinical incidence
(per person-year)"
17.2602739726027,0.00556988295615815,"IBM","Clinical incidence
(per person-year)"
17.3424657534247,0.273007586512189,"IBM","Clinical incidence
(per person-year)"
17.4246575342466,0.983273468890783,"IBM","Clinical incidence
(per person-year)"
17.5068493150685,1.24927743466488,"IBM","Clinical incidence
(per person-year)"
17.5890410958904,1.61992917179639,"IBM","Clinical incidence
(per person-year)"
17.6712328767123,2.58197219017548,"IBM","Clinical incidence
(per person-year)"
17.7534246575342,3.14225954105914,"IBM","Clinical incidence
(per person-year)"
17.8356164383562,2.83964686754494,"IBM","Clinical incidence
(per person-year)"
17.9178082191781,1.17117048616919,"IBM","Clinical incidence
(per person-year)"
18,0.133343481239059,"IBM","Clinical incidence
(per person-year)"
18.0821917808219,0.011111449359189,"IBM","Clinical incidence
(per person-year)"
18.1643835616438,0,"IBM","Clinical incidence
(per person-year)"
18.2465753424658,0.0110125512913348,"IBM","Clinical incidence
(per person-year)"
18.3287671232877,0.115755772686772,"IBM","Clinical incidence
(per person-year)"
18.4109589041096,0.757089433602325,"IBM","Clinical incidence
(per person-year)"
18.4931506849315,1.13062858869749,"IBM","Clinical incidence
(per person-year)"
18.5753424657534,1.75221158781438,"IBM","Clinical incidence
(per person-year)"
18.6575342465753,2.30363502486964,"IBM","Clinical incidence
(per person-year)"
18.7397260273973,2.97977069451948,"IBM","Clinical incidence
(per person-year)"
18.8219178082192,3.10266748912994,"IBM","Clinical incidence
(per person-year)"
18.9041095890411,1.55166955604131,"IBM","Clinical incidence
(per person-year)"
18.986301369863,0.293217127699886,"IBM","Clinical incidence
(per person-year)"
19.0684931506849,0.0110979354799477,"IBM","Clinical incidence
(per person-year)"
19.1506849315068,0,"IBM","Clinical incidence
(per person-year)"
19.2328767123288,0,"IBM","Clinical incidence
(per person-year)"
19.3150684931507,0.145013905442988,"IBM","Clinical incidence
(per person-year)"
19.3972602739726,0.642290978087893,"IBM","Clinical incidence
(per person-year)"
19.4794520547945,1.19915344885548,"IBM","Clinical incidence
(per person-year)"
19.5616438356164,1.57170878219961,"IBM","Clinical incidence
(per person-year)"
19.6438356164384,2.38719582405773,"IBM","Clinical incidence
(per person-year)"
19.7260273972603,2.86638955780174,"IBM","Clinical incidence
(per person-year)"
19.8082191780822,3.12841238371206,"IBM","Clinical incidence
(per person-year)"
19.8904109589041,1.67362555607853,"IBM","Clinical incidence
(per person-year)"
19.972602739726,0.365199199563398,"IBM","Clinical incidence
(per person-year)"
20.0547945205479,0.0441982260164078,"IBM","Clinical incidence
(per person-year)"
20.1369863013699,0,"IBM","Clinical incidence
(per person-year)"
20.2191780821918,0,"IBM","Clinical incidence
(per person-year)"
20.3013698630137,0.038765570711132,"IBM","Clinical incidence
(per person-year)"
20.3835616438356,0.670986463286793,"IBM","Clinical incidence
(per person-year)"
20.4657534246575,1.13213399503722,"IBM","Clinical incidence
(per person-year)"
20.5479452054795,1.4973962275576,"IBM","Clinical incidence
(per person-year)"
20.6301369863014,2.00570760660018,"IBM","Clinical incidence
(per person-year)"
20.7123287671233,2.89801963568626,"IBM","Clinical incidence
(per person-year)"
20.7945205479452,3.18886652639283,"IBM","Clinical incidence
(per person-year)"
20.8767123287671,2.15616986201001,"IBM","Clinical incidence
(per person-year)"
20.958904109589,0.501886850106183,"IBM","Clinical incidence
(per person-year)"
21.041095890411,0.0279128812211312,"IBM","Clinical incidence
(per person-year)"
21.1232876712329,0.0112004418804468,"IBM","Clinical incidence
(per person-year)"
21.2054794520548,0,"IBM","Clinical incidence
(per person-year)"
21.2876712328767,0.0227134834082671,"IBM","Clinical incidence
(per person-year)"
21.3698630136986,0.397615861060101,"IBM","Clinical incidence
(per person-year)"
21.4520547945205,1.07557733765529,"IBM","Clinical incidence
(per person-year)"
21.5342465753425,1.31834317692105,"IBM","Clinical incidence
(per person-year)"
21.6164383561644,1.89614800111652,"IBM","Clinical incidence
(per person-year)"
21.6986301369863,2.73206143695243,"IBM","Clinical incidence
(per person-year)"
21.7808219178082,3.1027732717744,"IBM","Clinical incidence
(per person-year)"
21.8630136986301,2.40322204062573,"IBM","Clinical incidence
(per person-year)"
21.9452054794521,0.72895213131124,"IBM","Clinical incidence
(per person-year)"
22.027397260274,0.0851424483702414,"IBM","Clinical incidence
(per person-year)"
22.1095890410959,0.0170512940297113,"IBM","Clinical incidence
(per person-year)"
22.1917808219178,0,"IBM","Clinical incidence
(per person-year)"
22.2739726027397,0.0112520615934769,"IBM","Clinical incidence
(per person-year)"
22.3561643835616,0.427354377532313,"IBM","Clinical incidence
(per person-year)"
22.4383561643836,0.766581731140452,"IBM","Clinical incidence
(per person-year)"
22.5205479452055,1.27742934572203,"IBM","Clinical incidence
(per person-year)"
22.6027397260274,1.76194823077994,"IBM","Clinical incidence
(per person-year)"
22.6849315068493,2.68093067660374,"IBM","Clinical incidence
(per person-year)"
22.7671232876712,2.96478624063505,"IBM","Clinical incidence
(per person-year)"
22.8493150684932,2.51047823750672,"IBM","Clinical incidence
(per person-year)"
22.9315068493151,0.875878724484302,"IBM","Clinical incidence
(per person-year)"
23.013698630137,0.0673991321207645,"IBM","Clinical incidence
(per person-year)"
23.0958904109589,0.0168911101855708,"IBM","Clinical incidence
(per person-year)"
23.1780821917808,0,"IBM","Clinical incidence
(per person-year)"
23.2602739726027,0.00570125427594071,"IBM","Clinical incidence
(per person-year)"
23.3424657534247,0.286018775369474,"IBM","Clinical incidence
(per person-year)"
23.4246575342466,1.02031733141768,"IBM","Clinical incidence
(per person-year)"
23.5068493150685,1.26840784778171,"IBM","Clinical incidence
(per person-year)"
23.5890410958904,1.69979684325676,"IBM","Clinical incidence
(per person-year)"
23.6712328767123,2.61431877893156,"IBM","Clinical incidence
(per person-year)"
23.7534246575342,3.00836650908186,"IBM","Clinical incidence
(per person-year)"
23.8356164383562,2.57604430036141,"IBM","Clinical incidence
(per person-year)"
23.9178082191781,1.29330486314193,"IBM","Clinical incidence
(per person-year)"
24,0.185102655520039,"IBM","Clinical incidence
(per person-year)"
24.0821917808219,0.00558488256445567,"IBM","Clinical incidence
(per person-year)"
24.1643835616438,0,"IBM","Clinical incidence
(per person-year)"
24.2465753424658,0,"IBM","Clinical incidence
(per person-year)"
24.3287671232877,0.213348510252111,"IBM","Clinical incidence
(per person-year)"
24.4109589041096,0.788933318923592,"IBM","Clinical incidence
(per person-year)"
24.4931506849315,1.19437541482087,"IBM","Clinical incidence
(per person-year)"
24.5753424657534,1.53802383698577,"IBM","Clinical incidence
(per person-year)"
24.6575342465753,2.4122887723495,"IBM","Clinical incidence
(per person-year)"
24.7397260273973,3.31680428064025,"IBM","Clinical incidence
(per person-year)"
24.8219178082192,2.66676899462778,"IBM","Clinical incidence
(per person-year)"
24.9041095890411,1.596969557408,"IBM","Clinical incidence
(per person-year)"
24.986301369863,0.24100178121737,"IBM","Clinical incidence
(per person-year)"
25.0684931506849,0.00563367238265755,"IBM","Clinical incidence
(per person-year)"
25.1506849315068,0,"IBM","Clinical incidence
(per person-year)"
25.2328767123288,0,"IBM","Clinical incidence
(per person-year)"
25.3150684931507,0.0851239155446376,"IBM","Clinical incidence
(per person-year)"
25.3972602739726,0.691964632573462,"IBM","Clinical incidence
(per person-year)"
25.4794520547945,1.18660598179454,"IBM","Clinical incidence
(per person-year)"
25.5616438356164,1.47298028604561,"IBM","Clinical incidence
(per person-year)"
25.6438356164384,2.24726575189889,"IBM","Clinical incidence
(per person-year)"
25.7260273972603,3.20116009280743,"IBM","Clinical incidence
(per person-year)"
25.8082191780822,3.0902410986143,"IBM","Clinical incidence
(per person-year)"
25.8904109589041,1.93712537462537,"IBM","Clinical incidence
(per person-year)"
25.972602739726,0.285160705636026,"IBM","Clinical incidence
(per person-year)"
26.0547945205479,0.0171021600262389,"IBM","Clinical incidence
(per person-year)"
26.1369863013699,0,"IBM","Clinical incidence
(per person-year)"
26.2191780821918,0.011327840106761,"IBM","Clinical incidence
(per person-year)"
26.3013698630137,0.0283327899647587,"IBM","Clinical incidence
(per person-year)"
26.3835616438356,0.573408408641956,"IBM","Clinical incidence
(per person-year)"
26.4657534246575,0.943035019455253,"IBM","Clinical incidence
(per person-year)"
26.5479452054795,1.46488294314381,"IBM","Clinical incidence
(per person-year)"
26.6301369863014,2.07972364539668,"IBM","Clinical incidence
(per person-year)"
26.7123287671233,3.13821629409304,"IBM","Clinical incidence
(per person-year)"
26.7945205479452,3.0781155533508,"IBM","Clinical incidence
(per person-year)"
26.8767123287671,2.04225242355288,"IBM","Clinical incidence
(per person-year)"
26.958904109589,0.533625730994152,"IBM","Clinical incidence
(per person-year)"
27.041095890411,0.0283636137575183,"IBM","Clinical incidence
(per person-year)"
27.1232876712329,0,"IBM","Clinical incidence
(per person-year)"
27.2054794520548,0.00566822995931298,"IBM","Clinical incidence
(per person-year)"
27.2876712328767,0.0113403343068415,"IBM","Clinical incidence
(per person-year)"
27.3698630136986,0.51554472503764,"IBM","Clinical incidence
(per person-year)"
27.4520547945205,1.04378098627667,"IBM","Clinical incidence
(per person-year)"
27.5342465753425,1.47216382465156,"IBM","Clinical incidence
(per person-year)"
27.6164383561644,1.85950929832786,"IBM","Clinical incidence
(per person-year)"
27.6986301369863,2.70086981008104,"IBM","Clinical incidence
(per person-year)"
27.7808219178082,3.1293531561358,"IBM","Clinical incidence
(per person-year)"
27.8630136986301,2.09252374406398,"IBM","Clinical incidence
(per person-year)"
27.9452054794521,0.638999609222353,"IBM","Clinical incidence
(per person-year)"
28.027397260274,0.0570383797974747,"IBM","Clinical incidence
(per person-year)"
28.1095890410959,0.0227669660678643,"IBM","Clinical incidence
(per person-year)"
28.1917808219178,0.0113417438319558,"IBM","Clinical incidence
(per person-year)"
28.2739726027397,0.00566867011446055,"IBM","Clinical incidence
(per person-year)"
28.3561643835616,0.385421681134214,"IBM","Clinical incidence
(per person-year)"
28.4383561643836,1.09318940504789,"IBM","Clinical incidence
(per person-year)"
28.5205479452055,1.37160276300812,"IBM","Clinical incidence
(per person-year)"
28.6027397260274,1.86285340843668,"IBM","Clinical incidence
(per person-year)"
28.6849315068493,2.53334163307863,"IBM","Clinical incidence
(per person-year)"
28.7671232876712,3.27300656550692,"IBM","Clinical incidence
(per person-year)"
28.8493150684932,2.47060107926011,"IBM","Clinical incidence
(per person-year)"
28.9315068493151,1.07657854489841,"IBM","Clinical incidence
(per person-year)"
29.013698630137,0.0912642600406314,"IBM","Clinical incidence
(per person-year)"
29.0958904109589,0.0114292871569257,"IBM","Clinical incidence
(per person-year)"
29.1780821917808,0,"IBM","Clinical incidence
(per person-year)"
29.2602739726027,0.0114066064564518,"IBM","Clinical incidence
(per person-year)"
29.3424657534247,0.245533619098276,"IBM","Clinical incidence
(per person-year)"
29.4246575342466,0.895894565693202,"IBM","Clinical incidence
(per person-year)"
29.5068493150685,1.26352721035397,"IBM","Clinical incidence
(per person-year)"
29.5890410958904,1.74790977725089,"IBM","Clinical incidence
(per person-year)"
29.6712328767123,2.61018929656462,"IBM","Clinical incidence
(per person-year)"
29.7534246575342,3.13941668621472,"IBM","Clinical incidence
(per person-year)"
29.8356164383562,2.51468520543665,"IBM","Clinical incidence
(per person-year)"
29.9178082191781,1.22644015878473,"IBM","Clinical incidence
(per person-year)"
30,0.119904264305603,"IBM","Clinical incidence
(per person-year)"
30.0821917808219,0.0228164215724578,"IBM","Clinical incidence
(per person-year)"
30.1643835616438,0,"IBM","Clinical incidence
(per person-year)"
30.2465753424658,0,"IBM","Clinical incidence
(per person-year)"
30.3287671232877,0.1710563314275,"IBM","Clinical incidence
(per person-year)"
30.4109589041096,0.793341777298244,"IBM","Clinical incidence
(per person-year)"
30.4931506849315,0.817270805605574,"IBM","Clinical incidence
(per person-year)"
30.5753424657534,0.382360298946183,"IBM","Clinical incidence
(per person-year)"
30.6575342465753,0.501843634772827,"IBM","Clinical incidence
(per person-year)"
30.7397260273973,0.767738618304197,"IBM","Clinical incidence
(per person-year)"
30.8219178082192,1.07647889728824,"IBM","Clinical incidence
(per person-year)"
30.9041095890411,1.46912102940262,"IBM","Clinical incidence
(per person-year)"
30.986301369863,0.305661957415133,"IBM","Clinical incidence
(per person-year)"
31.0684931506849,0.0168765316030393,"IBM","Clinical incidence
(per person-year)"
31.1506849315068,0.00563097809318112,"IBM","Clinical incidence
(per person-year)"
31.2328767123288,0,"IBM","Clinical incidence
(per person-year)"
31.3150684931507,0.123250245579568,"IBM","Clinical incidence
(per person-year)"
31.3972602739726,0.675419413051125,"IBM","Clinical incidence
(per person-year)"
31.4794520547945,0.971323698095894,"IBM","Clinical incidence
(per person-year)"
31.5616438356164,0.381365047171261,"IBM","Clinical incidence
(per person-year)"
31.6438356164384,0.498236196319018,"IBM","Clinical incidence
(per person-year)"
31.7260273972603,0.710323480286244,"IBM","Clinical incidence
(per person-year)"
31.8082191780822,0.915346504373356,"IBM","Clinical incidence
(per person-year)"
31.8904109589041,1.87860699547746,"IBM","Clinical incidence
(per person-year)"
31.972602739726,0.390947761422407,"IBM","Clinical incidence
(per person-year)"
32.0547945205479,0.0111983800699515,"IBM","Clinical incidence
(per person-year)"
32.1369863013699,0.0168435625288417,"IBM","Clinical incidence
(per person-year)"
32.2191780821918,0,"IBM","Clinical incidence
(per person-year)"
32.3013698630137,0.0449292979027865,"IBM","Clinical incidence
(per person-year)"
32.3835616438356,0.69164997689108,"IBM","Clinical incidence
(per person-year)"
32.4657534246575,1.18108416284015,"IBM","Clinical incidence
(per person-year)"
32.5479452054795,0.417794552119909,"IBM","Clinical incidence
(per person-year)"
32.6301369863014,0.50667859456458,"IBM","Clinical incidence
(per person-year)"
32.7123287671233,0.72845274378452,"IBM","Clinical incidence
(per person-year)"
32.7945205479452,0.768754258811869,"IBM","Clinical incidence
(per person-year)"
32.8767123287671,1.88914638856701,"IBM","Clinical incidence
(per person-year)"
32.958904109589,0.947407453185835,"IBM","Clinical incidence
(per person-year)"
0,22.9733131923464,"IBM","Severe incidence
(per 1000 person-years)"
0.0821917808219178,11.5013155614375,"IBM","Severe incidence
(per 1000 person-years)"
0.164383561643836,0,"IBM","Severe incidence
(per 1000 person-years)"
0.246575342465753,0,"IBM","Severe incidence
(per 1000 person-years)"
0.328767123287671,11.4128480527805,"IBM","Severe incidence
(per 1000 person-years)"
0.410958904109589,17.0105014602622,"IBM","Severe incidence
(per 1000 person-years)"
0.493150684931507,28.3187213903328,"IBM","Severe incidence
(per 1000 person-years)"
0.575342465753425,90.690270983772,"IBM","Severe incidence
(per 1000 person-years)"
0.657534246575342,85.1742377100187,"IBM","Severe incidence
(per 1000 person-years)"
0.73972602739726,79.1315659068384,"IBM","Severe incidence
(per 1000 person-years)"
0.821917808219178,62.0345477581039,"IBM","Severe incidence
(per 1000 person-years)"
0.904109589041096,61.6241769373628,"IBM","Severe incidence
(per 1000 person-years)"
0.986301369863014,5.5846262125524,"IBM","Severe incidence
(per 1000 person-years)"
1.06849315068493,0,"IBM","Severe incidence
(per 1000 person-years)"
1.15068493150685,0,"IBM","Severe incidence
(per 1000 person-years)"
1.23287671232877,0,"IBM","Severe incidence
(per 1000 person-years)"
1.31506849315068,5.61124092977494,"IBM","Severe incidence
(per 1000 person-years)"
1.3972602739726,16.7877840125104,"IBM","Severe incidence
(per 1000 person-years)"
1.47945205479452,22.3391884448253,"IBM","Severe incidence
(per 1000 person-years)"
1.56164383561644,39.0792291220557,"IBM","Severe incidence
(per 1000 person-years)"
1.64383561643836,50.624133148405,"IBM","Severe incidence
(per 1000 person-years)"
1.72602739726027,112.969869543014,"IBM","Severe incidence
(per 1000 person-years)"
1.80821917808219,67.6071990862223,"IBM","Severe incidence
(per 1000 person-years)"
1.89041095890411,39.4588500563698,"IBM","Severe incidence
(per 1000 person-years)"
1.97260273972603,28.2516486578532,"IBM","Severe incidence
(per 1000 person-years)"
2.05479452054795,0,"IBM","Severe incidence
(per 1000 person-years)"
2.13698630136986,0,"IBM","Severe incidence
(per 1000 person-years)"
2.21917808219178,0,"IBM","Severe incidence
(per 1000 person-years)"
2.3013698630137,5.67792918922282,"IBM","Severe incidence
(per 1000 person-years)"
2.38356164383562,11.3767415765359,"IBM","Severe incidence
(per 1000 person-years)"
2.46575342465753,17.1538678447222,"IBM","Severe incidence
(per 1000 person-years)"
2.54794520547945,22.825696105561,"IBM","Severe incidence
(per 1000 person-years)"
2.63013698630137,74.5553390735969,"IBM","Severe incidence
(per 1000 person-years)"
2.71232876712329,86.1946819062013,"IBM","Severe incidence
(per 1000 person-years)"
2.79452054794521,114.825009830908,"IBM","Severe incidence
(per 1000 person-years)"
2.87671232876712,74.6820700075548,"IBM","Severe incidence
(per 1000 person-years)"
2.95890410958904,23.0625849050643,"IBM","Severe incidence
(per 1000 person-years)"
3.04109589041096,0,"IBM","Severe incidence
(per 1000 person-years)"
3.12328767123288,0,"IBM","Severe incidence
(per 1000 person-years)"
3.20547945205479,0,"IBM","Severe incidence
(per 1000 person-years)"
3.28767123287671,0,"IBM","Severe incidence
(per 1000 person-years)"
3.36986301369863,17.3638641337097,"IBM","Severe incidence
(per 1000 person-years)"
3.45205479452055,29.001859297281,"IBM","Severe incidence
(per 1000 person-years)"
3.53424657534247,23.1830668339235,"IBM","Severe incidence
(per 1000 person-years)"
3.61643835616438,98.3063736751216,"IBM","Severe incidence
(per 1000 person-years)"
3.6986301369863,115.301996461966,"IBM","Severe incidence
(per 1000 person-years)"
3.78082191780822,98.1757195069854,"IBM","Severe incidence
(per 1000 person-years)"
3.86301369863014,75.428807604877,"IBM","Severe incidence
(per 1000 person-years)"
3.94520547945205,34.8676145138436,"IBM","Severe incidence
(per 1000 person-years)"
4.02739726027397,0,"IBM","Severe incidence
(per 1000 person-years)"
4.10958904109589,0,"IBM","Severe incidence
(per 1000 person-years)"
4.19178082191781,0,"IBM","Severe incidence
(per 1000 person-years)"
4.27397260273973,0,"IBM","Severe incidence
(per 1000 person-years)"
4.35616438356164,11.6264254316111,"IBM","Severe incidence
(per 1000 person-years)"
4.43835616438356,40.6335978625614,"IBM","Severe incidence
(per 1000 person-years)"
4.52054794520548,28.8528425978625,"IBM","Severe incidence
(per 1000 person-years)"
4.6027397260274,63.0753762528671,"IBM","Severe incidence
(per 1000 person-years)"
4.68493150684932,109.159308054336,"IBM","Severe incidence
(per 1000 person-years)"
4.76712328767123,97.764262868487,"IBM","Severe incidence
(per 1000 person-years)"
4.84931506849315,62.9932378367353,"IBM","Severe incidence
(per 1000 person-years)"
4.93150684931507,34.2364031453718,"IBM","Severe incidence
(per 1000 person-years)"
5.01369863013699,0,"IBM","Severe incidence
(per 1000 person-years)"
5.0958904109589,0,"IBM","Severe incidence
(per 1000 person-years)"
5.17808219178082,0,"IBM","Severe incidence
(per 1000 person-years)"
5.26027397260274,0,"IBM","Severe incidence
(per 1000 person-years)"
5.34246575342466,0,"IBM","Severe incidence
(per 1000 person-years)"
5.42465753424658,28.8032070200912,"IBM","Severe incidence
(per 1000 person-years)"
5.50684931506849,17.3076011190668,"IBM","Severe incidence
(per 1000 person-years)"
5.58904109589041,69.0524988175942,"IBM","Severe incidence
(per 1000 person-years)"
5.67123287671233,74.9794576828266,"IBM","Severe incidence
(per 1000 person-years)"
5.75342465753425,156.306999317991,"IBM","Severe incidence
(per 1000 person-years)"
5.83561643835616,116.156955096585,"IBM","Severe incidence
(per 1000 person-years)"
5.91780821917808,40.8401400233372,"IBM","Severe incidence
(per 1000 person-years)"
6,5.84345932792213,"IBM","Severe incidence
(per 1000 person-years)"
6.08219178082192,0,"IBM","Severe incidence
(per 1000 person-years)"
6.16438356164384,0,"IBM","Severe incidence
(per 1000 person-years)"
6.24657534246575,0,"IBM","Severe incidence
(per 1000 person-years)"
6.32876712328767,5.84785952319918,"IBM","Severe incidence
(per 1000 person-years)"
6.41095890410959,35.2039094021765,"IBM","Severe incidence
(per 1000 person-years)"
6.49315068493151,53.0206433494198,"IBM","Severe incidence
(per 1000 person-years)"
6.57534246575342,53.0446156081965,"IBM","Severe incidence
(per 1000 person-years)"
6.65753424657534,52.9462961769067,"IBM","Severe incidence
(per 1000 person-years)"
6.73972602739726,88.1585727167332,"IBM","Severe incidence
(per 1000 person-years)"
6.82191780821918,64.952923285987,"IBM","Severe incidence
(per 1000 person-years)"
6.9041095890411,5.89498845228289,"IBM","Severe incidence
(per 1000 person-years)"
6.98630136986301,5.88149986303357,"IBM","Severe incidence
(per 1000 person-years)"
7.06849315068493,5.89070720764339,"IBM","Severe incidence
(per 1000 person-years)"
7.15068493150685,0,"IBM","Severe incidence
(per 1000 person-years)"
7.23287671232877,0,"IBM","Severe incidence
(per 1000 person-years)"
7.31506849315068,5.91150557139155,"IBM","Severe incidence
(per 1000 person-years)"
7.3972602739726,29.6150850318058,"IBM","Severe incidence
(per 1000 person-years)"
7.47945205479452,23.6809238804276,"IBM","Severe incidence
(per 1000 person-years)"
7.56164383561644,41.467175200844,"IBM","Severe incidence
(per 1000 person-years)"
7.64383561643836,47.262956848273,"IBM","Severe incidence
(per 1000 person-years)"
7.72602739726027,88.6855106503604,"IBM","Severe incidence
(per 1000 person-years)"
7.80821917808219,94.6899067693555,"IBM","Severe incidence
(per 1000 person-years)"
7.89041095890411,41.1592241768155,"IBM","Severe incidence
(per 1000 person-years)"
7.97260273972603,0,"IBM","Severe incidence
(per 1000 person-years)"
8.05479452054795,0,"IBM","Severe incidence
(per 1000 person-years)"
8.13698630136986,0,"IBM","Severe incidence
(per 1000 person-years)"
8.21917808219178,0,"IBM","Severe incidence
(per 1000 person-years)"
8.3013698630137,0,"IBM","Severe incidence
(per 1000 person-years)"
8.38356164383562,5.88633724680686,"IBM","Severe incidence
(per 1000 person-years)"
8.46575342465753,41.1651924533166,"IBM","Severe incidence
(per 1000 person-years)"
8.54794520547945,40.9533884721421,"IBM","Severe incidence
(per 1000 person-years)"
8.63013698630137,81.8346331854652,"IBM","Severe incidence
(per 1000 person-years)"
8.71232876712329,76.2175533281933,"IBM","Severe incidence
(per 1000 person-years)"
8.79452054794521,110.961775388406,"IBM","Severe incidence
(per 1000 person-years)"
8.87671232876712,63.9158189662034,"IBM","Severe incidence
(per 1000 person-years)"
8.95890410958904,5.80101716465353,"IBM","Severe incidence
(per 1000 person-years)"
9.04109589041096,0,"IBM","Severe incidence
(per 1000 person-years)"
9.12328767123288,0,"IBM","Severe incidence
(per 1000 person-years)"
9.20547945205479,0,"IBM","Severe incidence
(per 1000 person-years)"
9.28767123287671,0,"IBM","Severe incidence
(per 1000 person-years)"
9.36986301369863,28.5902276252095,"IBM","Severe incidence
(per 1000 person-years)"
9.45205479452055,34.3373210617915,"IBM","Severe incidence
(per 1000 person-years)"
9.53424657534247,28.7139305830895,"IBM","Severe incidence
(per 1000 person-years)"
9.61643835616438,63.2632159457969,"IBM","Severe incidence
(per 1000 person-years)"
9.6986301369863,97.3730462620049,"IBM","Severe incidence
(per 1000 person-years)"
9.78082191780822,74.5272350317271,"IBM","Severe incidence
(per 1000 person-years)"
9.86301369863014,86.3428481312096,"IBM","Severe incidence
(per 1000 person-years)"
9.94520547945205,17.2389363812403,"IBM","Severe incidence
(per 1000 person-years)"
10.027397260274,0,"IBM","Severe incidence
(per 1000 person-years)"
10.1095890410959,0,"IBM","Severe incidence
(per 1000 person-years)"
10.1917808219178,0,"IBM","Severe incidence
(per 1000 person-years)"
10.2739726027397,0,"IBM","Severe incidence
(per 1000 person-years)"
10.3561643835616,17.0226657961011,"IBM","Severe incidence
(per 1000 person-years)"
10.4383561643836,45.2853598014888,"IBM","Severe incidence
(per 1000 person-years)"
10.5205479452055,90.4150733074267,"IBM","Severe incidence
(per 1000 person-years)"
10.6027397260274,62.4834648365159,"IBM","Severe incidence
(per 1000 person-years)"
10.6849315068493,79.341666019719,"IBM","Severe incidence
(per 1000 person-years)"
10.7671232876712,129.847029526859,"IBM","Severe incidence
(per 1000 person-years)"
10.8493150684932,67.9680953415474,"IBM","Severe incidence
(per 1000 person-years)"
10.9315068493151,33.9803565610017,"IBM","Severe incidence
(per 1000 person-years)"
11.013698630137,0,"IBM","Severe incidence
(per 1000 person-years)"
11.0958904109589,0,"IBM","Severe incidence
(per 1000 person-years)"
11.1780821917808,0,"IBM","Severe incidence
(per 1000 person-years)"
11.2602739726027,5.7222588028721,"IBM","Severe incidence
(per 1000 person-years)"
11.3424657534247,11.4351953381998,"IBM","Severe incidence
(per 1000 person-years)"
11.4246575342466,40.0545557158086,"IBM","Severe incidence
(per 1000 person-years)"
11.5068493150685,28.5281060463953,"IBM","Severe incidence
(per 1000 person-years)"
11.5890410958904,34.2139386648753,"IBM","Severe incidence
(per 1000 person-years)"
11.6712328767123,91.238595175603,"IBM","Severe incidence
(per 1000 person-years)"
11.7534246575342,113.870343794846,"IBM","Severe incidence
(per 1000 person-years)"
11.8356164383562,96.5007776049767,"IBM","Severe incidence
(per 1000 person-years)"
11.9178082191781,67.7211373440327,"IBM","Severe incidence
(per 1000 person-years)"
12,5.64002719574757,"IBM","Severe incidence
(per 1000 person-years)"
12.0821917808219,0,"IBM","Severe incidence
(per 1000 person-years)"
12.1643835616438,0,"IBM","Severe incidence
(per 1000 person-years)"
12.2465753424658,0,"IBM","Severe incidence
(per 1000 person-years)"
12.3287671232877,11.3011843021906,"IBM","Severe incidence
(per 1000 person-years)"
12.4109589041096,16.9649082035789,"IBM","Severe incidence
(per 1000 person-years)"
12.4931506849315,62.4679103200411,"IBM","Severe incidence
(per 1000 person-years)"
12.5753424657534,79.8537317164646,"IBM","Severe incidence
(per 1000 person-years)"
12.6575342465753,131.290857339464,"IBM","Severe incidence
(per 1000 person-years)"
12.7397260273973,114.105289483556,"IBM","Severe incidence
(per 1000 person-years)"
12.8219178082192,125.280828756865,"IBM","Severe incidence
(per 1000 person-years)"
12.9041095890411,45.5204452273684,"IBM","Severe incidence
(per 1000 person-years)"
12.986301369863,22.7219671620886,"IBM","Severe incidence
(per 1000 person-years)"
13.0684931506849,0,"IBM","Severe incidence
(per 1000 person-years)"
13.1506849315068,0,"IBM","Severe incidence
(per 1000 person-years)"
13.2328767123288,0,"IBM","Severe incidence
(per 1000 person-years)"
13.3150684931507,0,"IBM","Severe incidence
(per 1000 person-years)"
13.3972602739726,22.6771457860893,"IBM","Severe incidence
(per 1000 person-years)"
13.4794520547945,51.0537113017531,"IBM","Severe incidence
(per 1000 person-years)"
13.5616438356164,56.928067876973,"IBM","Severe incidence
(per 1000 person-years)"
13.6438356164384,97.1246106406624,"IBM","Severe incidence
(per 1000 person-years)"
13.7260273972603,125.826569306465,"IBM","Severe incidence
(per 1000 person-years)"
13.8082191780822,91.7344726838616,"IBM","Severe incidence
(per 1000 person-years)"
13.8904109589041,45.8967950833844,"IBM","Severe incidence
(per 1000 person-years)"
13.972602739726,0,"IBM","Severe incidence
(per 1000 person-years)"
14.0547945205479,0,"IBM","Severe incidence
(per 1000 person-years)"
14.1369863013699,0,"IBM","Severe incidence
(per 1000 person-years)"
14.2191780821918,0,"IBM","Severe incidence
(per 1000 person-years)"
14.3013698630137,0,"IBM","Severe incidence
(per 1000 person-years)"
14.3835616438356,17.0616556817651,"IBM","Severe incidence
(per 1000 person-years)"
14.4657534246575,45.3810767126694,"IBM","Severe incidence
(per 1000 person-years)"
14.5479452054795,56.6603020847887,"IBM","Severe incidence
(per 1000 person-years)"
14.6301369863014,39.6967201653124,"IBM","Severe incidence
(per 1000 person-years)"
14.7123287671233,62.4513921294136,"IBM","Severe incidence
(per 1000 person-years)"
14.7945205479452,131.112464664449,"IBM","Severe incidence
(per 1000 person-years)"
14.8767123287671,57.1714988330749,"IBM","Severe incidence
(per 1000 person-years)"
14.958904109589,11.4614080261257,"IBM","Severe incidence
(per 1000 person-years)"
15.041095890411,0,"IBM","Severe incidence
(per 1000 person-years)"
15.1232876712329,0,"IBM","Severe incidence
(per 1000 person-years)"
15.2054794520548,0,"IBM","Severe incidence
(per 1000 person-years)"
15.2876712328767,0,"IBM","Severe incidence
(per 1000 person-years)"
15.3698630136986,0,"IBM","Severe incidence
(per 1000 person-years)"
15.4520547945205,22.9451516580229,"IBM","Severe incidence
(per 1000 person-years)"
15.5342465753425,85.8419567262465,"IBM","Severe incidence
(per 1000 person-years)"
15.6164383561644,62.4795754812406,"IBM","Severe incidence
(per 1000 person-years)"
15.6986301369863,84.9667116718655,"IBM","Severe incidence
(per 1000 person-years)"
15.7808219178082,107.922625624426,"IBM","Severe incidence
(per 1000 person-years)"
15.8630136986301,62.2403422831277,"IBM","Severe incidence
(per 1000 person-years)"
15.9452054794521,28.2674018772653,"IBM","Severe incidence
(per 1000 person-years)"
16.027397260274,0,"IBM","Severe incidence
(per 1000 person-years)"
16.1095890410959,0,"IBM","Severe incidence
(per 1000 person-years)"
16.1917808219178,0,"IBM","Severe incidence
(per 1000 person-years)"
16.2739726027397,0,"IBM","Severe incidence
(per 1000 person-years)"
16.3561643835616,11.1867108005394,"IBM","Severe incidence
(per 1000 person-years)"
16.4383561643836,44.7187466499227,"IBM","Severe incidence
(per 1000 person-years)"
16.5205479452055,50.430617602358,"IBM","Severe incidence
(per 1000 person-years)"
16.6027397260274,61.696144567205,"IBM","Severe incidence
(per 1000 person-years)"
16.6849315068493,111.988954514075,"IBM","Severe incidence
(per 1000 person-years)"
16.7671232876712,111.73013346394,"IBM","Severe incidence
(per 1000 person-years)"
16.8493150684932,61.426189128406,"IBM","Severe incidence
(per 1000 person-years)"
16.9315068493151,16.7099038608271,"IBM","Severe incidence
(per 1000 person-years)"
17.013698630137,0,"IBM","Severe incidence
(per 1000 person-years)"
17.0958904109589,0,"IBM","Severe incidence
(per 1000 person-years)"
17.1780821917808,0,"IBM","Severe incidence
(per 1000 person-years)"
17.2602739726027,0,"IBM","Severe incidence
(per 1000 person-years)"
17.3424657534247,0,"IBM","Severe incidence
(per 1000 person-years)"
17.4246575342466,33.331304030196,"IBM","Severe incidence
(per 1000 person-years)"
17.5068493150685,55.5234415406614,"IBM","Severe incidence
(per 1000 person-years)"
17.5890410958904,88.7632422902132,"IBM","Severe incidence
(per 1000 person-years)"
17.6712328767123,99.7328313801688,"IBM","Severe incidence
(per 1000 person-years)"
17.7534246575342,99.5786474279305,"IBM","Severe incidence
(per 1000 person-years)"
17.8356164383562,66.5542234580845,"IBM","Severe incidence
(per 1000 person-years)"
17.9178082191781,16.6517130734956,"IBM","Severe incidence
(per 1000 person-years)"
18,0,"IBM","Severe incidence
(per 1000 person-years)"
18.0821917808219,0,"IBM","Severe incidence
(per 1000 person-years)"
18.1643835616438,0,"IBM","Severe incidence
(per 1000 person-years)"
18.2465753424658,0,"IBM","Severe incidence
(per 1000 person-years)"
18.3287671232877,5.51217965175106,"IBM","Severe incidence
(per 1000 person-years)"
18.4109589041096,16.5786007358173,"IBM","Severe incidence
(per 1000 person-years)"
18.4931506849315,33.0915684496827,"IBM","Severe incidence
(per 1000 person-years)"
18.5753424657534,33.0605959964977,"IBM","Severe incidence
(per 1000 person-years)"
18.6575342465753,87.7575247569387,"IBM","Severe incidence
(per 1000 person-years)"
18.7397260273973,87.6403145446906,"IBM","Severe incidence
(per 1000 person-years)"
18.8219178082192,131.79472520198,"IBM","Severe incidence
(per 1000 person-years)"
18.9041095890411,49.5213688098289,"IBM","Severe incidence
(per 1000 person-years)"
18.986301369863,0,"IBM","Severe incidence
(per 1000 person-years)"
19.0684931506849,0,"IBM","Severe incidence
(per 1000 person-years)"
19.1506849315068,0,"IBM","Severe incidence
(per 1000 person-years)"
19.2328767123288,0,"IBM","Severe incidence
(per 1000 person-years)"
19.3150684931507,5.57745790165337,"IBM","Severe incidence
(per 1000 person-years)"
19.3972602739726,0,"IBM","Severe incidence
(per 1000 person-years)"
19.4794520547945,27.8872895082669,"IBM","Severe incidence
(per 1000 person-years)"
19.5616438356164,44.7461575003448,"IBM","Severe incidence
(per 1000 person-years)"
19.6438356164384,61.6412067244953,"IBM","Severe incidence
(per 1000 person-years)"
19.7260273972603,78.3778394711413,"IBM","Severe incidence
(per 1000 person-years)"
19.8082191780822,66.7988409333537,"IBM","Severe incidence
(per 1000 person-years)"
19.8904109589041,38.7926453395685,"IBM","Severe incidence
(per 1000 person-years)"
19.972602739726,16.5999636165181,"IBM","Severe incidence
(per 1000 person-years)"
20.0547945205479,5.52477825205098,"IBM","Severe incidence
(per 1000 person-years)"
20.1369863013699,0,"IBM","Severe incidence
(per 1000 person-years)"
20.2191780821918,0,"IBM","Severe incidence
(per 1000 person-years)"
20.3013698630137,5.53793867301886,"IBM","Severe incidence
(per 1000 person-years)"
20.3835616438356,22.1813706871667,"IBM","Severe incidence
(per 1000 person-years)"
20.4657534246575,49.7034436845609,"IBM","Severe incidence
(per 1000 person-years)"
20.5479452054795,49.729026007448,"IBM","Severe incidence
(per 1000 person-years)"
20.6301369863014,60.9469162226574,"IBM","Severe incidence
(per 1000 person-years)"
20.7123287671233,105.889178996229,"IBM","Severe incidence
(per 1000 person-years)"
20.7945205479452,94.6086054950752,"IBM","Severe incidence
(per 1000 person-years)"
20.8767123287671,55.7149835144706,"IBM","Severe incidence
(per 1000 person-years)"
20.958904109589,22.3060822269415,"IBM","Severe incidence
(per 1000 person-years)"
21.041095890411,0,"IBM","Severe incidence
(per 1000 person-years)"
21.1232876712329,0,"IBM","Severe incidence
(per 1000 person-years)"
21.2054794520548,0,"IBM","Severe incidence
(per 1000 person-years)"
21.2876712328767,0,"IBM","Severe incidence
(per 1000 person-years)"
21.3698630136986,0,"IBM","Severe incidence
(per 1000 person-years)"
21.4520547945205,11.3218667121609,"IBM","Severe incidence
(per 1000 person-years)"
21.5342465753425,11.3162504456742,"IBM","Severe incidence
(per 1000 person-years)"
21.6164383561644,56.6014328691499,"IBM","Severe incidence
(per 1000 person-years)"
21.6986301369863,90.8793825181681,"IBM","Severe incidence
(per 1000 person-years)"
21.7808219178082,79.7042675318193,"IBM","Severe incidence
(per 1000 person-years)"
21.8630136986301,90.9020157210678,"IBM","Severe incidence
(per 1000 person-years)"
21.9452054794521,22.7797541034763,"IBM","Severe incidence
(per 1000 person-years)"
22.027397260274,5.67616322468276,"IBM","Severe incidence
(per 1000 person-years)"
22.1095890410959,0,"IBM","Severe incidence
(per 1000 person-years)"
22.1917808219178,0,"IBM","Severe incidence
(per 1000 person-years)"
22.2739726027397,0,"IBM","Severe incidence
(per 1000 person-years)"
22.3561643835616,11.2461678297977,"IBM","Severe incidence
(per 1000 person-years)"
22.4383561643836,39.4564126322292,"IBM","Severe incidence
(per 1000 person-years)"
22.5205479452055,56.5234223770809,"IBM","Severe incidence
(per 1000 person-years)"
22.6027397260274,50.8254297340368,"IBM","Severe incidence
(per 1000 person-years)"
22.6849315068493,129.269194050075,"IBM","Severe incidence
(per 1000 person-years)"
22.7671232876712,84.226881836223,"IBM","Severe incidence
(per 1000 person-years)"
22.8493150684932,95.2636831196745,"IBM","Severe incidence
(per 1000 person-years)"
22.9315068493151,50.5314648740944,"IBM","Severe incidence
(per 1000 person-years)"
23.013698630137,0,"IBM","Severe incidence
(per 1000 person-years)"
23.0958904109589,0,"IBM","Severe incidence
(per 1000 person-years)"
23.1780821917808,0,"IBM","Severe incidence
(per 1000 person-years)"
23.2602739726027,0,"IBM","Severe incidence
(per 1000 person-years)"
23.3424657534247,11.4407510147789,"IBM","Severe incidence
(per 1000 person-years)"
23.4246575342466,28.5004841178124,"IBM","Severe incidence
(per 1000 person-years)"
23.5068493150685,56.8792756852784,"IBM","Severe incidence
(per 1000 person-years)"
23.5890410958904,34.2240975152368,"IBM","Severe incidence
(per 1000 person-years)"
23.6712328767123,68.4974352558489,"IBM","Severe incidence
(per 1000 person-years)"
23.7534246575342,124.875590943021,"IBM","Severe incidence
(per 1000 person-years)"
23.8356164383562,84.9245373745521,"IBM","Severe incidence
(per 1000 person-years)"
23.9178082191781,33.8857169382166,"IBM","Severe incidence
(per 1000 person-years)"
24,5.60917137939513,"IBM","Severe incidence
(per 1000 person-years)"
24.0821917808219,0,"IBM","Severe incidence
(per 1000 person-years)"
24.1643835616438,0,"IBM","Severe incidence
(per 1000 person-years)"
24.2465753424658,0,"IBM","Severe incidence
(per 1000 person-years)"
24.3287671232877,0,"IBM","Severe incidence
(per 1000 person-years)"
24.4109589041096,5.63523799231137,"IBM","Severe incidence
(per 1000 person-years)"
24.4931506849315,16.9015388889746,"IBM","Severe incidence
(per 1000 person-years)"
24.5753424657534,72.9719338715879,"IBM","Severe incidence
(per 1000 person-years)"
24.6575342465753,50.3726193762076,"IBM","Severe incidence
(per 1000 person-years)"
24.7397260273973,84.1828497624429,"IBM","Severe incidence
(per 1000 person-years)"
24.8219178082192,50.4221028396009,"IBM","Severe incidence
(per 1000 person-years)"
24.9041095890411,44.8272156465405,"IBM","Severe incidence
(per 1000 person-years)"
24.986301369863,16.8140777593514,"IBM","Severe incidence
(per 1000 person-years)"
25.0684931506849,0,"IBM","Severe incidence
(per 1000 person-years)"
25.1506849315068,0,"IBM","Severe incidence
(per 1000 person-years)"
25.2328767123288,0,"IBM","Severe incidence
(per 1000 person-years)"
25.3150684931507,0,"IBM","Severe incidence
(per 1000 person-years)"
25.3972602739726,34.0310475036129,"IBM","Severe incidence
(per 1000 person-years)"
25.4794520547945,22.6020187008484,"IBM","Severe incidence
(per 1000 person-years)"
25.5616438356164,22.574410514109,"IBM","Severe incidence
(per 1000 person-years)"
25.6438356164384,67.75675633866,"IBM","Severe incidence
(per 1000 person-years)"
25.7260273972603,129.85305491106,"IBM","Severe incidence
(per 1000 person-years)"
25.8082191780822,113.403343068415,"IBM","Severe incidence
(per 1000 person-years)"
25.8904109589041,34.1845654345654,"IBM","Severe incidence
(per 1000 person-years)"
25.972602739726,5.70321411272051,"IBM","Severe incidence
(per 1000 person-years)"
26.0547945205479,0,"IBM","Severe incidence
(per 1000 person-years)"
26.1369863013699,5.68332217429893,"IBM","Severe incidence
(per 1000 person-years)"
26.2191780821918,0,"IBM","Severe incidence
(per 1000 person-years)"
26.3013698630137,0,"IBM","Severe incidence
(per 1000 person-years)"
26.3835616438356,11.3546219533061,"IBM","Severe incidence
(per 1000 person-years)"
26.4657534246575,22.7237354085603,"IBM","Severe incidence
(per 1000 person-years)"
26.5479452054795,45.422726919188,"IBM","Severe incidence
(per 1000 person-years)"
26.6301369863014,51.0013972985561,"IBM","Severe incidence
(per 1000 person-years)"
26.7123287671233,84.8166565971093,"IBM","Severe incidence
(per 1000 person-years)"
26.7945205479452,79.2162090935867,"IBM","Severe incidence
(per 1000 person-years)"
26.8767123287671,51.198528724167,"IBM","Severe incidence
(per 1000 person-years)"
26.958904109589,11.3537389573224,"IBM","Severe incidence
(per 1000 person-years)"
27.041095890411,0,"IBM","Severe incidence
(per 1000 person-years)"
27.1232876712329,0,"IBM","Severe incidence
(per 1000 person-years)"
27.2054794520548,0,"IBM","Severe incidence
(per 1000 person-years)"
27.2876712328767,0,"IBM","Severe incidence
(per 1000 person-years)"
27.3698630136986,22.6613065950611,"IBM","Severe incidence
(per 1000 person-years)"
27.4520547945205,34.036336509022,"IBM","Severe incidence
(per 1000 person-years)"
27.5342465753425,45.4722416880791,"IBM","Severe incidence
(per 1000 person-years)"
27.6164383561644,22.8160650101578,"IBM","Severe incidence
(per 1000 person-years)"
27.6986301369863,114.201683301524,"IBM","Severe incidence
(per 1000 person-years)"
27.7808219178082,91.2015491769997,"IBM","Severe incidence
(per 1000 person-years)"
27.8630136986301,62.7186953261685,"IBM","Severe incidence
(per 1000 person-years)"
27.9452054794521,5.705353653771,"IBM","Severe incidence
(per 1000 person-years)"
28.027397260274,0,"IBM","Severe incidence
(per 1000 person-years)"
28.1095890410959,0,"IBM","Severe incidence
(per 1000 person-years)"
28.1917808219178,0,"IBM","Severe incidence
(per 1000 person-years)"
28.2739726027397,0,"IBM","Severe incidence
(per 1000 person-years)"
28.3561643835616,5.66796589903256,"IBM","Severe incidence
(per 1000 person-years)"
28.4383561643836,34.1621689077465,"IBM","Severe incidence
(per 1000 person-years)"
28.5205479452055,62.6042754899973,"IBM","Severe incidence
(per 1000 person-years)"
28.6027397260274,51.114880109543,"IBM","Severe incidence
(per 1000 person-years)"
28.6849315068493,113.602763815185,"IBM","Severe incidence
(per 1000 person-years)"
28.7671232876712,96.7671506323784,"IBM","Severe incidence
(per 1000 person-years)"
28.8493150684932,79.6968090083908,"IBM","Severe incidence
(per 1000 person-years)"
28.9315068493151,39.8732794406817,"IBM","Severe incidence
(per 1000 person-years)"
29.013698630137,11.4080325050789,"IBM","Severe incidence
(per 1000 person-years)"
29.0958904109589,0,"IBM","Severe incidence
(per 1000 person-years)"
29.1780821917808,0,"IBM","Severe incidence
(per 1000 person-years)"
29.2602739726027,0,"IBM","Severe incidence
(per 1000 person-years)"
29.3424657534247,5.71008416507619,"IBM","Severe incidence
(per 1000 person-years)"
29.4246575342466,17.1190044399975,"IBM","Severe incidence
(per 1000 person-years)"
29.5068493150685,28.4578200530173,"IBM","Severe incidence
(per 1000 person-years)"
29.5890410958904,51.2416547076808,"IBM","Severe incidence
(per 1000 person-years)"
29.6712328767123,62.5535561268209,"IBM","Severe incidence
(per 1000 person-years)"
29.7534246575342,125.576667448589,"IBM","Severe incidence
(per 1000 person-years)"
29.8356164383562,131.151382596469,"IBM","Severe incidence
(per 1000 person-years)"
29.9178082191781,39.9306098208983,"IBM","Severe incidence
(per 1000 person-years)"
30,0,"IBM","Severe incidence
(per 1000 person-years)"
30.0821917808219,0,"IBM","Severe incidence
(per 1000 person-years)"
30.1643835616438,0,"IBM","Severe incidence
(per 1000 person-years)"
30.2465753424658,0,"IBM","Severe incidence
(per 1000 person-years)"
30.3287671232877,5.70187771425001,"IBM","Severe incidence
(per 1000 person-years)"
30.4109589041096,28.537474003534,"IBM","Severe incidence
(per 1000 person-years)"
30.4931506849315,34.2910827526814,"IBM","Severe incidence
(per 1000 person-years)"
30.5753424657534,17.1206104005754,"IBM","Severe incidence
(per 1000 person-years)"
30.6575342465753,28.5138428848197,"IBM","Severe incidence
(per 1000 person-years)"
30.7397260273973,17.0608581845377,"IBM","Severe incidence
(per 1000 person-years)"
30.8219178082192,67.9881408813623,"IBM","Severe incidence
(per 1000 person-years)"
30.9041095890411,68.067383601666,"IBM","Severe incidence
(per 1000 person-years)"
30.986301369863,0,"IBM","Severe incidence
(per 1000 person-years)"
31.0684931506849,0,"IBM","Severe incidence
(per 1000 person-years)"
31.1506849315068,0,"IBM","Severe incidence
(per 1000 person-years)"
31.2328767123288,0,"IBM","Severe incidence
(per 1000 person-years)"
31.3150684931507,16.8068516699411,"IBM","Severe incidence
(per 1000 person-years)"
31.3972602739726,5.58197862025723,"IBM","Severe incidence
(per 1000 person-years)"
31.4794520547945,27.9116005199969,"IBM","Severe incidence
(per 1000 person-years)"
31.5616438356164,11.2166190344488,"IBM","Severe incidence
(per 1000 person-years)"
31.6438356164384,0,"IBM","Severe incidence
(per 1000 person-years)"
31.7260273972603,22.3723930798817,"IBM","Severe incidence
(per 1000 person-years)"
31.8082191780822,33.4882867453667,"IBM","Severe incidence
(per 1000 person-years)"
31.8904109589041,66.696106348312,"IBM","Severe incidence
(per 1000 person-years)"
31.972602739726,5.5849680203201,"IBM","Severe incidence
(per 1000 person-years)"
32.0547945205479,0,"IBM","Severe incidence
(per 1000 person-years)"
32.1369863013699,0,"IBM","Severe incidence
(per 1000 person-years)"
32.2191780821918,0,"IBM","Severe incidence
(per 1000 person-years)"
32.3013698630137,5.61616223784832,"IBM","Severe incidence
(per 1000 person-years)"
32.3835616438356,33.7390232629795,"IBM","Severe incidence
(per 1000 person-years)"
32.4657534246575,50.6178926931493,"IBM","Severe incidence
(per 1000 person-years)"
32.5479452054795,45.1669786075577,"IBM","Severe incidence
(per 1000 person-years)"
32.6301369863014,16.889286485486,"IBM","Severe incidence
(per 1000 person-years)"
32.7123287671233,39.5284434611755,"IBM","Severe incidence
(per 1000 person-years)"
32.7945205479452,22.6104193768197,"IBM","Severe incidence
(per 1000 person-years)"
32.8767123287671,95.8671301660873,"IBM","Severe incidence
(per 1000 person-years)"
32.958904109589,67.6719609418454,"IBM","Severe incidence
(per 1000 person-years)"
0,1.15601845080658,"ODE","Clinical incidence
(per person-year)"
0.0821917808219178,0.312824879850056,"ODE","Clinical incidence
(per person-year)"
0.164383561643836,0.0185277312060198,"ODE","Clinical incidence
(per person-year)"
0.246575342465753,0.00465992705335281,"ODE","Clinical incidence
(per person-year)"
0.328767123287671,0.196171895228588,"ODE","Clinical incidence
(per person-year)"
0.410958904109589,0.844184754191156,"ODE","Clinical incidence
(per person-year)"
0.493150684931507,1.22670598775784,"ODE","Clinical incidence
(per person-year)"
0.575342465753425,1.55365534059711,"ODE","Clinical incidence
(per person-year)"
0.657534246575342,2.28445088579455,"ODE","Clinical incidence
(per person-year)"
0.73972602739726,2.97458239308476,"ODE","Clinical incidence
(per person-year)"
0.821917808219178,2.64609180728832,"ODE","Clinical incidence
(per person-year)"
0.904109589041096,1.29731126768509,"ODE","Clinical incidence
(per person-year)"
0.986301369863014,0.189293341554566,"ODE","Clinical incidence
(per person-year)"
1.06849315068493,0.0119464172176341,"ODE","Clinical incidence
(per person-year)"
1.15068493150685,0.00420173952011752,"ODE","Clinical incidence
(per person-year)"
1.23287671232877,0.00364095665500013,"ODE","Clinical incidence
(per person-year)"
1.31506849315068,0.107825415364388,"ODE","Clinical incidence
(per person-year)"
1.3972602739726,0.671467835673061,"ODE","Clinical incidence
(per person-year)"
1.47945205479452,1.09517409464817,"ODE","Clinical incidence
(per person-year)"
1.56164383561644,1.43404232305651,"ODE","Clinical incidence
(per person-year)"
1.64383561643836,2.12306918963059,"ODE","Clinical incidence
(per person-year)"
1.72602739726027,2.9281597759809,"ODE","Clinical incidence
(per person-year)"
1.80821917808219,2.82265603277005,"ODE","Clinical incidence
(per person-year)"
1.89041095890411,1.5782976414283,"ODE","Clinical incidence
(per person-year)"
1.97260273972603,0.296605419485729,"ODE","Clinical incidence
(per person-year)"
2.05479452054795,0.0182258450548801,"ODE","Clinical incidence
(per person-year)"
2.13698630136986,0.00453669661686274,"ODE","Clinical incidence
(per person-year)"
2.21917808219178,0.00376816666181692,"ODE","Clinical incidence
(per person-year)"
2.3013698630137,0.0601134053632986,"ODE","Clinical incidence
(per person-year)"
2.38356164383562,0.583190888155761,"ODE","Clinical incidence
(per person-year)"
2.46575342465753,1.05839922769637,"ODE","Clinical incidence
(per person-year)"
2.54794520547945,1.38985847020341,"ODE","Clinical incidence
(per person-year)"
2.63013698630137,2.00789707529849,"ODE","Clinical incidence
(per person-year)"
2.71232876712329,2.86925976265545,"ODE","Clinical incidence
(per person-year)"
2.79452054794521,2.96192014837676,"ODE","Clinical incidence
(per person-year)"
2.87671232876712,1.85220155072989,"ODE","Clinical incidence
(per person-year)"
2.95890410958904,0.44175665923782,"ODE","Clinical incidence
(per person-year)"
3.04109589041096,0.0288991881446503,"ODE","Clinical incidence
(per person-year)"
3.12328767123288,0.00498692345522809,"ODE","Clinical incidence
(per person-year)"
3.20547945205479,0.00388284512361874,"ODE","Clinical incidence
(per person-year)"
3.28767123287671,0.0290120562035542,"ODE","Clinical incidence
(per person-year)"
3.36986301369863,0.481109854054351,"ODE","Clinical incidence
(per person-year)"
3.45205479452055,1.0075264198272,"ODE","Clinical incidence
(per person-year)"
3.53424657534247,1.34272683669409,"ODE","Clinical incidence
(per person-year)"
3.61643835616438,1.88751866221501,"ODE","Clinical incidence
(per person-year)"
3.6986301369863,2.77122932788416,"ODE","Clinical incidence
(per person-year)"
3.78082191780822,3.05314263391187,"ODE","Clinical incidence
(per person-year)"
3.86301369863014,2.10903544525218,"ODE","Clinical incidence
(per person-year)"
3.94520547945205,0.624167629053337,"ODE","Clinical incidence
(per person-year)"
4.02739726027397,0.0468237315654974,"ODE","Clinical incidence
(per person-year)"
4.10958904109589,0.00568535575560373,"ODE","Clinical incidence
(per person-year)"
4.19178082191781,0.00398311424868598,"ODE","Clinical incidence
(per person-year)"
4.27397260273973,0.0124466917134369,"ODE","Clinical incidence
(per person-year)"
4.35616438356164,0.374077351557143,"ODE","Clinical incidence
(per person-year)"
4.43835616438356,0.944795839279201,"ODE","Clinical incidence
(per person-year)"
4.52054794520548,1.29373683980031,"ODE","Clinical incidence
(per person-year)"
4.6027397260274,1.77108771659566,"ODE","Clinical incidence
(per person-year)"
4.68493150684932,2.64534691862591,"ODE","Clinical incidence
(per person-year)"
4.76712328767123,3.09990625078703,"ODE","Clinical incidence
(per person-year)"
4.84931506849315,2.34444884357692,"ODE","Clinical incidence
(per person-year)"
4.93150684931507,0.840076293997378,"ODE","Clinical incidence
(per person-year)"
5.01369863013699,0.0763701463411239,"ODE","Clinical incidence
(per person-year)"
5.0958904109589,0.00685964119313635,"ODE","Clinical incidence
(per person-year)"
5.17808219178082,0.00408664891045975,"ODE","Clinical incidence
(per person-year)"
5.26027397260274,0.00578404246573282,"ODE","Clinical incidence
(per person-year)"
5.34246575342466,0.271911977818388,"ODE","Clinical incidence
(per person-year)"
5.42465753424658,0.87200332895986,"ODE","Clinical incidence
(per person-year)"
5.50684931506849,1.24376132710844,"ODE","Clinical incidence
(per person-year)"
5.58904109589041,1.66525074670551,"ODE","Clinical incidence
(per person-year)"
5.67123287671233,2.50276814786529,"ODE","Clinical incidence
(per person-year)"
5.75342465753425,3.10664918405809,"ODE","Clinical incidence
(per person-year)"
5.83561643835616,2.55511753135277,"ODE","Clinical incidence
(per person-year)"
5.91780821917808,1.08289590179158,"ODE","Clinical incidence
(per person-year)"
6,0.123718698037602,"ODE","Clinical incidence
(per person-year)"
6.08219178082192,0.00889390564911477,"ODE","Clinical incidence
(per person-year)"
6.16438356164384,0.0042114954573094,"ODE","Clinical incidence
(per person-year)"
6.24657534246575,0.00400829993384491,"ODE","Clinical incidence
(per person-year)"
6.32876712328767,0.182879746871517,"ODE","Clinical incidence
(per person-year)"
6.41095890410959,0.789325649645139,"ODE","Clinical incidence
(per person-year)"
6.49315068493151,1.19232200011869,"ODE","Clinical incidence
(per person-year)"
6.57534246575342,1.57253750405559,"ODE","Clinical incidence
(per person-year)"
6.65753424657534,2.35210621307189,"ODE","Clinical incidence
(per person-year)"
6.73972602739726,3.07682980915406,"ODE","Clinical incidence
(per person-year)"
6.82191780821918,2.73733207561603,"ODE","Clinical incidence
(per person-year)"
6.9041095890411,1.34308700268453,"ODE","Clinical incidence
(per person-year)"
6.98630136986301,0.196543851270628,"ODE","Clinical incidence
(per person-year)"
7.06849315068493,0.0124401621246358,"ODE","Clinical incidence
(per person-year)"
7.15068493150685,0.00438103980869841,"ODE","Clinical incidence
(per person-year)"
7.23287671232877,0.00379331380031239,"ODE","Clinical incidence
(per person-year)"
7.31506849315068,0.112130292254241,"ODE","Clinical incidence
(per person-year)"
7.3972602739726,0.69653698775098,"ODE","Clinical incidence
(per person-year)"
7.47945205479452,1.13841618131667,"ODE","Clinical incidence
(per person-year)"
7.56164383561644,1.49264454752884,"ODE","Clinical incidence
(per person-year)"
7.64383561643836,2.20025427566016,"ODE","Clinical incidence
(per person-year)"
7.72602739726027,3.0137880686515,"ODE","Clinical incidence
(per person-year)"
7.80821917808219,2.88747972411705,"ODE","Clinical incidence
(per person-year)"
7.89041095890411,1.60951863800118,"ODE","Clinical incidence
(per person-year)"
7.97260273972603,0.302408474871717,"ODE","Clinical incidence
(per person-year)"
8.05479452054795,0.0185967930602851,"ODE","Clinical incidence
(per person-year)"
8.13698630136986,0.00463394633359415,"ODE","Clinical incidence
(per person-year)"
8.21917808219178,0.00384796344769912,"ODE","Clinical incidence
(per person-year)"
8.3013698630137,0.061339951794785,"ODE","Clinical incidence
(per person-year)"
8.38356164383562,0.594436720898803,"ODE","Clinical incidence
(per person-year)"
8.46575342465753,1.08104183504659,"ODE","Clinical incidence
(per person-year)"
8.54794520547945,1.42363487345662,"ODE","Clinical incidence
(per person-year)"
8.63013698630137,2.05300164035148,"ODE","Clinical incidence
(per person-year)"
8.71232876712329,2.92150326208238,"ODE","Clinical incidence
(per person-year)"
8.79452054794521,3.00262487046213,"ODE","Clinical incidence
(per person-year)"
8.87671232876712,1.872067341193,"ODE","Clinical incidence
(per person-year)"
8.95890410958904,0.446009088880562,"ODE","Clinical incidence
(per person-year)"
9.04109589041096,0.02917392089835,"ODE","Clinical incidence
(per person-year)"
9.12328767123288,0.00503865080310819,"ODE","Clinical incidence
(per person-year)"
9.20547945205479,0.00392376517876467,"ODE","Clinical incidence
(per person-year)"
9.28767123287671,0.0293138198892687,"ODE","Clinical incidence
(per person-year)"
9.36986301369863,0.485895329257666,"ODE","Clinical incidence
(per person-year)"
9.45205479452055,1.01914207143213,"ODE","Clinical incidence
(per person-year)"
9.53424657534247,1.36269911614388,"ODE","Clinical incidence
(per person-year)"
9.61643835616438,1.9150255756375,"ODE","Clinical incidence
(per person-year)"
9.6986301369863,2.80479410165053,"ODE","Clinical incidence
(per person-year)"
9.78082191780822,3.0808187223653,"ODE","Clinical incidence
(per person-year)"
9.86301369863014,2.12301265976795,"ODE","Clinical incidence
(per person-year)"
9.94520547945205,0.627543241930876,"ODE","Clinical incidence
(per person-year)"
10.027397260274,0.0470569065201811,"ODE","Clinical incidence
(per person-year)"
10.1095890410959,0.00571707434161175,"ODE","Clinical incidence
(per person-year)"
10.1917808219178,0.0040070946404899,"ODE","Clinical incidence
(per person-year)"
10.2739726027397,0.0125236878160377,"ODE","Clinical incidence
(per person-year)"
10.3561643835616,0.376339600654374,"ODE","Clinical incidence
(per person-year)"
10.4383561643836,0.951421264364182,"ODE","Clinical incidence
(per person-year)"
10.5205479452055,1.30676488614574,"ODE","Clinical incidence
(per person-year)"
10.6027397260274,1.78968893275153,"ODE","Clinical incidence
(per person-year)"
10.6849315068493,2.66924066682525,"ODE","Clinical incidence
(per person-year)"
10.7671232876712,3.12125844915294,"ODE","Clinical incidence
(per person-year)"
10.8493150684932,2.35612432984027,"ODE","Clinical incidence
(per person-year)"
10.9315068493151,0.843326937301519,"ODE","Clinical incidence
(per person-year)"
11.013698630137,0.0766279075729181,"ODE","Clinical incidence
(per person-year)"
11.0958904109589,0.00688485608855623,"ODE","Clinical incidence
(per person-year)"
11.1780821917808,0.00410395767002651,"ODE","Clinical incidence
(per person-year)"
11.2602739726027,0.00580978303538196,"ODE","Clinical incidence
(per person-year)"
11.3424657534247,0.27313529543705,"ODE","Clinical incidence
(per person-year)"
11.4246575342466,0.876337940884004,"ODE","Clinical incidence
(per person-year)"
11.5068493150685,1.2529960531314,"ODE","Clinical incidence
(per person-year)"
11.5890410958904,1.6788584580827,"ODE","Clinical incidence
(per person-year)"
11.6712328767123,2.52095068077474,"ODE","Clinical incidence
(per person-year)"
11.7534246575342,3.12435302294936,"ODE","Clinical incidence
(per person-year)"
11.8356164383562,2.56585685978688,"ODE","Clinical incidence
(per person-year)"
11.9178082191781,1.0864114356502,"ODE","Clinical incidence
(per person-year)"
12,0.1240621057949,"ODE","Clinical incidence
(per person-year)"
12.0821917808219,0.00891905407485936,"ODE","Clinical incidence
(per person-year)"
12.1643835616438,0.00422578619645488,"ODE","Clinical incidence
(per person-year)"
12.2465753424658,0.00402263807731354,"ODE","Clinical incidence
(per person-year)"
12.3287671232877,0.183562712849053,"ODE","Clinical incidence
(per person-year)"
12.4109589041096,0.792403912984739,"ODE","Clinical incidence
(per person-year)"
12.4931506849315,1.19911194994169,"ODE","Clinical incidence
(per person-year)"
12.5753424657534,1.5828508477049,"ODE","Clinical incidence
(per person-year)"
12.6575342465753,2.36623283713523,"ODE","Clinical incidence
(per person-year)"
12.7397260273973,3.09172928342026,"ODE","Clinical incidence
(per person-year)"
12.8219178082192,2.74737420995085,"ODE","Clinical incidence
(per person-year)"
12.9041095890411,1.3469350958066,"ODE","Clinical incidence
(per person-year)"
12.986301369863,0.19702516847941,"ODE","Clinical incidence
(per person-year)"
13.0684931506849,0.0124693364077036,"ODE","Clinical incidence
(per person-year)"
13.1506849315068,0.0043934835548212,"ODE","Clinical incidence
(per person-year)"
13.2328767123288,0.00380476066793772,"ODE","Clinical incidence
(per person-year)"
13.3150684931507,0.112489424076061,"ODE","Clinical incidence
(per person-year)"
13.3972602739726,0.698775931289356,"ODE","Clinical incidence
(per person-year)"
13.4794520547945,1.14344795376338,"ODE","Clinical incidence
(per person-year)"
13.5616438356164,1.50055039621141,"ODE","Clinical incidence
(per person-year)"
13.6438356164384,2.21121411747336,"ODE","Clinical incidence
(per person-year)"
13.7260273972603,3.02619166229254,"ODE","Clinical incidence
(per person-year)"
13.8082191780822,2.89670610719741,"ODE","Clinical incidence
(per person-year)"
13.8904109589041,1.61359194516228,"ODE","Clinical incidence
(per person-year)"
13.972602739726,0.30306598514077,"ODE","Clinical incidence
(per person-year)"
14.0547945205479,0.0186340152589141,"ODE","Clinical incidence
(per person-year)"
14.1369863013699,0.00464497888166373,"ODE","Clinical incidence
(per person-year)"
14.2191780821918,0.00385781462787684,"ODE","Clinical incidence
(per person-year)"
14.3013698630137,0.0615081685001467,"ODE","Clinical incidence
(per person-year)"
14.3835616438356,0.596040146266558,"ODE","Clinical incidence
(per person-year)"
14.4657534246575,1.08475607205554,"ODE","Clinical incidence
(per person-year)"
14.5479452054795,1.42970023489082,"ODE","Clinical incidence
(per person-year)"
14.6301369863014,2.06143480114269,"ODE","Clinical incidence
(per person-year)"
14.7123287671233,2.93163625267323,"ODE","Clinical incidence
(per person-year)"
14.7945205479452,3.01087657120498,"ODE","Clinical incidence
(per person-year)"
14.8767123287671,1.87619354979505,"ODE","Clinical incidence
(per person-year)"
14.958904109589,0.446857652153049,"ODE","Clinical incidence
(per person-year)"
15.041095890411,0.0292240601391788,"ODE","Clinical incidence
(per person-year)"
15.1232876712329,0.00504856980568283,"ODE","Clinical incidence
(per person-year)"
15.2054794520548,0.00393219852205148,"ODE","Clinical incidence
(per person-year)"
15.2876712328767,0.0293817178594135,"ODE","Clinical incidence
(per person-year)"
15.3698630136986,0.486997373836478,"ODE","Clinical incidence
(per person-year)"
15.4520547945205,1.02186503913902,"ODE","Clinical incidence
(per person-year)"
15.5342465753425,1.36733474583354,"ODE","Clinical incidence
(per person-year)"
15.6164383561644,1.9214628993234,"ODE","Clinical incidence
(per person-year)"
15.6986301369863,2.81291412033285,"ODE","Clinical incidence
(per person-year)"
15.7808219178082,3.08800257715662,"ODE","Clinical incidence
(per person-year)"
15.8630136986301,2.12702260271375,"ODE","Clinical incidence
(per person-year)"
15.9452054794521,0.628569139352183,"ODE","Clinical incidence
(per person-year)"
16.027397260274,0.0471259892648799,"ODE","Clinical incidence
(per person-year)"
16.1095890410959,0.00572622390425044,"ODE","Clinical incidence
(per person-year)"
16.1917808219178,0.00401422353989466,"ODE","Clinical incidence
(per person-year)"
16.2739726027397,0.0125477107878013,"ODE","Clinical incidence
(per person-year)"
16.3561643835616,0.377053065021169,"ODE","Clinical incidence
(per person-year)"
16.4383561643836,0.953402890664443,"ODE","Clinical incidence
(per person-year)"
16.5205479452055,1.31028360332698,"ODE","Clinical incidence
(per person-year)"
16.6027397260274,1.79457613391791,"ODE","Clinical incidence
(per person-year)"
16.6849315068493,2.67563639498432,"ODE","Clinical incidence
(per person-year)"
16.7671232876712,3.12736195797672,"ODE","Clinical incidence
(per person-year)"
16.8493150684932,2.3598826424326,"ODE","Clinical incidence
(per person-year)"
16.9315068493151,0.844491542181752,"ODE","Clinical incidence
(per person-year)"
17.013698630137,0.076722951455044,"ODE","Clinical incidence
(per person-year)"
17.0958904109589,0.00689367877035209,"ODE","Clinical incidence
(per person-year)"
17.1780821917808,0.00410991034427461,"ODE","Clinical incidence
(per person-year)"
17.2602739726027,0.00581878338181732,"ODE","Clinical incidence
(per person-year)"
17.3424657534247,0.273563800771777,"ODE","Clinical incidence
(per person-year)"
17.4246575342466,0.877766792301014,"ODE","Clinical incidence
(per person-year)"
17.5068493150685,1.25564098136383,"ODE","Clinical incidence
(per person-year)"
17.5890410958904,1.68255861052363,"ODE","Clinical incidence
(per person-year)"
17.6712328767123,2.52591514003596,"ODE","Clinical incidence
(per person-year)"
17.7534246575342,3.12942848706275,"ODE","Clinical incidence
(per person-year)"
17.8356164383562,2.56927125602339,"ODE","Clinical incidence
(per person-year)"
17.9178082191781,1.08766019361587,"ODE","Clinical incidence
(per person-year)"
18,0.124190372002815,"ODE","Clinical incidence
(per person-year)"
18.0821917808219,0.00892811110950214,"ODE","Clinical incidence
(per person-year)"
18.1643835616438,0.00423070514558869,"ODE","Clinical incidence
(per person-year)"
18.2465753424658,0.0040275945222072,"ODE","Clinical incidence
(per person-year)"
18.3287671232877,0.18379817152587,"ODE","Clinical incidence
(per person-year)"
18.4109589041096,0.793419740940326,"ODE","Clinical incidence
(per person-year)"
18.4931506849315,1.20107530529823,"ODE","Clinical incidence
(per person-year)"
18.5753424657534,1.58564990140786,"ODE","Clinical incidence
(per person-year)"
18.6575342465753,2.3700407117243,"ODE","Clinical incidence
(per person-year)"
18.7397260273973,3.09587174623377,"ODE","Clinical incidence
(per person-year)"
18.8219178082192,2.7503945759873,"ODE","Clinical incidence
(per person-year)"
18.9041095890411,1.34820802037771,"ODE","Clinical incidence
(per person-year)"
18.986301369863,0.197192635541776,"ODE","Clinical incidence
(per person-year)"
19.0684931506849,0.0124793220092986,"ODE","Clinical incidence
(per person-year)"
19.1506849315068,0.00439752058308269,"ODE","Clinical incidence
(per person-year)"
19.2328767123288,0.0038084766668494,"ODE","Clinical incidence
(per person-year)"
19.3150684931507,0.11260586228342,"ODE","Clinical incidence
(per person-year)"
19.3972602739726,0.699482204406569,"ODE","Clinical incidence
(per person-year)"
19.4794520547945,1.14488411431043,"ODE","Clinical incidence
(per person-year)"
19.5616438356164,1.50266742241132,"ODE","Clinical incidence
(per person-year)"
19.6438356164384,2.21410821627178,"ODE","Clinical incidence
(per person-year)"
19.7260273972603,3.02951867629874,"ODE","Clinical incidence
(per person-year)"
19.8082191780822,2.89931817198605,"ODE","Clinical incidence
(per person-year)"
19.8904109589041,1.61483374264547,"ODE","Clinical incidence
(per person-year)"
19.972602739726,0.303275077306584,"ODE","Clinical incidence
(per person-year)"
20.0547945205479,0.0186457673855012,"ODE","Clinical incidence
(per person-year)"
20.1369863013699,0.00464829038064704,"ODE","Clinical incidence
(per person-year)"
20.2191780821918,0.00386077101980928,"ODE","Clinical incidence
(per person-year)"
20.3013698630137,0.061558833796399,"ODE","Clinical incidence
(per person-year)"
20.3835616438356,0.596515105488694,"ODE","Clinical incidence
(per person-year)"
20.4657534246575,1.08578995983984,"ODE","Clinical incidence
(per person-year)"
20.5479452054795,1.4312998294203,"ODE","Clinical incidence
(per person-year)"
20.6301369863014,2.0636203581595,"ODE","Clinical incidence
(per person-year)"
20.7123287671233,2.93427199848996,"ODE","Clinical incidence
(per person-year)"
20.7945205479452,3.01309305546105,"ODE","Clinical incidence
(per person-year)"
20.8767123287671,1.87736131881541,"ODE","Clinical incidence
(per person-year)"
20.958904109589,0.447105228615107,"ODE","Clinical incidence
(per person-year)"
21.041095890411,0.0292385634914215,"ODE","Clinical incidence
(per person-year)"
21.1232876712329,0.00505131305698656,"ODE","Clinical incidence
(per person-year)"
21.2054794520548,0.00393453152354101,"ODE","Clinical incidence
(per person-year)"
21.2876712328767,0.0294006847982221,"ODE","Clinical incidence
(per person-year)"
21.3698630136986,0.487302339051251,"ODE","Clinical incidence
(per person-year)"
21.4520547945205,1.02259719875945,"ODE","Clinical incidence
(per person-year)"
21.5342465753425,1.36853935737206,"ODE","Clinical incidence
(per person-year)"
21.6164383561644,1.92310731389919,"ODE","Clinical incidence
(per person-year)"
21.6986301369863,2.81497837651563,"ODE","Clinical incidence
(per person-year)"
21.7808219178082,3.08985400331435,"ODE","Clinical incidence
(per person-year)"
21.8630136986301,2.12808890095406,"ODE","Clinical incidence
(per person-year)"
21.9452054794521,0.628846588572804,"ODE","Clinical incidence
(per person-year)"
22.027397260274,0.0471443618222982,"ODE","Clinical incidence
(per person-year)"
22.1095890410959,0.00572855480864009,"ODE","Clinical incidence
(per person-year)"
22.1917808219178,0.00401604267496626,"ODE","Clinical incidence
(per person-year)"
22.2739726027397,0.0125539377004909,"ODE","Clinical incidence
(per person-year)"
22.3561643835616,0.377237509799268,"ODE","Clinical incidence
(per person-year)"
22.4383561643836,0.953912860654361,"ODE","Clinical incidence
(per person-year)"
22.5205479452055,1.31118447002024,"ODE","Clinical incidence
(per person-year)"
22.6027397260274,1.79581197945908,"ODE","Clinical incidence
(per person-year)"
22.6849315068493,2.67723787680747,"ODE","Clinical incidence
(per person-year)"
22.7671232876712,3.1288885766057,"ODE","Clinical incidence
(per person-year)"
22.8493150684932,2.36083407302599,"ODE","Clinical incidence
(per person-year)"
22.9315068493151,0.844787086236146,"ODE","Clinical incidence
(per person-year)"
23.013698630137,0.0767463981782923,"ODE","Clinical incidence
(per person-year)"
23.0958904109589,0.00689575138805899,"ODE","Clinical incidence
(per person-year)"
23.1780821917808,0.00411131369308077,"ODE","Clinical incidence
(per person-year)"
23.2602739726027,0.00582094580261878,"ODE","Clinical incidence
(per person-year)"
23.3424657534247,0.273667519131127,"ODE","Clinical incidence
(per person-year)"
23.4246575342466,0.878115973710873,"ODE","Clinical incidence
(per person-year)"
23.5068493150685,1.25630705489145,"ODE","Clinical incidence
(per person-year)"
23.5890410958904,1.68348827885777,"ODE","Clinical incidence
(per person-year)"
23.6712328767123,2.52714827692101,"ODE","Clinical incidence
(per person-year)"
23.7534246575342,3.13067404212908,"ODE","Clinical incidence
(per person-year)"
23.8356164383562,2.57010513949569,"ODE","Clinical incidence
(per person-year)"
23.9178082191781,1.08796148252838,"ODE","Clinical incidence
(per person-year)"
24,0.12422007541736,"ODE","Clinical incidence
(per person-year)"
24.0821917808219,0.00893007929568046,"ODE","Clinical incidence
(per person-year)"
24.1643835616438,0.00423177832382148,"ODE","Clinical incidence
(per person-year)"
24.2465753424658,0.00402869794585404,"ODE","Clinical incidence
(per person-year)"
24.3287671232877,0.183851702738484,"ODE","Clinical incidence
(per person-year)"
24.4109589041096,0.793654309245853,"ODE","Clinical incidence
(per person-year)"
24.4931506849315,1.20155996627344,"ODE","Clinical incidence
(per person-year)"
24.5753424657534,1.58635078475962,"ODE","Clinical incidence
(per person-year)"
24.6575342465753,2.37098483829353,"ODE","Clinical incidence
(per person-year)"
24.7397260273973,3.09687920830171,"ODE","Clinical incidence
(per person-year)"
24.8219178082192,2.75111548165577,"ODE","Clinical incidence
(per person-year)"
24.9041095890411,1.34850400849464,"ODE","Clinical incidence
(per person-year)"
24.986301369863,0.197229538647891,"ODE","Clinical incidence
(per person-year)"
25.0684931506849,0.0124813432710321,"ODE","Clinical incidence
(per person-year)"
25.1506849315068,0.00439833665658365,"ODE","Clinical incidence
(per person-year)"
25.2328767123288,0.00380924659594803,"ODE","Clinical incidence
(per person-year)"
25.3150684931507,0.112630812556145,"ODE","Clinical incidence
(per person-year)"
25.3972602739726,0.699636105092018,"ODE","Clinical incidence
(per person-year)"
25.4794520547945,1.14522976572357,"ODE","Clinical incidence
(per person-year)"
25.5616438356164,1.50319696502234,"ODE","Clinical incidence
(per person-year)"
25.6438356164384,2.21482826827523,"ODE","Clinical incidence
(per person-year)"
25.7260273972603,3.03032769759654,"ODE","Clinical incidence
(per person-year)"
25.8082191780822,2.89993494027653,"ODE","Clinical incidence
(per person-year)"
25.8904109589041,1.6151158538045,"ODE","Clinical incidence
(per person-year)"
25.972602739726,0.303319548453511,"ODE","Clinical incidence
(per person-year)"
26.0547945205479,0.0186480089011405,"ODE","Clinical incidence
(per person-year)"
26.1369863013699,0.00464891063857769,"ODE","Clinical incidence
(per person-year)"
26.2191780821918,0.00386134277356502,"ODE","Clinical incidence
(per person-year)"
26.3013698630137,0.061569096558241,"ODE","Clinical incidence
(per person-year)"
26.3835616438356,0.596612944800668,"ODE","Clinical incidence
(per person-year)"
26.4657534246575,1.08603083246221,"ODE","Clinical incidence
(per person-year)"
26.5479452054795,1.43170009138887,"ODE","Clinical incidence
(per person-year)"
26.6301369863014,2.06416837269958,"ODE","Clinical incidence
(per person-year)"
26.7123287671233,2.93491767860625,"ODE","Clinical incidence
(per person-year)"
26.7945205479452,3.01361653447091,"ODE","Clinical incidence
(per person-year)"
26.8767123287671,1.87762395363494,"ODE","Clinical incidence
(per person-year)"
26.958904109589,0.4471567701252,"ODE","Clinical incidence
(per person-year)"
27.041095890411,0.0292412099283892,"ODE","Clinical incidence
(per person-year)"
27.1232876712329,0.00505178836565251,"ODE","Clinical incidence
(per person-year)"
27.2054794520548,0.00393495272282891,"ODE","Clinical incidence
(per person-year)"
27.2876712328767,0.0294043209208014,"ODE","Clinical incidence
(per person-year)"
27.3698630136986,0.487361918131377,"ODE","Clinical incidence
(per person-year)"
27.4520547945205,1.02276090076421,"ODE","Clinical incidence
(per person-year)"
27.5342465753425,1.36884093724263,"ODE","Clinical incidence
(per person-year)"
27.6164383561644,1.92352425191768,"ODE","Clinical incidence
(per person-year)"
27.6986301369863,2.81549091357845,"ODE","Clinical incidence
(per person-year)"
27.7808219178082,3.09029550942211,"ODE","Clinical incidence
(per person-year)"
27.8630136986301,2.1283292122339,"ODE","Clinical incidence
(per person-year)"
27.9452054794521,0.628903893708718,"ODE","Clinical incidence
(per person-year)"
28.027397260274,0.0471476238495406,"ODE","Clinical incidence
(per person-year)"
28.1095890410959,0.00572892730659682,"ODE","Clinical incidence
(per person-year)"
28.1917808219178,0.00401634839771765,"ODE","Clinical incidence
(per person-year)"
28.2739726027397,0.0125550629647575,"ODE","Clinical incidence
(per person-year)"
28.3561643835616,0.377271776748962,"ODE","Clinical incidence
(per person-year)"
28.4383561643836,0.954021258896318,"ODE","Clinical incidence
(per person-year)"
28.5205479452055,1.31140974640016,"ODE","Clinical incidence
(per person-year)"
28.6027397260274,1.79612957382748,"ODE","Clinical incidence
(per person-year)"
28.6849315068493,2.67764274724261,"ODE","Clinical incidence
(per person-year)"
28.7671232876712,3.12925896814711,"ODE","Clinical incidence
(per person-year)"
28.8493150684932,2.36105123038118,"ODE","Clinical incidence
(per person-year)"
28.9315068493151,0.844848418523475,"ODE","Clinical incidence
(per person-year)"
29.013698630137,0.0767505186920339,"ODE","Clinical incidence
(per person-year)"
29.0958904109589,0.00689605637494821,"ODE","Clinical incidence
(per person-year)"
29.1780821917808,0.004111531625023,"ODE","Clinical incidence
(per person-year)"
29.2602739726027,0.00582130855218413,"ODE","Clinical incidence
(per person-year)"
29.3424657534247,0.273685853756863,"ODE","Clinical incidence
(per person-year)"
29.4246575342466,0.878185867103141,"ODE","Clinical incidence
(per person-year)"
29.5068493150685,1.25647275170722,"ODE","Clinical incidence
(per person-year)"
29.5890410958904,1.6837307488468,"ODE","Clinical incidence
(per person-year)"
29.6712328767123,2.52746668273248,"ODE","Clinical incidence
(per person-year)"
29.7534246575342,3.13098324919323,"ODE","Clinical incidence
(per person-year)"
29.8356164383562,2.57029957446885,"ODE","Clinical incidence
(per person-year)"
29.9178082191781,1.08802502982515,"ODE","Clinical incidence
(per person-year)"
30,0.124225326420347,"ODE","Clinical incidence
(per person-year)"
30.0821917808219,0.00893034728667131,"ODE","Clinical incidence
(per person-year)"
30.1643835616438,0.00423193010699894,"ODE","Clinical incidence
(per person-year)"
30.2465753424658,0.00402886695049033,"ODE","Clinical incidence
(per person-year)"
30.3287671232877,0.183860680458328,"ODE","Clinical incidence
(per person-year)"
30.4109589041096,0.793698133023722,"ODE","Clinical incidence
(per person-year)"
30.4931506849315,0.908604988928629,"ODE","Clinical incidence
(per person-year)"
30.5753424657534,0.740043214074065,"ODE","Clinical incidence
(per person-year)"
30.6575342465753,0.994856962729287,"ODE","Clinical incidence
(per person-year)"
30.7397260273973,1.33560118711108,"ODE","Clinical incidence
(per person-year)"
30.8219178082192,1.57279623586277,"ODE","Clinical incidence
(per person-year)"
30.9041095890411,1.05747280764148,"ODE","Clinical incidence
(per person-year)"
30.986301369863,0.173758991034779,"ODE","Clinical incidence
(per person-year)"
31.0684931506849,0.0116836611456472,"ODE","Clinical incidence
(per person-year)"
31.1506849315068,0.00421702149189034,"ODE","Clinical incidence
(per person-year)"
31.2328767123288,0.00366933457173571,"ODE","Clinical incidence
(per person-year)"
31.3150684931507,0.108598505463946,"ODE","Clinical incidence
(per person-year)"
31.3972602739726,0.675851466918519,"ODE","Clinical incidence
(per person-year)"
31.4794520547945,0.96215167030133,"ODE","Clinical incidence
(per person-year)"
31.5616438356164,0.714103990322743,"ODE","Clinical incidence
(per person-year)"
31.6438356164384,0.945310239391953,"ODE","Clinical incidence
(per person-year)"
31.7260273972603,1.31261439532796,"ODE","Clinical incidence
(per person-year)"
31.8082191780822,1.48523102047603,"ODE","Clinical incidence
(per person-year)"
31.8904109589041,1.23983012093185,"ODE","Clinical incidence
(per person-year)"
31.972602739726,0.265791656460152,"ODE","Clinical incidence
(per person-year)"
32.0547945205479,0.0174892227888069,"ODE","Clinical incidence
(per person-year)"
32.1369863013699,0.00449415487539247,"ODE","Clinical incidence
(per person-year)"
32.2191780821918,0.0037539848893139,"ODE","Clinical incidence
(per person-year)"
32.3013698630137,0.0599022697635771,"ODE","Clinical incidence
(per person-year)"
32.3835616438356,0.581047181044502,"ODE","Clinical incidence
(per person-year)"
32.4657534246575,1.06301621158917,"ODE","Clinical incidence
(per person-year)"
32.5479452054795,0.715424740811768,"ODE","Clinical incidence
(per person-year)"
32.6301369863014,0.924572877283107,"ODE","Clinical incidence
(per person-year)"
32.7123287671233,1.29881726711305,"ODE","Clinical incidence
(per person-year)"
32.7945205479452,1.32450774426204,"ODE","Clinical incidence
(per person-year)"
32.8767123287671,1.40122066399526,"ODE","Clinical incidence
(per person-year)"
32.958904109589,0.593966868131749,"ODE","Clinical incidence
(per person-year)"
0,33.0466984257879,"ODE","Severe incidence
(per 1000 person-years)"
0.0821917808219178,8.92408125225707,"ODE","Severe incidence
(per 1000 person-years)"
0.164383561643836,0.533175741562957,"ODE","Severe incidence
(per 1000 person-years)"
0.246575342465753,0.138078770064892,"ODE","Severe incidence
(per 1000 person-years)"
0.328767123287671,6.03611930898028,"ODE","Severe incidence
(per 1000 person-years)"
0.410958904109589,26.5793496619476,"ODE","Severe incidence
(per 1000 person-years)"
0.493150684931507,39.1933826037794,"ODE","Severe incidence
(per 1000 person-years)"
0.575342465753425,49.7763482159008,"ODE","Severe incidence
(per 1000 person-years)"
0.657534246575342,72.7309770431979,"ODE","Severe incidence
(per 1000 person-years)"
0.73972602739726,92.8614625529592,"ODE","Severe incidence
(per 1000 person-years)"
0.821917808219178,79.501391603949,"ODE","Severe incidence
(per 1000 person-years)"
0.904109589041096,37.2723536513384,"ODE","Severe incidence
(per 1000 person-years)"
0.986301369863014,5.28728661299125,"ODE","Severe incidence
(per 1000 person-years)"
1.06849315068493,0.334263930951337,"ODE","Severe incidence
(per 1000 person-years)"
1.15068493150685,0.120400237896598,"ODE","Severe incidence
(per 1000 person-years)"
1.23287671232877,0.107330243181179,"ODE","Severe incidence
(per 1000 person-years)"
1.31506849315068,3.3087871669334,"ODE","Severe incidence
(per 1000 person-years)"
1.3972602739726,21.1169948422892,"ODE","Severe incidence
(per 1000 person-years)"
1.47945205479452,35.0944068603924,"ODE","Severe incidence
(per 1000 person-years)"
1.56164383561644,46.273732892909,"ODE","Severe incidence
(per 1000 person-years)"
1.64383561643836,68.3194755896901,"ODE","Severe incidence
(per 1000 person-years)"
1.72602739726027,92.7673422795063,"ODE","Severe incidence
(per 1000 person-years)"
1.80821917808219,86.2906653093766,"ODE","Severe incidence
(per 1000 person-years)"
1.89041095890411,46.0323072227735,"ODE","Severe incidence
(per 1000 person-years)"
1.97260273972603,8.36188003821379,"ODE","Severe incidence
(per 1000 person-years)"
2.05479452054795,0.511214515737296,"ODE","Severe incidence
(per 1000 person-years)"
2.13698630136986,0.129974461503795,"ODE","Severe incidence
(per 1000 person-years)"
2.21917808219178,0.110952829836868,"ODE","Severe incidence
(per 1000 person-years)"
2.3013698630137,1.84275444281551,"ODE","Severe incidence
(per 1000 person-years)"
2.38356164383562,18.3329772109419,"ODE","Severe incidence
(per 1000 person-years)"
2.46575342465753,33.9639264210556,"ODE","Severe incidence
(per 1000 person-years)"
2.54794520547945,44.9892068118236,"ODE","Severe incidence
(per 1000 person-years)"
2.63013698630137,64.9043829262401,"ODE","Severe incidence
(per 1000 person-years)"
2.71232876712329,91.5502302806901,"ODE","Severe incidence
(per 1000 person-years)"
2.79452054794521,91.4538464479726,"ODE","Severe incidence
(per 1000 person-years)"
2.87671232876712,54.5178698442365,"ODE","Severe incidence
(per 1000 person-years)"
2.95890410958904,12.5106006189177,"ODE","Severe incidence
(per 1000 person-years)"
3.04109589041096,0.809072391377294,"ODE","Severe incidence
(per 1000 person-years)"
3.12328767123288,0.142163401794165,"ODE","Severe incidence
(per 1000 person-years)"
3.20547945205479,0.113688065944977,"ODE","Severe incidence
(per 1000 person-years)"
3.28767123287671,0.884096490212598,"ODE","Severe incidence
(per 1000 person-years)"
3.36986301369863,15.0518280516836,"ODE","Severe incidence
(per 1000 person-years)"
3.45205479452055,32.2334267381543,"ODE","Severe incidence
(per 1000 person-years)"
3.53424657534247,43.4281476537554,"ODE","Severe incidence
(per 1000 person-years)"
3.61643835616438,61.0653163880442,"ODE","Severe incidence
(per 1000 person-years)"
3.6986301369863,88.7363421593906,"ODE","Severe incidence
(per 1000 person-years)"
3.78082191780822,94.9465607270132,"ODE","Severe incidence
(per 1000 person-years)"
3.86301369863014,62.5728611563764,"ODE","Severe incidence
(per 1000 person-years)"
3.94520547945205,17.755063923055,"ODE","Severe incidence
(per 1000 person-years)"
4.02739726027397,1.30917082368378,"ODE","Severe incidence
(per 1000 person-years)"
4.10958904109589,0.161272670344154,"ODE","Severe incidence
(per 1000 person-years)"
4.19178082191781,0.115985890803479,"ODE","Severe incidence
(per 1000 person-years)"
4.27397260273973,0.376586335294584,"ODE","Severe incidence
(per 1000 person-years)"
4.35616438356164,11.6487036064045,"ODE","Severe incidence
(per 1000 person-years)"
4.43835616438356,30.1234562750109,"ODE","Severe incidence
(per 1000 person-years)"
4.52054794520548,41.7943168937092,"ODE","Severe incidence
(per 1000 person-years)"
4.6027397260274,57.324010443888,"ODE","Severe incidence
(per 1000 person-years)"
4.68493150684932,84.9368280209879,"ODE","Severe incidence
(per 1000 person-years)"
4.76712328767123,97.0153025106784,"ODE","Severe incidence
(per 1000 person-years)"
4.84931506849315,70.1220200801863,"ODE","Severe incidence
(per 1000 person-years)"
4.93150684931507,24.0243430126538,"ODE","Severe incidence
(per 1000 person-years)"
5.01369863013699,2.13548497799634,"ODE","Severe incidence
(per 1000 person-years)"
5.0958904109589,0.19376543781697,"ODE","Severe incidence
(per 1000 person-years)"
5.17808219178082,0.118427519569087,"ODE","Severe incidence
(per 1000 person-years)"
5.26027397260274,0.173407513518562,"ODE","Severe incidence
(per 1000 person-years)"
5.34246575342466,8.43244400922243,"ODE","Severe incidence
(per 1000 person-years)"
5.42465753424658,27.7096069268856,"ODE","Severe incidence
(per 1000 person-years)"
5.50684931506849,40.1323672242684,"ODE","Severe incidence
(per 1000 person-years)"
5.58904109589041,53.9217132874062,"ODE","Severe incidence
(per 1000 person-years)"
5.67123287671233,80.5484331407073,"ODE","Severe incidence
(per 1000 person-years)"
5.75342465753425,97.7943335284217,"ODE","Severe incidence
(per 1000 person-years)"
5.83561643835616,77.0521777439219,"ODE","Severe incidence
(per 1000 person-years)"
5.91780821917808,31.1581431645782,"ODE","Severe incidence
(per 1000 person-years)"
6,3.46409699463981,"ODE","Severe incidence
(per 1000 person-years)"
6.08219178082192,0.250326272285277,"ODE","Severe incidence
(per 1000 person-years)"
6.16438356164384,0.121499270863981,"ODE","Severe incidence
(per 1000 person-years)"
6.24657534246575,0.119127379069712,"ODE","Severe incidence
(per 1000 person-years)"
6.32876712328767,5.64920770332012,"ODE","Severe incidence
(per 1000 person-years)"
6.41095890410959,24.9956170105222,"ODE","Severe incidence
(per 1000 person-years)"
6.49315068493151,38.4196757165756,"ODE","Severe incidence
(per 1000 person-years)"
6.57534246575342,50.9354346989091,"ODE","Severe incidence
(per 1000 person-years)"
6.65753424657534,75.8510945470835,"ODE","Severe incidence
(per 1000 person-years)"
6.73972602739726,97.3665621497173,"ODE","Severe incidence
(per 1000 person-years)"
6.82191780821918,83.2205774001937,"ODE","Severe incidence
(per 1000 person-years)"
6.9041095890411,38.9070451384792,"ODE","Severe incidence
(per 1000 person-years)"
6.98630136986301,5.51663269298191,"ODE","Severe incidence
(per 1000 person-years)"
7.06849315068493,0.349104890947043,"ODE","Severe incidence
(per 1000 person-years)"
7.15068493150685,0.125845559460412,"ODE","Severe incidence
(per 1000 person-years)"
7.23287671232877,0.112092792693793,"ODE","Severe incidence
(per 1000 person-years)"
7.31506849315068,3.44995878281937,"ODE","Severe incidence
(per 1000 person-years)"
7.3972602739726,21.9771537956589,"ODE","Severe incidence
(per 1000 person-years)"
7.47945205479452,36.6211896531138,"ODE","Severe incidence
(per 1000 person-years)"
7.56164383561644,48.3534018173856,"ODE","Severe incidence
(per 1000 person-years)"
7.64383561643836,71.0724848985561,"ODE","Severe incidence
(per 1000 person-years)"
7.72602739726027,95.8191435094411,"ODE","Severe incidence
(per 1000 person-years)"
7.80821917808219,88.4827132900083,"ODE","Severe incidence
(per 1000 person-years)"
7.89041095890411,46.9695804430737,"ODE","Severe incidence
(per 1000 person-years)"
7.97260273972603,8.51732666811819,"ODE","Severe incidence
(per 1000 person-years)"
8.05479452054795,0.520729642750386,"ODE","Severe incidence
(per 1000 person-years)"
8.13698630136986,0.132550585506199,"ODE","Severe incidence
(per 1000 person-years)"
8.21917808219178,0.113168310688076,"ODE","Severe incidence
(per 1000 person-years)"
8.3013698630137,1.87927793983304,"ODE","Severe incidence
(per 1000 person-years)"
8.38356164383562,18.6850616249467,"ODE","Severe incidence
(per 1000 person-years)"
8.46575342465753,34.7053675386684,"ODE","Severe incidence
(per 1000 person-years)"
8.54794520547945,46.1129343652971,"ODE","Severe incidence
(per 1000 person-years)"
8.63013698630137,66.4070449520908,"ODE","Severe incidence
(per 1000 person-years)"
8.71232876712329,93.2679361937284,"ODE","Severe incidence
(per 1000 person-years)"
8.79452054794521,92.7116162165481,"ODE","Severe incidence
(per 1000 person-years)"
8.87671232876712,55.0624734420192,"ODE","Severe incidence
(per 1000 person-years)"
8.95890410958904,12.6161149824119,"ODE","Severe incidence
(per 1000 person-years)"
9.04109589041096,0.815799687490179,"ODE","Severe incidence
(per 1000 person-years)"
9.12328767123288,0.143534686691165,"ODE","Severe incidence
(per 1000 person-years)"
9.20547945205479,0.114866681081287,"ODE","Severe incidence
(per 1000 person-years)"
9.28767123287671,0.893772524352067,"ODE","Severe incidence
(per 1000 person-years)"
9.36986301369863,15.2148578718284,"ODE","Severe incidence
(per 1000 person-years)"
9.45205479452055,32.640516473859,"ODE","Severe incidence
(per 1000 person-years)"
9.53424657534247,44.1232731358564,"ODE","Severe incidence
(per 1000 person-years)"
9.61643835616438,62.0131027299888,"ODE","Severe incidence
(per 1000 person-years)"
9.6986301369863,89.8622365433306,"ODE","Severe incidence
(per 1000 person-years)"
9.78082191780822,95.8092666272697,"ODE","Severe incidence
(per 1000 person-years)"
9.86301369863014,62.9589080200469,"ODE","Severe incidence
(per 1000 person-years)"
9.94520547945205,17.8410457915352,"ODE","Severe incidence
(per 1000 person-years)"
10.027397260274,1.31529551319919,"ODE","Severe incidence
(per 1000 person-years)"
10.1095890410959,0.162210901297945,"ODE","Severe incidence
(per 1000 person-years)"
10.1917808219178,0.116775910263311,"ODE","Severe incidence
(per 1000 person-years)"
10.2739726027397,0.379458509044492,"ODE","Severe incidence
(per 1000 person-years)"
10.3561643835616,11.7393502628078,"ODE","Severe incidence
(per 1000 person-years)"
10.4383561643836,30.3884237172818,"ODE","Severe incidence
(per 1000 person-years)"
10.5205479452055,42.2849774073855,"ODE","Severe incidence
(per 1000 person-years)"
10.6027397260274,58.0052748323994,"ODE","Severe incidence
(per 1000 person-years)"
10.6849315068493,85.7811491615336,"ODE","Severe incidence
(per 1000 person-years)"
10.7671232876712,97.7143799937994,"ODE","Severe incidence
(per 1000 person-years)"
10.8493150684932,70.4628556215929,"ODE","Severe incidence
(per 1000 person-years)"
10.9315068493151,24.1132741655322,"ODE","Severe incidence
(per 1000 person-years)"
11.013698630137,2.14297445194717,"ODE","Severe incidence
(per 1000 person-years)"
11.0958904109589,0.194603362477754,"ODE","Severe incidence
(per 1000 person-years)"
11.1780821917808,0.119067611858835,"ODE","Severe incidence
(per 1000 person-years)"
11.2602739726027,0.174475431354099,"ODE","Severe incidence
(per 1000 person-years)"
11.3424657534247,8.48768246429352,"ODE","Severe incidence
(per 1000 person-years)"
11.4246575342466,27.9042546434502,"ODE","Severe incidence
(per 1000 person-years)"
11.5068493150685,40.506321307939,"ODE","Severe incidence
(per 1000 person-years)"
11.5890410958904,54.448334950102,"ODE","Severe incidence
(per 1000 person-years)"
11.6712328767123,81.2250451818041,"ODE","Severe incidence
(per 1000 person-years)"
11.7534246575342,98.4074418423833,"ODE","Severe incidence
(per 1000 person-years)"
11.8356164383562,77.3871129235014,"ODE","Severe incidence
(per 1000 person-years)"
11.9178082191781,31.2615983397252,"ODE","Severe incidence
(per 1000 person-years)"
12,3.47486057029168,"ODE","Severe incidence
(per 1000 person-years)"
12.0821917808219,0.251232315115291,"ODE","Severe incidence
(per 1000 person-years)"
12.1643835616438,0.122066804496013,"ODE","Severe incidence
(per 1000 person-years)"
12.2465753424658,0.119758303002907,"ODE","Severe incidence
(per 1000 person-years)"
12.3287671232877,5.68228235073705,"ODE","Severe incidence
(per 1000 person-years)"
12.4109589041096,25.1462141509899,"ODE","Severe incidence
(per 1000 person-years)"
12.4931506849315,38.7139228464534,"ODE","Severe incidence
(per 1000 person-years)"
12.5753424657534,51.3555221160548,"ODE","Severe incidence
(per 1000 person-years)"
12.6575342465753,76.4038978463225,"ODE","Severe incidence
(per 1000 person-years)"
12.7397260273973,97.9133816472362,"ODE","Severe incidence
(per 1000 person-years)"
12.8219178082192,83.5559882774687,"ODE","Severe incidence
(per 1000 person-years)"
12.9041095890411,39.028439569483,"ODE","Severe incidence
(per 1000 person-years)"
12.986301369863,5.53262193065548,"ODE","Severe incidence
(per 1000 person-years)"
13.0684931506849,0.350217543620324,"ODE","Severe incidence
(per 1000 person-years)"
13.1506849315068,0.126364997836968,"ODE","Severe incidence
(per 1000 person-years)"
13.2328767123288,0.112618798930344,"ODE","Severe incidence
(per 1000 person-years)"
13.3150684931507,3.46819792807585,"ODE","Severe incidence
(per 1000 person-years)"
13.3972602739726,22.0941149045474,"ODE","Severe incidence
(per 1000 person-years)"
13.4794520547945,36.8549346708846,"ODE","Severe incidence
(per 1000 person-years)"
13.5616438356164,48.6925489253773,"ODE","Severe incidence
(per 1000 person-years)"
13.6438356164384,71.5237177916971,"ODE","Severe incidence
(per 1000 person-years)"
13.7260273972603,96.3019521504834,"ODE","Severe incidence
(per 1000 person-years)"
13.8082191780822,88.812744173871,"ODE","Severe incidence
(per 1000 person-years)"
13.8904109589041,47.106993166949,"ODE","Severe incidence
(per 1000 person-years)"
13.972602739726,8.540326461834,"ODE","Severe incidence
(per 1000 person-years)"
14.0547945205479,0.522213778861232,"ODE","Severe incidence
(per 1000 person-years)"
14.1369863013699,0.133031281112628,"ODE","Severe incidence
(per 1000 person-years)"
14.2191780821918,0.113638179146557,"ODE","Severe incidence
(per 1000 person-years)"
14.3013698630137,1.88815714194457,"ODE","Severe incidence
(per 1000 person-years)"
14.3835616438356,18.7733781856786,"ODE","Severe incidence
(per 1000 person-years)"
14.4657534246575,34.8907911078049,"ODE","Severe incidence
(per 1000 person-years)"
14.5479452054795,46.3873343106481,"ODE","Severe incidence
(per 1000 person-years)"
14.6301369863014,66.7722915184871,"ODE","Severe incidence
(per 1000 person-years)"
14.7123287671233,93.6856846471972,"ODE","Severe incidence
(per 1000 person-years)"
14.7945205479452,93.0268880513656,"ODE","Severe incidence
(per 1000 person-years)"
14.8767123287671,55.2107771586242,"ODE","Severe incidence
(per 1000 person-years)"
14.958904109589,12.6472450263729,"ODE","Severe incidence
(per 1000 person-years)"
15.041095890411,0.817870612647912,"ODE","Severe incidence
(per 1000 person-years)"
15.1232876712329,0.143984166355224,"ODE","Severe incidence
(per 1000 person-years)"
15.2054794520548,0.115282252996668,"ODE","Severe incidence
(per 1000 person-years)"
15.2876712328767,0.89747325119963,"ODE","Severe incidence
(per 1000 person-years)"
15.3698630136986,15.2782177578068,"ODE","Severe incidence
(per 1000 person-years)"
15.4520547945205,32.786449408335,"ODE","Severe incidence
(per 1000 person-years)"
15.5342465753425,44.3443784983052,"ODE","Severe incidence
(per 1000 person-years)"
15.6164383561644,62.3056928262569,"ODE","Severe incidence
(per 1000 person-years)"
15.6986301369863,90.2152743143974,"ODE","Severe incidence
(per 1000 person-years)"
15.7808219178082,96.1008151663313,"ODE","Severe incidence
(per 1000 person-years)"
15.8630136986301,63.1115501599111,"ODE","Severe incidence
(per 1000 person-years)"
15.9452054794521,17.8803010965526,"ODE","Severe incidence
(per 1000 person-years)"
16.027397260274,1.31822412963479,"ODE","Severe incidence
(per 1000 person-years)"
16.1095890410959,0.16263996224698,"ODE","Severe incidence
(per 1000 person-years)"
16.1917808219178,0.117136760460435,"ODE","Severe incidence
(per 1000 person-years)"
16.2739726027397,0.380799147987396,"ODE","Severe incidence
(per 1000 person-years)"
16.3561643835616,11.78175566007,"ODE","Severe incidence
(per 1000 person-years)"
16.4383561643836,30.5016929470249,"ODE","Severe incidence
(per 1000 person-years)"
16.5205479452055,42.4614692061906,"ODE","Severe incidence
(per 1000 person-years)"
16.6027397260274,58.2372224870461,"ODE","Severe incidence
(per 1000 person-years)"
16.6849315068493,86.0723189888897,"ODE","Severe incidence
(per 1000 person-years)"
16.7671232876712,97.9753403122577,"ODE","Severe incidence
(per 1000 person-years)"
16.8493150684932,70.6131362086612,"ODE","Severe incidence
(per 1000 person-years)"
16.9315068493151,24.1594002049902,"ODE","Severe incidence
(per 1000 person-years)"
17.013698630137,2.14706974346921,"ODE","Severe incidence
(per 1000 person-years)"
17.0958904109589,0.195028082419893,"ODE","Severe incidence
(per 1000 person-years)"
17.1780821917808,0.119374840807145,"ODE","Severe incidence
(per 1000 person-years)"
17.2602739726027,0.174983958710728,"ODE","Severe incidence
(per 1000 person-years)"
17.3424657534247,8.51375426065579,"ODE","Severe incidence
(per 1000 person-years)"
17.4246575342466,27.9903466804784,"ODE","Severe incidence
(per 1000 person-years)"
17.5068493150685,40.6451958006269,"ODE","Severe incidence
(per 1000 person-years)"
17.5890410958904,54.6303599386466,"ODE","Severe incidence
(per 1000 person-years)"
17.6712328767123,81.4594780004102,"ODE","Severe incidence
(per 1000 person-years)"
17.7534246575342,98.6336839046302,"ODE","Severe incidence
(per 1000 person-years)"
17.8356164383562,77.5290855688565,"ODE","Severe incidence
(per 1000 person-years)"
17.9178082191781,31.3123046843534,"ODE","Severe incidence
(per 1000 person-years)"
18,3.48042064707565,"ODE","Severe incidence
(per 1000 person-years)"
18.0821917808219,0.25167464311289,"ODE","Severe incidence
(per 1000 person-years)"
18.1643835616438,0.122323415425341,"ODE","Severe incidence
(per 1000 person-years)"
18.2465753424658,0.120039393744508,"ODE","Severe incidence
(per 1000 person-years)"
18.3287671232877,5.69679793419054,"ODE","Severe incidence
(per 1000 person-years)"
18.4109589041096,25.2097505280496,"ODE","Severe incidence
(per 1000 person-years)"
18.4931506849315,38.821184567332,"ODE","Severe incidence
(per 1000 person-years)"
18.5753424657534,51.4969574743926,"ODE","Severe incidence
(per 1000 person-years)"
18.6575342465753,76.5883643725569,"ODE","Severe incidence
(per 1000 person-years)"
18.7397260273973,98.1035728859914,"ODE","Severe incidence
(per 1000 person-years)"
18.8219178082192,83.6850725815627,"ODE","Severe incidence
(per 1000 person-years)"
18.9041095890411,39.0808470579588,"ODE","Severe incidence
(per 1000 person-years)"
18.986301369863,5.53984621808537,"ODE","Severe incidence
(per 1000 person-years)"
19.0684931506849,0.350704728387734,"ODE","Severe incidence
(per 1000 person-years)"
19.1506849315068,0.126575807558905,"ODE","Severe incidence
(per 1000 person-years)"
19.2328767123288,0.112829063988712,"ODE","Severe incidence
(per 1000 person-years)"
19.3150684931507,3.47539264773224,"ODE","Severe incidence
(per 1000 person-years)"
19.3972602739726,22.139202874917,"ODE","Severe incidence
(per 1000 person-years)"
19.4794520547945,36.9359838463874,"ODE","Severe incidence
(per 1000 person-years)"
19.5616438356164,48.8013201259753,"ODE","Severe incidence
(per 1000 person-years)"
19.6438356164384,71.6658379440489,"ODE","Severe incidence
(per 1000 person-years)"
19.7260273972603,96.4572198220434,"ODE","Severe incidence
(per 1000 person-years)"
19.8082191780822,88.9260271236888,"ODE","Severe incidence
(per 1000 person-years)"
19.8904109589041,47.1581991597477,"ODE","Severe incidence
(per 1000 person-years)"
19.972602739726,8.54919867316876,"ODE","Severe incidence
(per 1000 person-years)"
20.0547945205479,0.522776457708077,"ODE","Severe incidence
(per 1000 person-years)"
20.1369863013699,0.133202535284442,"ODE","Severe incidence
(per 1000 person-years)"
20.2191780821918,0.113803486317497,"ODE","Severe incidence
(per 1000 person-years)"
20.3013698630137,1.89125937276192,"ODE","Severe incidence
(per 1000 person-years)"
20.3835616438356,18.803812606058,"ODE","Severe incidence
(per 1000 person-years)"
20.4657534246575,34.9505590454706,"ODE","Severe incidence
(per 1000 person-years)"
20.5479452054795,46.4700331265672,"ODE","Severe incidence
(per 1000 person-years)"
20.6301369863014,66.8797727113904,"ODE","Severe incidence
(per 1000 person-years)"
20.7123287671233,93.8090152845423,"ODE","Severe incidence
(per 1000 person-years)"
20.7945205479452,93.1231206289942,"ODE","Severe incidence
(per 1000 person-years)"
20.8767123287671,55.2583705355207,"ODE","Severe incidence
(per 1000 person-years)"
20.958904109589,12.6574451229401,"ODE","Severe incidence
(per 1000 person-years)"
21.041095890411,0.818539312427708,"ODE","Severe incidence
(per 1000 person-years)"
21.1232876712329,0.144122973519609,"ODE","Severe incidence
(per 1000 person-years)"
21.2054794520548,0.115409661122468,"ODE","Severe incidence
(per 1000 person-years)"
21.2876712328767,0.898610140085264,"ODE","Severe incidence
(per 1000 person-years)"
21.3698630136986,15.2975293378439,"ODE","Severe incidence
(per 1000 person-years)"
21.4520547945205,32.8293761676438,"ODE","Severe incidence
(per 1000 person-years)"
21.5342465753425,44.4064102687371,"ODE","Severe incidence
(per 1000 person-years)"
21.6164383561644,62.3857206575036,"ODE","Severe incidence
(per 1000 person-years)"
21.6986301369863,90.3108052314976,"ODE","Severe incidence
(per 1000 person-years)"
21.7808219178082,96.1801718687813,"ODE","Severe incidence
(per 1000 person-years)"
21.8630136986301,63.1538999989527,"ODE","Severe incidence
(per 1000 person-years)"
21.9452054794521,17.8912368564142,"ODE","Severe incidence
(per 1000 person-years)"
22.027397260274,1.31902396527091,"ODE","Severe incidence
(per 1000 person-years)"
22.1095890410959,0.162753655637863,"ODE","Severe incidence
(per 1000 person-years)"
22.1917808219178,0.117232521821518,"ODE","Severe incidence
(per 1000 person-years)"
22.2739726027397,0.381159485606382,"ODE","Severe incidence
(per 1000 person-years)"
22.3561643835616,11.7931337461328,"ODE","Severe incidence
(per 1000 person-years)"
22.4383561643836,30.531653485435,"ODE","Severe incidence
(per 1000 person-years)"
22.5205479452055,42.5072371712643,"ODE","Severe incidence
(per 1000 person-years)"
22.6027397260274,58.2960688403727,"ODE","Severe incidence
(per 1000 person-years)"
22.6849315068493,86.1446654309882,"ODE","Severe incidence
(per 1000 person-years)"
22.7671232876712,98.0390450139116,"ODE","Severe incidence
(per 1000 person-years)"
22.8493150684932,70.6494176316792,"ODE","Severe incidence
(per 1000 person-years)"
22.9315068493151,24.1703560283567,"ODE","Severe incidence
(per 1000 person-years)"
23.013698630137,2.14801322028909,"ODE","Severe incidence
(per 1000 person-years)"
23.0958904109589,0.195123584374538,"ODE","Severe incidence
(per 1000 person-years)"
23.1780821917808,0.119444964728978,"ODE","Severe incidence
(per 1000 person-years)"
23.2602739726027,0.17510272248792,"ODE","Severe incidence
(per 1000 person-years)"
23.3424657534247,8.5199017821133,"ODE","Severe incidence
(per 1000 person-years)"
23.4246575342466,28.0106009416592,"ODE","Severe incidence
(per 1000 person-years)"
23.5068493150685,40.6782858955153,"ODE","Severe incidence
(per 1000 person-years)"
23.5890410958904,54.6732104618889,"ODE","Severe incidence
(per 1000 person-years)"
23.6712328767123,81.5131948594013,"ODE","Severe incidence
(per 1000 person-years)"
23.7534246575342,98.6836046915125,"ODE","Severe incidence
(per 1000 person-years)"
23.8356164383562,77.5591518187305,"ODE","Severe incidence
(per 1000 person-years)"
23.9178082191781,31.3226050424645,"ODE","Severe incidence
(per 1000 person-years)"
24,3.48149880352454,"ODE","Severe incidence
(per 1000 person-years)"
24.0821917808219,0.251757854129422,"ODE","Severe incidence
(per 1000 person-years)"
24.1643835616438,0.122373351259289,"ODE","Severe incidence
(per 1000 person-years)"
24.2465753424658,0.120095926615322,"ODE","Severe incidence
(per 1000 person-years)"
24.3287671232877,5.6998024578218,"ODE","Severe incidence
(per 1000 person-years)"
24.4109589041096,25.2229459209717,"ODE","Severe incidence
(per 1000 person-years)"
24.4931506849315,38.8445239237671,"ODE","Severe incidence
(per 1000 person-years)"
24.5753424657534,51.5279144565078,"ODE","Severe incidence
(per 1000 person-years)"
24.6575342465753,76.6275845789624,"ODE","Severe incidence
(per 1000 person-years)"
24.7397260273973,98.1418618015012,"ODE","Severe incidence
(per 1000 person-years)"
24.8219178082192,83.7092701498406,"ODE","Severe incidence
(per 1000 person-years)"
24.9041095890411,39.0899727909485,"ODE","Severe incidence
(per 1000 person-years)"
24.986301369863,5.54101936340299,"ODE","Severe incidence
(per 1000 person-years)"
25.0684931506849,0.350779913606504,"ODE","Severe incidence
(per 1000 person-years)"
25.1506849315068,0.126610251098957,"ODE","Severe incidence
(per 1000 person-years)"
25.2328767123288,0.11286520391456,"ODE","Severe incidence
(per 1000 person-years)"
25.3150684931507,3.47669640967239,"ODE","Severe incidence
(per 1000 person-years)"
25.3972602739726,22.1474230709452,"ODE","Severe incidence
(per 1000 person-years)"
25.4794520547945,36.9519610230825,"ODE","Severe incidence
(per 1000 person-years)"
25.5616438356164,48.8235176871105,"ODE","Severe incidence
(per 1000 person-years)"
25.6438356164384,71.6940815254354,"ODE","Severe incidence
(per 1000 person-years)"
25.7260273972603,96.4860379053688,"ODE","Severe incidence
(per 1000 person-years)"
25.8082191780822,88.9450069197108,"ODE","Severe incidence
(per 1000 person-years)"
25.8904109589041,47.1658456099284,"ODE","Severe incidence
(per 1000 person-years)"
25.972602739726,8.55039094354727,"ODE","Severe incidence
(per 1000 person-years)"
26.0547945205479,0.522845576066418,"ODE","Severe incidence
(per 1000 person-years)"
26.1369863013699,0.133225343969783,"ODE","Severe incidence
(per 1000 person-years)"
26.2191780821918,0.11382738311964,"ODE","Severe incidence
(per 1000 person-years)"
26.3013698630137,1.89174790581948,"ODE","Severe incidence
(per 1000 person-years)"
26.3835616438356,18.8086530026551,"ODE","Severe incidence
(per 1000 person-years)"
26.4657534246575,34.9611084484181,"ODE","Severe incidence
(per 1000 person-years)"
26.5479452054795,46.485805252268,"ODE","Severe incidence
(per 1000 person-years)"
26.6301369863014,66.8998914633072,"ODE","Severe incidence
(per 1000 person-years)"
26.7123287671233,93.8303522653066,"ODE","Severe incidence
(per 1000 person-years)"
26.7945205479452,93.1376762834427,"ODE","Severe incidence
(per 1000 person-years)"
26.8767123287671,55.2644489029441,"ODE","Severe incidence
(per 1000 person-years)"
26.958904109589,12.6585515816585,"ODE","Severe incidence
(per 1000 person-years)"
27.041095890411,0.818601240960648,"ODE","Severe incidence
(per 1000 person-years)"
27.1232876712329,0.144137152332065,"ODE","Severe incidence
(per 1000 person-years)"
27.2054794520548,0.115424628614438,"ODE","Severe incidence
(per 1000 person-years)"
27.2876712328767,0.89876299268899,"ODE","Severe incidence
(per 1000 person-years)"
27.3698630136986,15.3001792978348,"ODE","Severe incidence
(per 1000 person-years)"
27.4520547945205,32.8360385719158,"ODE","Severe incidence
(per 1000 person-years)"
27.5342465753425,44.4174679302184,"ODE","Severe incidence
(per 1000 person-years)"
27.6164383561644,62.3999334527204,"ODE","Severe incidence
(per 1000 person-years)"
27.6986301369863,90.3263829885087,"ODE","Severe incidence
(per 1000 person-years)"
27.7808219178082,96.1911191231518,"ODE","Severe incidence
(per 1000 person-years)"
27.8630136986301,63.158492059636,"ODE","Severe incidence
(per 1000 person-years)"
27.9452054794521,17.8921478686395,"ODE","Severe incidence
(per 1000 person-years)"
28.027397260274,1.31907362582611,"ODE","Severe incidence
(per 1000 person-years)"
28.1095890410959,0.162761373563618,"ODE","Severe incidence
(per 1000 person-years)"
28.1917808219178,0.117241020187455,"ODE","Severe incidence
(per 1000 person-years)"
28.2739726027397,0.381199106563137,"ODE","Severe incidence
(per 1000 person-years)"
28.3561643835616,11.7944513014006,"ODE","Severe incidence
(per 1000 person-years)"
28.4383561643836,30.5356262833635,"ODE","Severe incidence
(per 1000 person-years)"
28.5205479452055,42.5148285701359,"ODE","Severe incidence
(per 1000 person-years)"
28.6027397260274,58.3060460987315,"ODE","Severe incidence
(per 1000 person-years)"
28.6849315068493,86.1559050118447,"ODE","Severe incidence
(per 1000 person-years)"
28.7671232876712,98.0471433455348,"ODE","Severe incidence
(per 1000 person-years)"
28.8493150684932,70.6527108170014,"ODE","Severe incidence
(per 1000 person-years)"
28.9315068493151,24.1709861474491,"ODE","Severe incidence
(per 1000 person-years)"
29.013698630137,2.1480407381554,"ODE","Severe incidence
(per 1000 person-years)"
29.0958904109589,0.195126186180394,"ODE","Severe incidence
(per 1000 person-years)"
29.1780821917808,0.119448875710677,"ODE","Severe incidence
(per 1000 person-years)"
29.2602739726027,0.175112250918747,"ODE","Severe incidence
(per 1000 person-years)"
29.3424657534247,8.52047576066583,"ODE","Severe incidence
(per 1000 person-years)"
29.4246575342466,28.0127869439802,"ODE","Severe incidence
(per 1000 person-years)"
29.5068493150685,40.6833279079354,"ODE","Severe incidence
(per 1000 person-years)"
29.5890410958904,54.6801763836473,"ODE","Severe incidence
(per 1000 person-years)"
29.6712328767123,81.5212255432974,"ODE","Severe incidence
(per 1000 person-years)"
29.7534246575342,98.6895148820351,"ODE","Severe incidence
(per 1000 person-years)"
29.8356164383562,77.5613815986624,"ODE","Severe incidence
(per 1000 person-years)"
29.9178082191781,31.3229102580384,"ODE","Severe incidence
(per 1000 person-years)"
30,3.48148905293326,"ODE","Severe incidence
(per 1000 person-years)"
30.0821917808219,0.251755840002958,"ODE","Severe incidence
(per 1000 person-years)"
30.1643835616438,0.122374076133888,"ODE","Severe incidence
(per 1000 person-years)"
30.2465753424658,0.120098366498272,"ODE","Severe incidence
(per 1000 person-years)"
30.3287671232877,5.7000069218783,"ODE","Severe incidence
(per 1000 person-years)"
30.4109589041096,25.2240029816271,"ODE","Severe incidence
(per 1000 person-years)"
30.4931506849315,29.4364019223782,"ODE","Severe incidence
(per 1000 person-years)"
30.5753424657534,24.1279974526726,"ODE","Severe incidence
(per 1000 person-years)"
30.6575342465753,32.0518502181993,"ODE","Severe incidence
(per 1000 person-years)"
30.7397260273973,41.93795328697,"ODE","Severe incidence
(per 1000 person-years)"
30.8219178082192,47.0699176853921,"ODE","Severe incidence
(per 1000 person-years)"
30.9041095890411,30.6328837287745,"ODE","Severe incidence
(per 1000 person-years)"
30.986301369863,4.93823230598049,"ODE","Severe incidence
(per 1000 person-years)"
31.0684931506849,0.334279232454903,"ODE","Severe incidence
(per 1000 person-years)"
31.1506849315068,0.12382651997955,"ODE","Severe incidence
(per 1000 person-years)"
31.2328767123288,0.110929922719386,"ODE","Severe incidence
(per 1000 person-years)"
31.3150684931507,3.41879299549109,"ODE","Severe incidence
(per 1000 person-years)"
31.3972602739726,21.807447706377,"ODE","Severe incidence
(per 1000 person-years)"
31.4794520547945,31.6597548133739,"ODE","Severe incidence
(per 1000 person-years)"
31.5616438356164,23.7122063603123,"ODE","Severe incidence
(per 1000 person-years)"
31.6438356164384,31.0460162049574,"ODE","Severe incidence
(per 1000 person-years)"
31.7260273972603,42.0598628378082,"ODE","Severe incidence
(per 1000 person-years)"
31.8082191780822,45.401699042857,"ODE","Severe incidence
(per 1000 person-years)"
31.8904109589041,36.5811557626187,"ODE","Severe incidence
(per 1000 person-years)"
31.972602739726,7.66151973408073,"ODE","Severe incidence
(per 1000 person-years)"
32.0547945205479,0.504606545721109,"ODE","Severe incidence
(per 1000 person-years)"
32.1369863013699,0.132778873844517,"ODE","Severe incidence
(per 1000 person-years)"
32.2191780821918,0.114074533729362,"ODE","Severe incidence
(per 1000 person-years)"
32.3013698630137,1.89527963263611,"ODE","Severe incidence
(per 1000 person-years)"
32.3835616438356,18.84786406581,"ODE","Severe incidence
(per 1000 person-years)"
32.4657534246575,35.1792233259375,"ODE","Severe incidence
(per 1000 person-years)"
32.5479452054795,23.9335006224812,"ODE","Severe incidence
(per 1000 person-years)"
32.6301369863014,30.593545220149,"ODE","Severe incidence
(per 1000 person-years)"
32.7123287671233,41.9731112849834,"ODE","Severe incidence
(per 1000 person-years)"
32.7945205479452,41.0654330798797,"ODE","Severe incidence
(per 1000 person-years)"
32.8767123287671,41.7826269540211,"ODE","Severe incidence
(per 1000 person-years)"
32.958904109589,17.2756777087941,"ODE","Severe incidence
(per 1000 person-years)"
