"year","inc","model","metric"
0,1.30412637596546,"IBM","Clinical incidence
(per person-year)"
0.0821917808219178,0.449685151948407,"IBM","Clinical incidence
(per person-year)"
0.164383561643836,0.0111040126555322,"IBM","Clinical incidence
(per person-year)"
0.246575342465753,0,"IBM","Clinical incidence
(per person-year)"
0.328767123287671,0.150925769943489,"IBM","Clinical incidence
(per person-year)"
0.410958904109589,1.0331671897114,"IBM","Clinical incidence
(per person-year)"
0.493150684931507,1.38981437410757,"IBM","Clinical incidence
(per person-year)"
0.575342465753425,1.82384957180855,"IBM","Clinical incidence
(per person-year)"
0.657534246575342,2.55323237758475,"IBM","Clinical incidence
(per person-year)"
0.73972602739726,3.7673434856176,"IBM","Clinical incidence
(per person-year)"
0.821917808219178,3.2739448301284,"IBM","Clinical incidence
(per person-year)"
0.904109589041096,1.79212569429527,"IBM","Clinical incidence
(per person-year)"
0.986301369863014,0.218254576676582,"IBM","Clinical incidence
(per person-year)"
1.06849315068493,0.0111891113086662,"IBM","Clinical incidence
(per person-year)"
1.15068493150685,0.00557226386577714,"IBM","Clinical incidence
(per person-year)"
1.23287671232877,0.00556410920898184,"IBM","Clinical incidence
(per person-year)"
1.31506849315068,0.105305515063168,"IBM","Clinical incidence
(per person-year)"
1.3972602739726,0.766806722689076,"IBM","Clinical incidence
(per person-year)"
1.47945205479452,1.19333893514628,"IBM","Clinical incidence
(per person-year)"
1.56164383561644,1.7878189527177,"IBM","Clinical incidence
(per person-year)"
1.64383561643836,2.5088230308074,"IBM","Clinical incidence
(per person-year)"
1.72602739726027,3.88453363725973,"IBM","Clinical incidence
(per person-year)"
1.80821917808219,3.83558367409922,"IBM","Clinical incidence
(per person-year)"
1.89041095890411,2.27532174235862,"IBM","Clinical incidence
(per person-year)"
1.97260273972603,0.339051275699777,"IBM","Clinical incidence
(per person-year)"
2.05479452054795,0.0337317478898404,"IBM","Clinical incidence
(per person-year)"
2.13698630136986,0.00560065059612404,"IBM","Clinical incidence
(per person-year)"
2.21917808219178,0,"IBM","Clinical incidence
(per person-year)"
2.3013698630137,0.0167703004870279,"IBM","Clinical incidence
(per person-year)"
2.38356164383562,0.635496594866106,"IBM","Clinical incidence
(per person-year)"
2.46575342465753,1.3375545041284,"IBM","Clinical incidence
(per person-year)"
2.54794520547945,1.81037555992994,"IBM","Clinical incidence
(per person-year)"
2.63013698630137,2.27453108045264,"IBM","Clinical incidence
(per person-year)"
2.71232876712329,3.76682279469165,"IBM","Clinical incidence
(per person-year)"
2.79452054794521,3.94031162228743,"IBM","Clinical incidence
(per person-year)"
2.87671232876712,2.5713058419244,"IBM","Clinical incidence
(per person-year)"
2.95890410958904,0.68787477610778,"IBM","Clinical incidence
(per person-year)"
3.04109589041096,0.0511753984203393,"IBM","Clinical incidence
(per person-year)"
3.12328767123288,0.0113419200472321,"IBM","Clinical incidence
(per person-year)"
3.20547945205479,0.00567210567210567,"IBM","Clinical incidence
(per person-year)"
3.28767123287671,0.0170004657661854,"IBM","Clinical incidence
(per person-year)"
3.36986301369863,0.668778435117467,"IBM","Clinical incidence
(per person-year)"
3.45205479452055,1.16666146937757,"IBM","Clinical incidence
(per person-year)"
3.53424657534247,1.65898760973787,"IBM","Clinical incidence
(per person-year)"
3.61643835616438,2.33668224299065,"IBM","Clinical incidence
(per person-year)"
3.6986301369863,3.50322781364237,"IBM","Clinical incidence
(per person-year)"
3.78082191780822,4.2018812298189,"IBM","Clinical incidence
(per person-year)"
3.86301369863014,3.15940645201684,"IBM","Clinical incidence
(per person-year)"
3.94520547945205,0.874655431650169,"IBM","Clinical incidence
(per person-year)"
4.02739726027397,0.0687835673230943,"IBM","Clinical incidence
(per person-year)"
4.10958904109589,0.00571992728640381,"IBM","Clinical incidence
(per person-year)"
4.19178082191781,0.00573664853990507,"IBM","Clinical incidence
(per person-year)"
4.27397260273973,0.0171224844021204,"IBM","Clinical incidence
(per person-year)"
4.35616438356164,0.462061420645464,"IBM","Clinical incidence
(per person-year)"
4.43835616438356,1.11543429633597,"IBM","Clinical incidence
(per person-year)"
4.52054794520548,1.66034439337657,"IBM","Clinical incidence
(per person-year)"
4.6027397260274,2.31561796514648,"IBM","Clinical incidence
(per person-year)"
4.68493150684932,3.41929827332902,"IBM","Clinical incidence
(per person-year)"
4.76712328767123,4.3135210288495,"IBM","Clinical incidence
(per person-year)"
4.84931506849315,3.28036956590172,"IBM","Clinical incidence
(per person-year)"
4.93150684931507,1.25951311746632,"IBM","Clinical incidence
(per person-year)"
5.01369863013699,0.103673546676766,"IBM","Clinical incidence
(per person-year)"
5.0958904109589,0.0172245642735796,"IBM","Clinical incidence
(per person-year)"
5.17808219178082,0.00575482853764289,"IBM","Clinical incidence
(per person-year)"
5.26027397260274,0.0115147404451315,"IBM","Clinical incidence
(per person-year)"
5.34246575342466,0.218421757137683,"IBM","Clinical incidence
(per person-year)"
5.42465753424658,1.00644439542432,"IBM","Clinical incidence
(per person-year)"
5.50684931506849,1.60290029066094,"IBM","Clinical incidence
(per person-year)"
5.58904109589041,2.06217952775844,"IBM","Clinical incidence
(per person-year)"
5.67123287671233,3.13022151898734,"IBM","Clinical incidence
(per person-year)"
5.75342465753425,4.33884103367267,"IBM","Clinical incidence
(per person-year)"
5.83561643835616,3.80421893528053,"IBM","Clinical incidence
(per person-year)"
5.91780821917808,1.53823341189692,"IBM","Clinical incidence
(per person-year)"
6,0.159209870388834,"IBM","Clinical incidence
(per person-year)"
6.08219178082192,0.0339140534262485,"IBM","Clinical incidence
(per person-year)"
6.16438356164384,0.00567633977170228,"IBM","Clinical incidence
(per person-year)"
6.24657534246575,0,"IBM","Clinical incidence
(per person-year)"
6.32876712328767,0.13734497734435,"IBM","Clinical incidence
(per person-year)"
6.41095890410959,0.875519322724779,"IBM","Clinical incidence
(per person-year)"
6.49315068493151,1.58842222257009,"IBM","Clinical incidence
(per person-year)"
6.57534246575342,1.95421765734266,"IBM","Clinical incidence
(per person-year)"
6.65753424657534,3.09649450515239,"IBM","Clinical incidence
(per person-year)"
6.73972602739726,3.68721354410252,"IBM","Clinical incidence
(per person-year)"
6.82191780821918,3.75315524583817,"IBM","Clinical incidence
(per person-year)"
6.9041095890411,2.01366158007161,"IBM","Clinical incidence
(per person-year)"
6.98630136986301,0.229972492431577,"IBM","Clinical incidence
(per person-year)"
7.06849315068493,0.0225107157174134,"IBM","Clinical incidence
(per person-year)"
7.15068493150685,0.0113197599590628,"IBM","Clinical incidence
(per person-year)"
7.23287671232877,0.00568208353441163,"IBM","Clinical incidence
(per person-year)"
7.31506849315068,0.102213855655989,"IBM","Clinical incidence
(per person-year)"
7.3972602739726,0.668986191578261,"IBM","Clinical incidence
(per person-year)"
7.47945205479452,1.33387761449343,"IBM","Clinical incidence
(per person-year)"
7.56164383561644,1.80281799179376,"IBM","Clinical incidence
(per person-year)"
7.64383561643836,2.69491029040015,"IBM","Clinical incidence
(per person-year)"
7.72602739726027,3.88858996433403,"IBM","Clinical incidence
(per person-year)"
7.80821917808219,3.75342906622121,"IBM","Clinical incidence
(per person-year)"
7.89041095890411,2.26888569066356,"IBM","Clinical incidence
(per person-year)"
7.97260273972603,0.424886656047053,"IBM","Clinical incidence
(per person-year)"
8.05479452054795,0.0391031527395164,"IBM","Clinical incidence
(per person-year)"
8.13698630136986,0.00560297187768636,"IBM","Clinical incidence
(per person-year)"
8.21917808219178,0.00559078516067763,"IBM","Clinical incidence
(per person-year)"
8.3013698630137,0.0893827387238471,"IBM","Clinical incidence
(per person-year)"
8.38356164383562,0.781190283277024,"IBM","Clinical incidence
(per person-year)"
8.46575342465753,1.3201629887373,"IBM","Clinical incidence
(per person-year)"
8.54794520547945,1.96636006060699,"IBM","Clinical incidence
(per person-year)"
8.63013698630137,2.74250549315468,"IBM","Clinical incidence
(per person-year)"
8.71232876712329,3.8619600386426,"IBM","Clinical incidence
(per person-year)"
8.79452054794521,4.12262334168857,"IBM","Clinical incidence
(per person-year)"
8.87671232876712,2.82322908068116,"IBM","Clinical incidence
(per person-year)"
8.95890410958904,0.66420466709484,"IBM","Clinical incidence
(per person-year)"
9.04109589041096,0.0504290692497812,"IBM","Clinical incidence
(per person-year)"
9.12328767123288,0.011234917508003,"IBM","Clinical incidence
(per person-year)"
9.20547945205479,0.00562083249919152,"IBM","Clinical incidence
(per person-year)"
9.28767123287671,0.0112741312741313,"IBM","Clinical incidence
(per person-year)"
9.36986301369863,0.639150175884459,"IBM","Clinical incidence
(per person-year)"
9.45205479452055,1.27717223013563,"IBM","Clinical incidence
(per person-year)"
9.53424657534247,1.80334851160053,"IBM","Clinical incidence
(per person-year)"
9.61643835616438,2.64639953003741,"IBM","Clinical incidence
(per person-year)"
9.6986301369863,3.32319990123762,"IBM","Clinical incidence
(per person-year)"
9.78082191780822,4.03924668467583,"IBM","Clinical incidence
(per person-year)"
9.86301369863014,2.78139919206757,"IBM","Clinical incidence
(per person-year)"
9.94520547945205,0.873778265709101,"IBM","Clinical incidence
(per person-year)"
10.027397260274,0.0446278465535687,"IBM","Clinical incidence
(per person-year)"
10.1095890410959,0.0168135614040475,"IBM","Clinical incidence
(per person-year)"
10.1917808219178,0.0112057717399647,"IBM","Clinical incidence
(per person-year)"
10.2739726027397,0.00560908518125797,"IBM","Clinical incidence
(per person-year)"
10.3561643835616,0.448134563145536,"IBM","Clinical incidence
(per person-year)"
10.4383561643836,1.16663353163376,"IBM","Clinical incidence
(per person-year)"
10.5205479452055,1.55744348943199,"IBM","Clinical incidence
(per person-year)"
10.6027397260274,2.21076781890486,"IBM","Clinical incidence
(per person-year)"
10.6849315068493,3.29142558168164,"IBM","Clinical incidence
(per person-year)"
10.7671232876712,4.12586057185387,"IBM","Clinical incidence
(per person-year)"
10.8493150684932,3.41015082744529,"IBM","Clinical incidence
(per person-year)"
10.9315068493151,1.31831030150754,"IBM","Clinical incidence
(per person-year)"
11.013698630137,0.0977596420468868,"IBM","Clinical incidence
(per person-year)"
11.0958904109589,0.00579328296616088,"IBM","Clinical incidence
(per person-year)"
11.1780821917808,0,"IBM","Clinical incidence
(per person-year)"
11.2602739726027,0,"IBM","Clinical incidence
(per person-year)"
11.3424657534247,0.27950607829999,"IBM","Clinical incidence
(per person-year)"
11.4246575342466,1.07010834926705,"IBM","Clinical incidence
(per person-year)"
11.5068493150685,1.57870466074069,"IBM","Clinical incidence
(per person-year)"
11.5890410958904,2.05478908975579,"IBM","Clinical incidence
(per person-year)"
11.6712328767123,3.5386140795417,"IBM","Clinical incidence
(per person-year)"
11.7534246575342,3.77961973601508,"IBM","Clinical incidence
(per person-year)"
11.8356164383562,3.67987393772147,"IBM","Clinical incidence
(per person-year)"
11.9178082191781,1.4844154824527,"IBM","Clinical incidence
(per person-year)"
12,0.172614918973454,"IBM","Clinical incidence
(per person-year)"
12.0821917808219,0,"IBM","Clinical incidence
(per person-year)"
12.1643835616438,0.0115025841421908,"IBM","Clinical incidence
(per person-year)"
12.2465753424658,0.00575355853654692,"IBM","Clinical incidence
(per person-year)"
12.3287671232877,0.19509511083163,"IBM","Clinical incidence
(per person-year)"
12.4109589041096,0.942602944650028,"IBM","Clinical incidence
(per person-year)"
12.4931506849315,1.26381063300702,"IBM","Clinical incidence
(per person-year)"
12.5753424657534,1.7311934701081,"IBM","Clinical incidence
(per person-year)"
12.6575342465753,2.71497607428815,"IBM","Clinical incidence
(per person-year)"
12.7397260273973,4.12364301943953,"IBM","Clinical incidence
(per person-year)"
12.8219178082192,3.73268088849791,"IBM","Clinical incidence
(per person-year)"
12.9041095890411,1.82431588154442,"IBM","Clinical incidence
(per person-year)"
12.986301369863,0.295252317839587,"IBM","Clinical incidence
(per person-year)"
13.0684931506849,0.00568093385214008,"IBM","Clinical incidence
(per person-year)"
13.1506849315068,0.00565663453491616,"IBM","Clinical incidence
(per person-year)"
13.2328767123288,0,"IBM","Clinical incidence
(per person-year)"
13.3150684931507,0.0902892657812959,"IBM","Clinical incidence
(per person-year)"
13.3972602739726,0.849153173273776,"IBM","Clinical incidence
(per person-year)"
13.4794520547945,1.46034093562699,"IBM","Clinical incidence
(per person-year)"
13.5616438356164,1.755627159802,"IBM","Clinical incidence
(per person-year)"
13.6438356164384,2.78327380027955,"IBM","Clinical incidence
(per person-year)"
13.7260273972603,3.73533855667534,"IBM","Clinical incidence
(per person-year)"
13.8082191780822,3.90407759734699,"IBM","Clinical incidence
(per person-year)"
13.8904109589041,2.16691273603233,"IBM","Clinical incidence
(per person-year)"
13.972602739726,0.463951884174792,"IBM","Clinical incidence
(per person-year)"
14.0547945205479,0.0169975629065056,"IBM","Clinical incidence
(per person-year)"
14.1369863013699,0.00567554539658845,"IBM","Clinical incidence
(per person-year)"
14.2191780821918,0.00568739579600168,"IBM","Clinical incidence
(per person-year)"
14.3013698630137,0.0682370536548888,"IBM","Clinical incidence
(per person-year)"
14.3835616438356,0.812322968219877,"IBM","Clinical incidence
(per person-year)"
14.4657534246575,1.39137402561031,"IBM","Clinical incidence
(per person-year)"
14.5479452054795,1.91084633070279,"IBM","Clinical incidence
(per person-year)"
14.6301369863014,2.55181165626022,"IBM","Clinical incidence
(per person-year)"
14.7123287671233,3.87154805850194,"IBM","Clinical incidence
(per person-year)"
14.7945205479452,3.87945856388133,"IBM","Clinical incidence
(per person-year)"
14.8767123287671,2.61796257145094,"IBM","Clinical incidence
(per person-year)"
14.958904109589,0.671688344094071,"IBM","Clinical incidence
(per person-year)"
15.041095890411,0.0283812574840987,"IBM","Clinical incidence
(per person-year)"
15.1232876712329,0.00566154800682488,"IBM","Clinical incidence
(per person-year)"
15.2054794520548,0,"IBM","Clinical incidence
(per person-year)"
15.2876712328767,0.0282175768445791,"IBM","Clinical incidence
(per person-year)"
15.3698630136986,0.565094208171417,"IBM","Clinical incidence
(per person-year)"
15.4520547945205,1.42549512974483,"IBM","Clinical incidence
(per person-year)"
15.5342465753425,1.79864061172472,"IBM","Clinical incidence
(per person-year)"
15.6164383561644,2.44166148102054,"IBM","Clinical incidence
(per person-year)"
15.6986301369863,3.69359466117816,"IBM","Clinical incidence
(per person-year)"
15.7808219178082,4.27632193936372,"IBM","Clinical incidence
(per person-year)"
15.8630136986301,3.03986736822442,"IBM","Clinical incidence
(per person-year)"
15.9452054794521,0.863300396794523,"IBM","Clinical incidence
(per person-year)"
16.027397260274,0.056696386964491,"IBM","Clinical incidence
(per person-year)"
16.1095890410959,0.00567519241234549,"IBM","Clinical incidence
(per person-year)"
16.1917808219178,0,"IBM","Clinical incidence
(per person-year)"
16.2739726027397,0.00562169821491829,"IBM","Clinical incidence
(per person-year)"
16.3561643835616,0.409494682486015,"IBM","Clinical incidence
(per person-year)"
16.4383561643836,1.15024562053944,"IBM","Clinical incidence
(per person-year)"
16.5205479452055,1.62906025291346,"IBM","Clinical incidence
(per person-year)"
16.6027397260274,2.39080495452147,"IBM","Clinical incidence
(per person-year)"
16.6849315068493,3.71806926813979,"IBM","Clinical incidence
(per person-year)"
16.7671232876712,4.3990471833541,"IBM","Clinical incidence
(per person-year)"
16.8493150684932,3.43879304857088,"IBM","Clinical incidence
(per person-year)"
16.9315068493151,1.13095143025986,"IBM","Clinical incidence
(per person-year)"
17.013698630137,0.13432,"IBM","Clinical incidence
(per person-year)"
17.0958904109589,0.005835425026779,"IBM","Clinical incidence
(per person-year)"
17.1780821917808,0.00586486703623363,"IBM","Clinical incidence
(per person-year)"
17.2602739726027,0.00584533094181894,"IBM","Clinical incidence
(per person-year)"
17.3424657534247,0.346082764162314,"IBM","Clinical incidence
(per person-year)"
17.4246575342466,1.11513668282227,"IBM","Clinical incidence
(per person-year)"
17.5068493150685,1.47714185168597,"IBM","Clinical incidence
(per person-year)"
17.5890410958904,2.12556550197324,"IBM","Clinical incidence
(per person-year)"
17.6712328767123,3.30710819481839,"IBM","Clinical incidence
(per person-year)"
17.7534246575342,4.16923201555412,"IBM","Clinical incidence
(per person-year)"
17.8356164383562,3.833586872087,"IBM","Clinical incidence
(per person-year)"
17.9178082191781,1.58744583826942,"IBM","Clinical incidence
(per person-year)"
18,0.184804089698989,"IBM","Clinical incidence
(per person-year)"
18.0821917808219,0,"IBM","Clinical incidence
(per person-year)"
18.1643835616438,0.00603804797353185,"IBM","Clinical incidence
(per person-year)"
18.2465753424658,0,"IBM","Clinical incidence
(per person-year)"
18.3287671232877,0.218555603606001,"IBM","Clinical incidence
(per person-year)"
18.4109589041096,0.897057368125887,"IBM","Clinical incidence
(per person-year)"
18.4931506849315,1.42058479146396,"IBM","Clinical incidence
(per person-year)"
18.5753424657534,1.89574436511731,"IBM","Clinical incidence
(per person-year)"
18.6575342465753,3.14397046759639,"IBM","Clinical incidence
(per person-year)"
18.7397260273973,4.02454098955071,"IBM","Clinical incidence
(per person-year)"
18.8219178082192,3.60422632566407,"IBM","Clinical incidence
(per person-year)"
18.9041095890411,1.9999835453244,"IBM","Clinical incidence
(per person-year)"
18.986301369863,0.287802874743327,"IBM","Clinical incidence
(per person-year)"
19.0684931506849,0.0237773398693875,"IBM","Clinical incidence
(per person-year)"
19.1506849315068,0.0118502646017986,"IBM","Clinical incidence
(per person-year)"
19.2328767123288,0.00593235490110033,"IBM","Clinical incidence
(per person-year)"
19.3150684931507,0.136677412002214,"IBM","Clinical incidence
(per person-year)"
19.3972602739726,0.84432932590493,"IBM","Clinical incidence
(per person-year)"
19.4794520547945,1.35827253586643,"IBM","Clinical incidence
(per person-year)"
19.5616438356164,1.93162700292374,"IBM","Clinical incidence
(per person-year)"
19.6438356164384,2.87599311982963,"IBM","Clinical incidence
(per person-year)"
19.7260273972603,4.15746196392522,"IBM","Clinical incidence
(per person-year)"
19.8082191780822,4.16096397433788,"IBM","Clinical incidence
(per person-year)"
19.8904109589041,2.36813937787146,"IBM","Clinical incidence
(per person-year)"
19.972602739726,0.422880219798408,"IBM","Clinical incidence
(per person-year)"
20.0547945205479,0.0362163056060857,"IBM","Clinical incidence
(per person-year)"
20.1369863013699,0.00602439467212438,"IBM","Clinical incidence
(per person-year)"
20.2191780821918,0,"IBM","Clinical incidence
(per person-year)"
20.3013698630137,0.0600605542025933,"IBM","Clinical incidence
(per person-year)"
20.3835616438356,0.780543172509089,"IBM","Clinical incidence
(per person-year)"
20.4657534246575,1.44915240276107,"IBM","Clinical incidence
(per person-year)"
20.5479452054795,1.92672506227215,"IBM","Clinical incidence
(per person-year)"
20.6301369863014,2.60538477985559,"IBM","Clinical incidence
(per person-year)"
20.7123287671233,3.78786630866292,"IBM","Clinical incidence
(per person-year)"
20.7945205479452,4.29305658512478,"IBM","Clinical incidence
(per person-year)"
20.8767123287671,2.85254775498116,"IBM","Clinical incidence
(per person-year)"
20.958904109589,0.709531811142961,"IBM","Clinical incidence
(per person-year)"
21.041095890411,0.0180324089322179,"IBM","Clinical incidence
(per person-year)"
21.1232876712329,0.00599353027143303,"IBM","Clinical incidence
(per person-year)"
21.2054794520548,0.00598291999278771,"IBM","Clinical incidence
(per person-year)"
21.2876712328767,0.0298168510137729,"IBM","Clinical incidence
(per person-year)"
21.3698630136986,0.594646551864583,"IBM","Clinical incidence
(per person-year)"
21.4520547945205,1.31124223804415,"IBM","Clinical incidence
(per person-year)"
21.5342465753425,1.99589478979052,"IBM","Clinical incidence
(per person-year)"
21.6164383561644,2.49300722045144,"IBM","Clinical incidence
(per person-year)"
21.6986301369863,3.66141604680182,"IBM","Clinical incidence
(per person-year)"
21.7808219178082,4.47380794111448,"IBM","Clinical incidence
(per person-year)"
21.8630136986301,3.09427325628515,"IBM","Clinical incidence
(per person-year)"
21.9452054794521,0.98354002986819,"IBM","Clinical incidence
(per person-year)"
22.027397260274,0.106888361045131,"IBM","Clinical incidence
(per person-year)"
22.1095890410959,0.00593061987163864,"IBM","Clinical incidence
(per person-year)"
22.1917808219178,0,"IBM","Clinical incidence
(per person-year)"
22.2739726027397,0.0237835372310098,"IBM","Clinical incidence
(per person-year)"
22.3561643835616,0.326582072555718,"IBM","Clinical incidence
(per person-year)"
22.4383561643836,1.15713958884858,"IBM","Clinical incidence
(per person-year)"
22.5205479452055,1.8169908953953,"IBM","Clinical incidence
(per person-year)"
22.6027397260274,2.1880854252529,"IBM","Clinical incidence
(per person-year)"
22.6849315068493,3.73096611684407,"IBM","Clinical incidence
(per person-year)"
22.7671232876712,4.45021049222798,"IBM","Clinical incidence
(per person-year)"
22.8493150684932,3.38818565400844,"IBM","Clinical incidence
(per person-year)"
22.9315068493151,1.27997402386557,"IBM","Clinical incidence
(per person-year)"
23.013698630137,0.146959350640984,"IBM","Clinical incidence
(per person-year)"
23.0958904109589,0.00584757846168634,"IBM","Clinical incidence
(per person-year)"
23.1780821917808,0,"IBM","Clinical incidence
(per person-year)"
23.2602739726027,0.0116462723951437,"IBM","Clinical incidence
(per person-year)"
23.3424657534247,0.348931695425649,"IBM","Clinical incidence
(per person-year)"
23.4246575342466,1.17968762438504,"IBM","Clinical incidence
(per person-year)"
23.5068493150685,1.84182548120408,"IBM","Clinical incidence
(per person-year)"
23.5890410958904,2.05127798063185,"IBM","Clinical incidence
(per person-year)"
23.6712328767123,3.40098283234412,"IBM","Clinical incidence
(per person-year)"
23.7534246575342,4.27098486180603,"IBM","Clinical incidence
(per person-year)"
23.8356164383562,3.65467050543826,"IBM","Clinical incidence
(per person-year)"
23.9178082191781,1.74369579505923,"IBM","Clinical incidence
(per person-year)"
24,0.239842936132703,"IBM","Clinical incidence
(per person-year)"
24.0821917808219,0.00585912418132786,"IBM","Clinical incidence
(per person-year)"
24.1643835616438,0.00584795321637427,"IBM","Clinical incidence
(per person-year)"
24.2465753424658,0.00582564560921888,"IBM","Clinical incidence
(per person-year)"
24.3287671232877,0.198677617149352,"IBM","Clinical incidence
(per person-year)"
24.4109589041096,0.972614614100424,"IBM","Clinical incidence
(per person-year)"
24.4931506849315,1.57970524825434,"IBM","Clinical incidence
(per person-year)"
24.5753424657534,2.19918483076378,"IBM","Clinical incidence
(per person-year)"
24.6575342465753,3.01976943673941,"IBM","Clinical incidence
(per person-year)"
24.7397260273973,4.51650130632002,"IBM","Clinical incidence
(per person-year)"
24.8219178082192,3.899310719826,"IBM","Clinical incidence
(per person-year)"
24.9041095890411,1.94796140778255,"IBM","Clinical incidence
(per person-year)"
24.986301369863,0.304215419137682,"IBM","Clinical incidence
(per person-year)"
25.0684931506849,0.0175340272217774,"IBM","Clinical incidence
(per person-year)"
25.1506849315068,0.0117229528994235,"IBM","Clinical incidence
(per person-year)"
25.2328767123288,0.0116940328394073,"IBM","Clinical incidence
(per person-year)"
25.3150684931507,0.157556475723033,"IBM","Clinical incidence
(per person-year)"
25.3972602739726,0.797540630632068,"IBM","Clinical incidence
(per person-year)"
25.4794520547945,1.44477474326773,"IBM","Clinical incidence
(per person-year)"
25.5616438356164,1.84440101063069,"IBM","Clinical incidence
(per person-year)"
25.6438356164384,3.14670132010586,"IBM","Clinical incidence
(per person-year)"
25.7260273972603,3.99891228955167,"IBM","Clinical incidence
(per person-year)"
25.8082191780822,4.20878877866936,"IBM","Clinical incidence
(per person-year)"
25.8904109589041,2.5499001996008,"IBM","Clinical incidence
(per person-year)"
25.972602739726,0.485826110380453,"IBM","Clinical incidence
(per person-year)"
26.0547945205479,0.0115639900518003,"IBM","Clinical incidence
(per person-year)"
26.1369863013699,0,"IBM","Clinical incidence
(per person-year)"
26.2191780821918,0,"IBM","Clinical incidence
(per person-year)"
26.3013698630137,0.0523055856314885,"IBM","Clinical incidence
(per person-year)"
26.3835616438356,0.791555045286389,"IBM","Clinical incidence
(per person-year)"
26.4657534246575,1.49463839008301,"IBM","Clinical incidence
(per person-year)"
26.5479452054795,1.95457001207653,"IBM","Clinical incidence
(per person-year)"
26.6301369863014,2.81037780966045,"IBM","Clinical incidence
(per person-year)"
26.7123287671233,3.93175643279527,"IBM","Clinical incidence
(per person-year)"
26.7945205479452,4.26730127293926,"IBM","Clinical incidence
(per person-year)"
26.8767123287671,2.88861464968153,"IBM","Clinical incidence
(per person-year)"
26.958904109589,0.688777532865004,"IBM","Clinical incidence
(per person-year)"
27.041095890411,0.0576000504986744,"IBM","Clinical incidence
(per person-year)"
27.1232876712329,0.0114846687538348,"IBM","Clinical incidence
(per person-year)"
27.2054794520548,0,"IBM","Clinical incidence
(per person-year)"
27.2876712328767,0.0172408363773775,"IBM","Clinical incidence
(per person-year)"
27.3698630136986,0.664918259340107,"IBM","Clinical incidence
(per person-year)"
27.4520547945205,1.20518598500853,"IBM","Clinical incidence
(per person-year)"
27.5342465753425,1.69658507574809,"IBM","Clinical incidence
(per person-year)"
27.6164383561644,2.45469509327481,"IBM","Clinical incidence
(per person-year)"
27.6986301369863,3.7254241008435,"IBM","Clinical incidence
(per person-year)"
27.7808219178082,4.3542531120332,"IBM","Clinical incidence
(per person-year)"
27.8630136986301,3.3401849139221,"IBM","Clinical incidence
(per person-year)"
27.9452054794521,1.02529698852847,"IBM","Clinical incidence
(per person-year)"
28.027397260274,0.0746209976725168,"IBM","Clinical incidence
(per person-year)"
28.1095890410959,0,"IBM","Clinical incidence
(per person-year)"
28.1917808219178,0.00574948018398337,"IBM","Clinical incidence
(per person-year)"
28.2739726027397,0.0115229195605506,"IBM","Clinical incidence
(per person-year)"
28.3561643835616,0.409943685143002,"IBM","Clinical incidence
(per person-year)"
28.4383561643836,1.22275144875764,"IBM","Clinical incidence
(per person-year)"
28.5205479452055,1.82953026541913,"IBM","Clinical incidence
(per person-year)"
28.6027397260274,2.43294622971683,"IBM","Clinical incidence
(per person-year)"
28.6849315068493,3.65724493846765,"IBM","Clinical incidence
(per person-year)"
28.7671232876712,4.37563597049097,"IBM","Clinical incidence
(per person-year)"
28.8493150684932,3.45818083875976,"IBM","Clinical incidence
(per person-year)"
28.9315068493151,1.24437079791957,"IBM","Clinical incidence
(per person-year)"
29.013698630137,0.168071896981534,"IBM","Clinical incidence
(per person-year)"
29.0958904109589,0.00579769998093907,"IBM","Clinical incidence
(per person-year)"
29.1780821917808,0.00580960415108154,"IBM","Clinical incidence
(per person-year)"
29.2602739726027,0,"IBM","Clinical incidence
(per person-year)"
29.3424657534247,0.320037623351986,"IBM","Clinical incidence
(per person-year)"
29.4246575342466,1.03430709225503,"IBM","Clinical incidence
(per person-year)"
29.5068493150685,1.66070093383605,"IBM","Clinical incidence
(per person-year)"
29.5890410958904,2.28287959361854,"IBM","Clinical incidence
(per person-year)"
29.6712328767123,3.38686652391149,"IBM","Clinical incidence
(per person-year)"
29.7534246575342,4.33352883365564,"IBM","Clinical incidence
(per person-year)"
29.8356164383562,3.75811083083464,"IBM","Clinical incidence
(per person-year)"
29.9178082191781,1.62626054417454,"IBM","Clinical incidence
(per person-year)"
30,0.173457103028767,"IBM","Clinical incidence
(per person-year)"
30.0821917808219,0.0231415438262799,"IBM","Clinical incidence
(per person-year)"
30.1643835616438,0.011601112435439,"IBM","Clinical incidence
(per person-year)"
30.2465753424658,0,"IBM","Clinical incidence
(per person-year)"
30.3287671232877,0.193010287472358,"IBM","Clinical incidence
(per person-year)"
30.4109589041096,1.08452988982044,"IBM","Clinical incidence
(per person-year)"
30.4931506849315,1.62357683105037,"IBM","Clinical incidence
(per person-year)"
30.5753424657534,2.15778566723963,"IBM","Clinical incidence
(per person-year)"
30.6575342465753,3.19218031574547,"IBM","Clinical incidence
(per person-year)"
30.7397260273973,4.14792728207931,"IBM","Clinical incidence
(per person-year)"
30.8219178082192,4.09651418570672,"IBM","Clinical incidence
(per person-year)"
30.9041095890411,2.09776812797343,"IBM","Clinical incidence
(per person-year)"
30.986301369863,0.249816954763951,"IBM","Clinical incidence
(per person-year)"
31.0684931506849,0.0232888293375445,"IBM","Clinical incidence
(per person-year)"
31.1506849315068,0.0174858675864712,"IBM","Clinical incidence
(per person-year)"
31.2328767123288,0.00580184705377438,"IBM","Clinical incidence
(per person-year)"
31.3150684931507,0.0694565579359668,"IBM","Clinical incidence
(per person-year)"
31.3972602739726,0.945085144236879,"IBM","Clinical incidence
(per person-year)"
31.4794520547945,1.53241383714062,"IBM","Clinical incidence
(per person-year)"
31.5616438356164,2.07532513293613,"IBM","Clinical incidence
(per person-year)"
31.6438356164384,3.29478468976373,"IBM","Clinical incidence
(per person-year)"
31.7260273972603,4.21605534105534,"IBM","Clinical incidence
(per person-year)"
31.8082191780822,4.09642153538094,"IBM","Clinical incidence
(per person-year)"
31.8904109589041,2.49699382515437,"IBM","Clinical incidence
(per person-year)"
31.972602739726,0.404017384793189,"IBM","Clinical incidence
(per person-year)"
32.0547945205479,0.0356782118536379,"IBM","Clinical incidence
(per person-year)"
32.1369863013699,0,"IBM","Clinical incidence
(per person-year)"
32.2191780821918,0.00597997935678359,"IBM","Clinical incidence
(per person-year)"
32.3013698630137,0.0659754173787301,"IBM","Clinical incidence
(per person-year)"
32.3835616438356,0.766008427662563,"IBM","Clinical incidence
(per person-year)"
32.4657534246575,1.58494662565587,"IBM","Clinical incidence
(per person-year)"
32.5479452054795,1.8521833379863,"IBM","Clinical incidence
(per person-year)"
32.6301369863014,2.39452482735942,"IBM","Clinical incidence
(per person-year)"
32.7123287671233,3.84721469733537,"IBM","Clinical incidence
(per person-year)"
32.7945205479452,4.09707363639356,"IBM","Clinical incidence
(per person-year)"
32.8767123287671,2.92573106166812,"IBM","Clinical incidence
(per person-year)"
32.958904109589,0.880070022460034,"IBM","Clinical incidence
(per person-year)"
0,16.6484218208356,"IBM","Severe incidence
(per 1000 person-years)"
0.0821917808219178,11.1033370851459,"IBM","Severe incidence
(per 1000 person-years)"
0.164383561643836,0,"IBM","Severe incidence
(per 1000 person-years)"
0.246575342465753,0,"IBM","Severe incidence
(per 1000 person-years)"
0.328767123287671,0,"IBM","Severe incidence
(per 1000 person-years)"
0.410958904109589,11.230078149037,"IBM","Severe incidence
(per 1000 person-years)"
0.493150684931507,28.0204510908784,"IBM","Severe incidence
(per 1000 person-years)"
0.575342465753425,33.671069018004,"IBM","Severe incidence
(per 1000 person-years)"
0.657534246575342,67.3379967714659,"IBM","Severe incidence
(per 1000 person-years)"
0.73972602739726,89.8323334871558,"IBM","Severe incidence
(per 1000 person-years)"
0.821917808219178,84.0910487190514,"IBM","Severe incidence
(per 1000 person-years)"
0.904109589041096,16.8011783840182,"IBM","Severe incidence
(per 1000 person-years)"
0.986301369863014,0,"IBM","Severe incidence
(per 1000 person-years)"
1.06849315068493,5.5945556543331,"IBM","Severe incidence
(per 1000 person-years)"
1.15068493150685,0,"IBM","Severe incidence
(per 1000 person-years)"
1.23287671232877,0,"IBM","Severe incidence
(per 1000 person-years)"
1.31506849315068,0,"IBM","Severe incidence
(per 1000 person-years)"
1.3972602739726,27.7828522713433,"IBM","Severe incidence
(per 1000 person-years)"
1.47945205479452,22.3054006569399,"IBM","Severe incidence
(per 1000 person-years)"
1.56164383561644,44.6954738179425,"IBM","Severe incidence
(per 1000 person-years)"
1.64383561643836,50.6264737158445,"IBM","Severe incidence
(per 1000 person-years)"
1.72602739726027,106.810620995564,"IBM","Severe incidence
(per 1000 person-years)"
1.80821917808219,67.5873775171669,"IBM","Severe incidence
(per 1000 person-years)"
1.89041095890411,73.3974755599555,"IBM","Severe incidence
(per 1000 person-years)"
1.97260273972603,5.65085459499628,"IBM","Severe incidence
(per 1000 person-years)"
2.05479452054795,0,"IBM","Severe incidence
(per 1000 person-years)"
2.13698630136986,0,"IBM","Severe incidence
(per 1000 person-years)"
2.21917808219178,0,"IBM","Severe incidence
(per 1000 person-years)"
2.3013698630137,0,"IBM","Severe incidence
(per 1000 person-years)"
2.38356164383562,22.4954546855259,"IBM","Severe incidence
(per 1000 person-years)"
2.46575342465753,50.7932090175341,"IBM","Severe incidence
(per 1000 person-years)"
2.54794520547945,50.9168126230296,"IBM","Severe incidence
(per 1000 person-years)"
2.63013698630137,73.5544876763292,"IBM","Severe incidence
(per 1000 person-years)"
2.71232876712329,136.768149882904,"IBM","Severe incidence
(per 1000 person-years)"
2.79452054794521,108.816745382938,"IBM","Severe incidence
(per 1000 person-years)"
2.87671232876712,91.221493283349,"IBM","Severe incidence
(per 1000 person-years)"
2.95890410958904,45.4793240401838,"IBM","Severe incidence
(per 1000 person-years)"
3.04109589041096,0,"IBM","Severe incidence
(per 1000 person-years)"
3.12328767123288,0,"IBM","Severe incidence
(per 1000 person-years)"
3.20547945205479,0,"IBM","Severe incidence
(per 1000 person-years)"
3.28767123287671,0,"IBM","Severe incidence
(per 1000 person-years)"
3.36986301369863,22.6704554277107,"IBM","Severe incidence
(per 1000 person-years)"
3.45205479452055,39.8372209055757,"IBM","Severe incidence
(per 1000 person-years)"
3.53424657534247,34.0887865014632,"IBM","Severe incidence
(per 1000 person-years)"
3.61643835616438,73.9096573208723,"IBM","Severe incidence
(per 1000 person-years)"
3.6986301369863,85.1676129734775,"IBM","Severe incidence
(per 1000 person-years)"
3.78082191780822,136.646544059151,"IBM","Severe incidence
(per 1000 person-years)"
3.86301369863014,51.4189115156448,"IBM","Severe incidence
(per 1000 person-years)"
3.94520547945205,11.4334043352963,"IBM","Severe incidence
(per 1000 person-years)"
4.02739726027397,0,"IBM","Severe incidence
(per 1000 person-years)"
4.10958904109589,0,"IBM","Severe incidence
(per 1000 person-years)"
4.19178082191781,0,"IBM","Severe incidence
(per 1000 person-years)"
4.27397260273973,0,"IBM","Severe incidence
(per 1000 person-years)"
4.35616438356164,11.4089239665547,"IBM","Severe incidence
(per 1000 person-years)"
4.43835616438356,22.9986452852777,"IBM","Severe incidence
(per 1000 person-years)"
4.52054794520548,45.9610904740918,"IBM","Severe incidence
(per 1000 person-years)"
4.6027397260274,68.9514034286794,"IBM","Severe incidence
(per 1000 person-years)"
4.68493150684932,80.7254229790999,"IBM","Severe incidence
(per 1000 person-years)"
4.76712328767123,126.868265554397,"IBM","Severe incidence
(per 1000 person-years)"
4.84931506849315,86.1743318538106,"IBM","Severe incidence
(per 1000 person-years)"
4.93150684931507,0,"IBM","Severe incidence
(per 1000 person-years)"
5.01369863013699,0,"IBM","Severe incidence
(per 1000 person-years)"
5.0958904109589,0,"IBM","Severe incidence
(per 1000 person-years)"
5.17808219178082,0,"IBM","Severe incidence
(per 1000 person-years)"
5.26027397260274,0,"IBM","Severe incidence
(per 1000 person-years)"
5.34246575342466,0,"IBM","Severe incidence
(per 1000 person-years)"
5.42465753424658,17.2533324929884,"IBM","Severe incidence
(per 1000 person-years)"
5.50684931506849,46.1266270693795,"IBM","Severe incidence
(per 1000 person-years)"
5.58904109589041,46.2113059441666,"IBM","Severe incidence
(per 1000 person-years)"
5.67123287671233,121.28164556962,"IBM","Severe incidence
(per 1000 person-years)"
5.75342465753425,125.763508222396,"IBM","Severe incidence
(per 1000 person-years)"
5.83561643835616,85.424077888036,"IBM","Severe incidence
(per 1000 person-years)"
5.91780821917808,39.8801254936239,"IBM","Severe incidence
(per 1000 person-years)"
6,5.6860667996012,"IBM","Severe incidence
(per 1000 person-years)"
6.08219178082192,0,"IBM","Severe incidence
(per 1000 person-years)"
6.16438356164384,0,"IBM","Severe incidence
(per 1000 person-years)"
6.24657534246575,0,"IBM","Severe incidence
(per 1000 person-years)"
6.32876712328767,5.72270738934793,"IBM","Severe incidence
(per 1000 person-years)"
6.41095890410959,45.7787881163283,"IBM","Severe incidence
(per 1000 person-years)"
6.49315068493151,45.7099920164055,"IBM","Severe incidence
(per 1000 person-years)"
6.57534246575342,62.6717032967033,"IBM","Severe incidence
(per 1000 person-years)"
6.65753424657534,90.9062607017216,"IBM","Severe incidence
(per 1000 person-years)"
6.73972602739726,96.7324540891092,"IBM","Severe incidence
(per 1000 person-years)"
6.82191780821918,79.1327913279133,"IBM","Severe incidence
(per 1000 person-years)"
6.9041095890411,50.4817666313217,"IBM","Severe incidence
(per 1000 person-years)"
6.98630136986301,5.60908518125797,"IBM","Severe incidence
(per 1000 person-years)"
7.06849315068493,0,"IBM","Severe incidence
(per 1000 person-years)"
7.15068493150685,0,"IBM","Severe incidence
(per 1000 person-years)"
7.23287671232877,0,"IBM","Severe incidence
(per 1000 person-years)"
7.31506849315068,0,"IBM","Severe incidence
(per 1000 person-years)"
7.3972602739726,11.338749009801,"IBM","Severe incidence
(per 1000 person-years)"
7.47945205479452,34.0564497317471,"IBM","Severe incidence
(per 1000 person-years)"
7.56164383561644,28.257335294573,"IBM","Severe incidence
(per 1000 person-years)"
7.64383561643836,67.513410197916,"IBM","Severe incidence
(per 1000 person-years)"
7.72602739726027,78.5573730168491,"IBM","Severe incidence
(per 1000 person-years)"
7.80821917808219,55.9378400331029,"IBM","Severe incidence
(per 1000 person-years)"
7.89041095890411,55.8838840064917,"IBM","Severe incidence
(per 1000 person-years)"
7.97260273972603,11.1812277907119,"IBM","Severe incidence
(per 1000 person-years)"
8.05479452054795,0,"IBM","Severe incidence
(per 1000 person-years)"
8.13698630136986,0,"IBM","Severe incidence
(per 1000 person-years)"
8.21917808219178,0,"IBM","Severe incidence
(per 1000 person-years)"
8.3013698630137,0,"IBM","Severe incidence
(per 1000 person-years)"
8.38356164383562,22.3197223793436,"IBM","Severe incidence
(per 1000 person-years)"
8.46575342465753,61.2733876629124,"IBM","Severe incidence
(per 1000 person-years)"
8.54794520547945,55.8625017217894,"IBM","Severe incidence
(per 1000 person-years)"
8.63013698630137,72.9091439897973,"IBM","Severe incidence
(per 1000 person-years)"
8.71232876712329,128.732001288087,"IBM","Severe incidence
(per 1000 person-years)"
8.79452054794521,72.5224674451305,"IBM","Severe incidence
(per 1000 person-years)"
8.87671232876712,106.010578128344,"IBM","Severe incidence
(per 1000 person-years)"
8.95890410958904,16.7446554729792,"IBM","Severe incidence
(per 1000 person-years)"
9.04109589041096,0,"IBM","Severe incidence
(per 1000 person-years)"
9.12328767123288,0,"IBM","Severe incidence
(per 1000 person-years)"
9.20547945205479,0,"IBM","Severe incidence
(per 1000 person-years)"
9.28767123287671,0,"IBM","Severe incidence
(per 1000 person-years)"
9.36986301369863,22.6247849870605,"IBM","Severe incidence
(per 1000 person-years)"
9.45205479452055,28.2560227906113,"IBM","Severe incidence
(per 1000 person-years)"
9.53424657534247,39.5719109128644,"IBM","Severe incidence
(per 1000 person-years)"
9.61643835616438,73.3543579754506,"IBM","Severe incidence
(per 1000 person-years)"
9.6986301369863,78.8555908768248,"IBM","Severe incidence
(per 1000 person-years)"
9.78082191780822,95.238826129666,"IBM","Severe incidence
(per 1000 person-years)"
9.86301369863014,44.6811115191578,"IBM","Severe incidence
(per 1000 person-years)"
9.94520547945205,33.3927999634052,"IBM","Severe incidence
(per 1000 person-years)"
10.027397260274,11.1569616383922,"IBM","Severe incidence
(per 1000 person-years)"
10.1095890410959,0,"IBM","Severe incidence
(per 1000 person-years)"
10.1917808219178,0,"IBM","Severe incidence
(per 1000 person-years)"
10.2739726027397,0,"IBM","Severe incidence
(per 1000 person-years)"
10.3561643835616,11.2033640786384,"IBM","Severe incidence
(per 1000 person-years)"
10.4383561643836,39.0738503418006,"IBM","Severe incidence
(per 1000 person-years)"
10.5205479452055,61.404582020616,"IBM","Severe incidence
(per 1000 person-years)"
10.6027397260274,83.7412052615479,"IBM","Severe incidence
(per 1000 person-years)"
10.6849315068493,84.2515080635233,"IBM","Severe incidence
(per 1000 person-years)"
10.7671232876712,67.9154003597345,"IBM","Severe incidence
(per 1000 person-years)"
10.8493150684932,56.930731676883,"IBM","Severe incidence
(per 1000 person-years)"
10.9315068493151,22.927135678392,"IBM","Severe incidence
(per 1000 person-years)"
11.013698630137,0,"IBM","Severe incidence
(per 1000 person-years)"
11.0958904109589,0,"IBM","Severe incidence
(per 1000 person-years)"
11.1780821917808,0,"IBM","Severe incidence
(per 1000 person-years)"
11.2602739726027,0,"IBM","Severe incidence
(per 1000 person-years)"
11.3424657534247,11.6460865958329,"IBM","Severe incidence
(per 1000 person-years)"
11.4246575342466,17.4474187380497,"IBM","Severe incidence
(per 1000 person-years)"
11.5068493150685,63.8446737799545,"IBM","Severe incidence
(per 1000 person-years)"
11.5890410958904,81.0339359340311,"IBM","Severe incidence
(per 1000 person-years)"
11.6712328767123,109.145564141708,"IBM","Severe incidence
(per 1000 person-years)"
11.7534246575342,86.0307982401006,"IBM","Severe incidence
(per 1000 person-years)"
11.8356164383562,154.520367524852,"IBM","Severe incidence
(per 1000 person-years)"
11.9178082191781,34.3880034545026,"IBM","Severe incidence
(per 1000 person-years)"
12,0,"IBM","Severe incidence
(per 1000 person-years)"
12.0821917808219,0,"IBM","Severe incidence
(per 1000 person-years)"
12.1643835616438,0,"IBM","Severe incidence
(per 1000 person-years)"
12.2465753424658,0,"IBM","Severe incidence
(per 1000 person-years)"
12.3287671232877,5.73809149504795,"IBM","Severe incidence
(per 1000 person-years)"
12.4109589041096,17.2427367923786,"IBM","Severe incidence
(per 1000 person-years)"
12.4931506849315,40.2121565047688,"IBM","Severe incidence
(per 1000 person-years)"
12.5753424657534,28.7573666130913,"IBM","Severe incidence
(per 1000 person-years)"
12.6575342465753,121.049888662529,"IBM","Severe incidence
(per 1000 person-years)"
12.7397260273973,155.500504922999,"IBM","Severe incidence
(per 1000 person-years)"
12.8219178082192,74.5389424738446,"IBM","Severe incidence
(per 1000 person-years)"
12.9041095890411,57.0098712982632,"IBM","Severe incidence
(per 1000 person-years)"
12.986301369863,0,"IBM","Severe incidence
(per 1000 person-years)"
13.0684931506849,0,"IBM","Severe incidence
(per 1000 person-years)"
13.1506849315068,0,"IBM","Severe incidence
(per 1000 person-years)"
13.2328767123288,0,"IBM","Severe incidence
(per 1000 person-years)"
13.3150684931507,0,"IBM","Severe incidence
(per 1000 person-years)"
13.3972602739726,5.66102115515851,"IBM","Severe incidence
(per 1000 person-years)"
13.4794520547945,28.4113022495524,"IBM","Severe incidence
(per 1000 person-years)"
13.5616438356164,73.8613368201488,"IBM","Severe incidence
(per 1000 person-years)"
13.6438356164384,56.6858207796242,"IBM","Severe incidence
(per 1000 person-years)"
13.7260273972603,164.877957600586,"IBM","Severe incidence
(per 1000 person-years)"
13.8082191780822,130.704199037818,"IBM","Severe incidence
(per 1000 person-years)"
13.8904109589041,62.3980107234439,"IBM","Severe incidence
(per 1000 person-years)"
13.972602739726,5.65794980700966,"IBM","Severe incidence
(per 1000 person-years)"
14.0547945205479,0,"IBM","Severe incidence
(per 1000 person-years)"
14.1369863013699,0,"IBM","Severe incidence
(per 1000 person-years)"
14.2191780821918,0,"IBM","Severe incidence
(per 1000 person-years)"
14.3013698630137,0,"IBM","Severe incidence
(per 1000 person-years)"
14.3835616438356,5.6805801973418,"IBM","Severe incidence
(per 1000 person-years)"
14.4657534246575,56.7907765555227,"IBM","Severe incidence
(per 1000 person-years)"
14.5479452054795,62.3718386876282,"IBM","Severe incidence
(per 1000 person-years)"
14.6301369863014,85.2498326144839,"IBM","Severe incidence
(per 1000 person-years)"
14.7123287671233,90.9614815507064,"IBM","Severe incidence
(per 1000 person-years)"
14.7945205479452,108.396636343743,"IBM","Severe incidence
(per 1000 person-years)"
14.8767123287671,68.5929058022081,"IBM","Severe incidence
(per 1000 person-years)"
14.958904109589,17.0768223074764,"IBM","Severe incidence
(per 1000 person-years)"
15.041095890411,0,"IBM","Severe incidence
(per 1000 person-years)"
15.1232876712329,0,"IBM","Severe incidence
(per 1000 person-years)"
15.2054794520548,0,"IBM","Severe incidence
(per 1000 person-years)"
15.2876712328767,0,"IBM","Severe incidence
(per 1000 person-years)"
15.3698630136986,11.3018841634283,"IBM","Severe incidence
(per 1000 person-years)"
15.4520547945205,28.1718405087912,"IBM","Severe incidence
(per 1000 person-years)"
15.5342465753425,50.7453464122963,"IBM","Severe incidence
(per 1000 person-years)"
15.6164383561644,73.8176726820162,"IBM","Severe incidence
(per 1000 person-years)"
15.6986301369863,108.132971590732,"IBM","Severe incidence
(per 1000 person-years)"
15.7808219178082,102.358769825196,"IBM","Severe incidence
(per 1000 person-years)"
15.8630136986301,62.5019458887263,"IBM","Severe incidence
(per 1000 person-years)"
15.9452054794521,28.3980393682409,"IBM","Severe incidence
(per 1000 person-years)"
16.027397260274,0,"IBM","Severe incidence
(per 1000 person-years)"
16.1095890410959,0,"IBM","Severe incidence
(per 1000 person-years)"
16.1917808219178,0,"IBM","Severe incidence
(per 1000 person-years)"
16.2739726027397,5.62169821491829,"IBM","Severe incidence
(per 1000 person-years)"
16.3561643835616,0,"IBM","Severe incidence
(per 1000 person-years)"
16.4383561643836,39.4692124694905,"IBM","Severe incidence
(per 1000 person-years)"
16.5205479452055,22.6258368460203,"IBM","Severe incidence
(per 1000 person-years)"
16.6027397260274,45.3233166733927,"IBM","Severe incidence
(per 1000 person-years)"
16.6849315068493,125.842344460116,"IBM","Severe incidence
(per 1000 person-years)"
16.7671232876712,161.221624520831,"IBM","Severe incidence
(per 1000 person-years)"
16.8493150684932,69.7052644980584,"IBM","Severe incidence
(per 1000 person-years)"
16.9315068493151,23.3185861909249,"IBM","Severe incidence
(per 1000 person-years)"
17.013698630137,0,"IBM","Severe incidence
(per 1000 person-years)"
17.0958904109589,0,"IBM","Severe incidence
(per 1000 person-years)"
17.1780821917808,0,"IBM","Severe incidence
(per 1000 person-years)"
17.2602739726027,0,"IBM","Severe incidence
(per 1000 person-years)"
17.3424657534247,23.4632382482925,"IBM","Severe incidence
(per 1000 person-years)"
17.4246575342466,40.8688836636435,"IBM","Severe incidence
(per 1000 person-years)"
17.5068493150685,75.9005694542197,"IBM","Severe incidence
(per 1000 person-years)"
17.5890410958904,70.2666281644047,"IBM","Severe incidence
(per 1000 person-years)"
17.6712328767123,88.2680123172167,"IBM","Severe incidence
(per 1000 person-years)"
17.7534246575342,94.6208684381076,"IBM","Severe incidence
(per 1000 person-years)"
17.8356164383562,100.417529777317,"IBM","Severe incidence
(per 1000 person-years)"
17.9178082191781,41.4631375667386,"IBM","Severe incidence
(per 1000 person-years)"
18,17.8842667450635,"IBM","Severe incidence
(per 1000 person-years)"
18.0821917808219,0,"IBM","Severe incidence
(per 1000 person-years)"
18.1643835616438,0,"IBM","Severe incidence
(per 1000 person-years)"
18.2465753424658,0,"IBM","Severe incidence
(per 1000 person-years)"
18.3287671232877,6.07098898905559,"IBM","Severe incidence
(per 1000 person-years)"
18.4109589041096,36.1231154950021,"IBM","Severe incidence
(per 1000 person-years)"
18.4931506849315,54.1748437422696,"IBM","Severe incidence
(per 1000 person-years)"
18.5753424657534,54.1641247176375,"IBM","Severe incidence
(per 1000 person-years)"
18.6575342465753,131.74733388023,"IBM","Severe incidence
(per 1000 person-years)"
18.7397260273973,78.2048323828988,"IBM","Severe incidence
(per 1000 person-years)"
18.8219178082192,90.1056581416017,"IBM","Severe incidence
(per 1000 person-years)"
18.9041095890411,36.0357395553947,"IBM","Severe incidence
(per 1000 person-years)"
18.986301369863,0,"IBM","Severe incidence
(per 1000 person-years)"
19.0684931506849,0,"IBM","Severe incidence
(per 1000 person-years)"
19.1506849315068,0,"IBM","Severe incidence
(per 1000 person-years)"
19.2328767123288,5.93235490110033,"IBM","Severe incidence
(per 1000 person-years)"
19.3150684931507,0,"IBM","Severe incidence
(per 1000 person-years)"
19.3972602739726,41.621868178412,"IBM","Severe incidence
(per 1000 person-years)"
19.4794520547945,23.8293427344987,"IBM","Severe incidence
(per 1000 person-years)"
19.5616438356164,65.5799291116084,"IBM","Severe incidence
(per 1000 person-years)"
19.6438356164384,89.6879351298223,"IBM","Severe incidence
(per 1000 person-years)"
19.7260273972603,119.81158397479,"IBM","Severe incidence
(per 1000 person-years)"
19.8082191780822,102.072709327192,"IBM","Severe incidence
(per 1000 person-years)"
19.8904109589041,66.1155663872742,"IBM","Severe incidence
(per 1000 person-years)"
19.972602739726,12.0822919942402,"IBM","Severe incidence
(per 1000 person-years)"
20.0547945205479,0,"IBM","Severe incidence
(per 1000 person-years)"
20.1369863013699,0,"IBM","Severe incidence
(per 1000 person-years)"
20.2191780821918,0,"IBM","Severe incidence
(per 1000 person-years)"
20.3013698630137,0,"IBM","Severe incidence
(per 1000 person-years)"
20.3835616438356,18.0125347502097,"IBM","Severe incidence
(per 1000 person-years)"
20.4657534246575,24.0523220375282,"IBM","Severe incidence
(per 1000 person-years)"
20.5479452054795,54.1891423764042,"IBM","Severe incidence
(per 1000 person-years)"
20.6301369863014,66.035098106939,"IBM","Severe incidence
(per 1000 person-years)"
20.7123287671233,84.174806859176,"IBM","Severe incidence
(per 1000 person-years)"
20.7945205479452,108.228317272053,"IBM","Severe incidence
(per 1000 person-years)"
20.8767123287671,42.0375458628803,"IBM","Severe incidence
(per 1000 person-years)"
20.958904109589,24.0519258014563,"IBM","Severe incidence
(per 1000 person-years)"
21.041095890411,0,"IBM","Severe incidence
(per 1000 person-years)"
21.1232876712329,0,"IBM","Severe incidence
(per 1000 person-years)"
21.2054794520548,5.98291999278771,"IBM","Severe incidence
(per 1000 person-years)"
21.2876712328767,0,"IBM","Severe incidence
(per 1000 person-years)"
21.3698630136986,5.94646551864584,"IBM","Severe incidence
(per 1000 person-years)"
21.4520547945205,29.6661139828993,"IBM","Severe incidence
(per 1000 person-years)"
21.5342465753425,23.6901458728845,"IBM","Severe incidence
(per 1000 person-years)"
21.6164383561644,59.3573147726534,"IBM","Severe incidence
(per 1000 person-years)"
21.6986301369863,106.470902814916,"IBM","Severe incidence
(per 1000 person-years)"
21.7808219178082,130.19017818058,"IBM","Severe incidence
(per 1000 person-years)"
21.8630136986301,82.8294944321074,"IBM","Severe incidence
(per 1000 person-years)"
21.9452054794521,29.624699694825,"IBM","Severe incidence
(per 1000 person-years)"
22.027397260274,5.93824228028504,"IBM","Severe incidence
(per 1000 person-years)"
22.1095890410959,0,"IBM","Severe incidence
(per 1000 person-years)"
22.1917808219178,0,"IBM","Severe incidence
(per 1000 person-years)"
22.2739726027397,0,"IBM","Severe incidence
(per 1000 person-years)"
22.3561643835616,5.93785586464942,"IBM","Severe incidence
(per 1000 person-years)"
22.4383561643836,29.8231852796026,"IBM","Severe incidence
(per 1000 person-years)"
22.5205479452055,59.7694373485295,"IBM","Severe incidence
(per 1000 person-years)"
22.6027397260274,41.6211901542672,"IBM","Severe incidence
(per 1000 person-years)"
22.6849315068493,118.631673031608,"IBM","Severe incidence
(per 1000 person-years)"
22.7671232876712,153.65932642487,"IBM","Severe incidence
(per 1000 person-years)"
22.8493150684932,88.8510223953262,"IBM","Severe incidence
(per 1000 person-years)"
22.9315068493151,29.6290283302216,"IBM","Severe incidence
(per 1000 person-years)"
23.013698630137,0,"IBM","Severe incidence
(per 1000 person-years)"
23.0958904109589,0,"IBM","Severe incidence
(per 1000 person-years)"
23.1780821917808,0,"IBM","Severe incidence
(per 1000 person-years)"
23.2602739726027,0,"IBM","Severe incidence
(per 1000 person-years)"
23.3424657534247,5.81552825709415,"IBM","Severe incidence
(per 1000 person-years)"
23.4246575342466,40.6788835994842,"IBM","Severe incidence
(per 1000 person-years)"
23.5068493150685,75.2947523762675,"IBM","Severe incidence
(per 1000 person-years)"
23.5890410958904,81.1239879345928,"IBM","Severe incidence
(per 1000 person-years)"
23.6712328767123,99.0012125853596,"IBM","Severe incidence
(per 1000 person-years)"
23.7534246575342,116.693575459181,"IBM","Severe incidence
(per 1000 person-years)"
23.8356164383562,93.4101087651951,"IBM","Severe incidence
(per 1000 person-years)"
23.9178082191781,23.4053126853589,"IBM","Severe incidence
(per 1000 person-years)"
24,17.5494831316612,"IBM","Severe incidence
(per 1000 person-years)"
24.0821917808219,0,"IBM","Severe incidence
(per 1000 person-years)"
24.1643835616438,0,"IBM","Severe incidence
(per 1000 person-years)"
24.2465753424658,0,"IBM","Severe incidence
(per 1000 person-years)"
24.3287671232877,11.6869186558443,"IBM","Severe incidence
(per 1000 person-years)"
24.4109589041096,35.1547450879671,"IBM","Severe incidence
(per 1000 person-years)"
24.4931506849315,58.7251021655887,"IBM","Severe incidence
(per 1000 person-years)"
24.5753424657534,58.8017334428818,"IBM","Severe incidence
(per 1000 person-years)"
24.6575342465753,81.9317289037823,"IBM","Severe incidence
(per 1000 person-years)"
24.7397260273973,117.007805863213,"IBM","Severe incidence
(per 1000 person-years)"
24.8219178082192,128.420412928401,"IBM","Severe incidence
(per 1000 person-years)"
24.9041095890411,17.5492018719149,"IBM","Severe incidence
(per 1000 person-years)"
24.986301369863,11.700593043757,"IBM","Severe incidence
(per 1000 person-years)"
25.0684931506849,0,"IBM","Severe incidence
(per 1000 person-years)"
25.1506849315068,0,"IBM","Severe incidence
(per 1000 person-years)"
25.2328767123288,0,"IBM","Severe incidence
(per 1000 person-years)"
25.3150684931507,11.670850053558,"IBM","Severe incidence
(per 1000 person-years)"
25.3972602739726,29.1073222858419,"IBM","Severe incidence
(per 1000 person-years)"
25.4794520547945,34.813849235367,"IBM","Severe incidence
(per 1000 person-years)"
25.5616438356164,87.000047671259,"IBM","Severe incidence
(per 1000 person-years)"
25.6438356164384,75.1969065466474,"IBM","Severe incidence
(per 1000 person-years)"
25.7260273972603,138.091935178763,"IBM","Severe incidence
(per 1000 person-years)"
25.8082191780822,132.605673848487,"IBM","Severe incidence
(per 1000 person-years)"
25.8904109589041,80.9492126857396,"IBM","Severe incidence
(per 1000 person-years)"
25.972602739726,11.5672883423917,"IBM","Severe incidence
(per 1000 person-years)"
26.0547945205479,0,"IBM","Severe incidence
(per 1000 person-years)"
26.1369863013699,0,"IBM","Severe incidence
(per 1000 person-years)"
26.2191780821918,0,"IBM","Severe incidence
(per 1000 person-years)"
26.3013698630137,0,"IBM","Severe incidence
(per 1000 person-years)"
26.3835616438356,11.6405153718587,"IBM","Severe incidence
(per 1000 person-years)"
26.4657534246575,17.4471407402686,"IBM","Severe incidence
(per 1000 person-years)"
26.5479452054795,34.7994660903833,"IBM","Severe incidence
(per 1000 person-years)"
26.6301369863014,93.0974015622509,"IBM","Severe incidence
(per 1000 person-years)"
26.7123287671233,75.8350647275052,"IBM","Severe incidence
(per 1000 person-years)"
26.7945205479452,75.785405120506,"IBM","Severe incidence
(per 1000 person-years)"
26.8767123287671,87.1815286624204,"IBM","Severe incidence
(per 1000 person-years)"
26.958904109589,23.1521859786556,"IBM","Severe incidence
(per 1000 person-years)"
27.041095890411,0,"IBM","Severe incidence
(per 1000 person-years)"
27.1232876712329,0,"IBM","Severe incidence
(per 1000 person-years)"
27.2054794520548,0,"IBM","Severe incidence
(per 1000 person-years)"
27.2876712328767,0,"IBM","Severe incidence
(per 1000 person-years)"
27.3698630136986,11.464107919657,"IBM","Severe incidence
(per 1000 person-years)"
27.4520547945205,51.4060372752453,"IBM","Severe incidence
(per 1000 person-years)"
27.5342465753425,62.8364842869663,"IBM","Severe incidence
(per 1000 person-years)"
27.6164383561644,51.4970998589121,"IBM","Severe incidence
(per 1000 person-years)"
27.6986301369863,114.452353328525,"IBM","Severe incidence
(per 1000 person-years)"
27.7808219178082,114.736577392179,"IBM","Severe incidence
(per 1000 person-years)"
27.8630136986301,86.2354108585739,"IBM","Severe incidence
(per 1000 person-years)"
27.9452054794521,28.6395806851529,"IBM","Severe incidence
(per 1000 person-years)"
28.027397260274,5.74007674403976,"IBM","Severe incidence
(per 1000 person-years)"
28.1095890410959,0,"IBM","Severe incidence
(per 1000 person-years)"
28.1917808219178,0,"IBM","Severe incidence
(per 1000 person-years)"
28.2739726027397,0,"IBM","Severe incidence
(per 1000 person-years)"
28.3561643835616,17.3215641609719,"IBM","Severe incidence
(per 1000 person-years)"
28.4383561643836,52.1552750654918,"IBM","Severe incidence
(per 1000 person-years)"
28.5205479452055,69.696391063586,"IBM","Severe incidence
(per 1000 person-years)"
28.6027397260274,81.2917594654788,"IBM","Severe incidence
(per 1000 person-years)"
28.6849315068493,121.714966256451,"IBM","Severe incidence
(per 1000 person-years)"
28.7671232876712,104.458153141694,"IBM","Severe incidence
(per 1000 person-years)"
28.8493150684932,98.3094887272842,"IBM","Severe incidence
(per 1000 person-years)"
28.9315068493151,46.3021692249144,"IBM","Severe incidence
(per 1000 person-years)"
29.013698630137,5.79558265453564,"IBM","Severe incidence
(per 1000 person-years)"
29.0958904109589,0,"IBM","Severe incidence
(per 1000 person-years)"
29.1780821917808,0,"IBM","Severe incidence
(per 1000 person-years)"
29.2602739726027,0,"IBM","Severe incidence
(per 1000 person-years)"
29.3424657534247,17.456597637381,"IBM","Severe incidence
(per 1000 person-years)"
29.4246575342466,17.4321420042983,"IBM","Severe incidence
(per 1000 person-years)"
29.5068493150685,34.8398797308261,"IBM","Severe incidence
(per 1000 person-years)"
29.5890410958904,34.7646638622113,"IBM","Severe incidence
(per 1000 person-years)"
29.6712328767123,92.6322468078357,"IBM","Severe incidence
(per 1000 person-years)"
29.7534246575342,133.072313984085,"IBM","Severe incidence
(per 1000 person-years)"
29.8356164383562,81.0686465819491,"IBM","Severe incidence
(per 1000 person-years)"
29.9178082191781,63.6614447897507,"IBM","Severe incidence
(per 1000 person-years)"
30,5.78190343429223,"IBM","Severe incidence
(per 1000 person-years)"
30.0821917808219,0,"IBM","Severe incidence
(per 1000 person-years)"
30.1643835616438,5.80055621771951,"IBM","Severe incidence
(per 1000 person-years)"
30.2465753424658,0,"IBM","Severe incidence
(per 1000 person-years)"
30.3287671232877,17.5463897702144,"IBM","Severe incidence
(per 1000 person-years)"
30.4109589041096,5.86232372875912,"IBM","Severe incidence
(per 1000 person-years)"
30.4931506849315,64.474170186116,"IBM","Severe incidence
(per 1000 person-years)"
30.5753424657534,46.9083840704268,"IBM","Severe incidence
(per 1000 person-years)"
30.6575342465753,105.623613388637,"IBM","Severe incidence
(per 1000 person-years)"
30.7397260273973,123.205760853841,"IBM","Severe incidence
(per 1000 person-years)"
30.8219178082192,123.071241630674,"IBM","Severe incidence
(per 1000 person-years)"
30.9041095890411,23.3085347552604,"IBM","Severe incidence
(per 1000 person-years)"
30.986301369863,17.4290898672524,"IBM","Severe incidence
(per 1000 person-years)"
31.0684931506849,0,"IBM","Severe incidence
(per 1000 person-years)"
31.1506849315068,0,"IBM","Severe incidence
(per 1000 person-years)"
31.2328767123288,0,"IBM","Severe incidence
(per 1000 person-years)"
31.3150684931507,0,"IBM","Severe incidence
(per 1000 person-years)"
31.3972602739726,23.1922734782056,"IBM","Severe incidence
(per 1000 person-years)"
31.4794520547945,40.7866800759861,"IBM","Severe incidence
(per 1000 person-years)"
31.5616438356164,64.3058491895701,"IBM","Severe incidence
(per 1000 person-years)"
31.6438356164384,123.114730400424,"IBM","Severe incidence
(per 1000 person-years)"
31.7260273972603,93.9510939510939,"IBM","Severe incidence
(per 1000 person-years)"
31.8082191780822,82.5178438781772,"IBM","Severe incidence
(per 1000 person-years)"
31.8904109589041,53.3799155021124,"IBM","Severe incidence
(per 1000 person-years)"
31.972602739726,0,"IBM","Severe incidence
(per 1000 person-years)"
32.0547945205479,0,"IBM","Severe incidence
(per 1000 person-years)"
32.1369863013699,0,"IBM","Severe incidence
(per 1000 person-years)"
32.2191780821918,0,"IBM","Severe incidence
(per 1000 person-years)"
32.3013698630137,5.99776521624819,"IBM","Severe incidence
(per 1000 person-years)"
32.3835616438356,24.1262496901595,"IBM","Severe incidence
(per 1000 person-years)"
32.4657534246575,48.0286856259355,"IBM","Severe incidence
(per 1000 person-years)"
32.5479452054795,35.9647250094428,"IBM","Severe incidence
(per 1000 person-years)"
32.6301369863014,42.0092074975337,"IBM","Severe incidence
(per 1000 person-years)"
32.7123287671233,65.918008832849,"IBM","Severe incidence
(per 1000 person-years)"
32.7945205479452,102.126468942362,"IBM","Severe incidence
(per 1000 person-years)"
32.8767123287671,48.160182085072,"IBM","Severe incidence
(per 1000 person-years)"
32.958904109589,12.0557537323292,"IBM","Severe incidence
(per 1000 person-years)"
0,1.44686919289442,"ODE","Clinical incidence
(per person-year)"
0.0821917808219178,0.387560960343304,"ODE","Clinical incidence
(per person-year)"
0.164383561643836,0.022157164482566,"ODE","Clinical incidence
(per person-year)"
0.246575342465753,0.00553619736977097,"ODE","Clinical incidence
(per person-year)"
0.328767123287671,0.234270054631731,"ODE","Clinical incidence
(per person-year)"
0.410958904109589,1.02589080623157,"ODE","Clinical incidence
(per person-year)"
0.493150684931507,1.53748338132044,"ODE","Clinical incidence
(per person-year)"
0.575342465753425,1.99073023636445,"ODE","Clinical incidence
(per person-year)"
0.657534246575342,2.99707080977895,"ODE","Clinical incidence
(per person-year)"
0.73972602739726,4.02876237061287,"ODE","Clinical incidence
(per person-year)"
0.821917808219178,3.66243222921547,"ODE","Clinical incidence
(per person-year)"
0.904109589041096,1.77179018056368,"ODE","Clinical incidence
(per person-year)"
0.986301369863014,0.2457732342386,"ODE","Clinical incidence
(per person-year)"
1.06849315068493,0.0146647263139383,"ODE","Clinical incidence
(per person-year)"
1.15068493150685,0.0051073395823837,"ODE","Clinical incidence
(per person-year)"
1.23287671232877,0.00441997302978163,"ODE","Clinical incidence
(per person-year)"
1.31506849315068,0.131777331765996,"ODE","Clinical incidence
(per person-year)"
1.3972602739726,0.831967703958386,"ODE","Clinical incidence
(per person-year)"
1.47945205479452,1.39748038101006,"ODE","Clinical incidence
(per person-year)"
1.56164383561644,1.86472138242716,"ODE","Clinical incidence
(per person-year)"
1.64383561643836,2.81409543802519,"ODE","Clinical incidence
(per person-year)"
1.72602739726027,3.99279619562393,"ODE","Clinical incidence
(per person-year)"
1.80821917808219,3.94095878072187,"ODE","Clinical incidence
(per person-year)"
1.89041095890411,2.18642869497075,"ODE","Clinical incidence
(per person-year)"
1.97260273972603,0.392277958093683,"ODE","Clinical incidence
(per person-year)"
2.05479452054795,0.02263764501687,"ODE","Clinical incidence
(per person-year)"
2.13698630136986,0.00554483699985173,"ODE","Clinical incidence
(per person-year)"
2.21917808219178,0.00459597407812601,"ODE","Clinical incidence
(per person-year)"
2.3013698630137,0.0737681218064625,"ODE","Clinical incidence
(per person-year)"
2.38356164383562,0.723535122294378,"ODE","Clinical incidence
(per person-year)"
2.46575342465753,1.35133323274015,"ODE","Clinical incidence
(per person-year)"
2.54794520547945,1.81134282342293,"ODE","Clinical incidence
(per person-year)"
2.63013698630137,2.6644566351428,"ODE","Clinical incidence
(per person-year)"
2.71232876712329,3.9122688725483,"ODE","Clinical incidence
(per person-year)"
2.79452054794521,4.146903709569,"ODE","Clinical incidence
(per person-year)"
2.87671232876712,2.58885013159144,"ODE","Clinical incidence
(per person-year)"
2.95890410958904,0.592512054072775,"ODE","Clinical incidence
(per person-year)"
3.04109589041096,0.0362792750901552,"ODE","Clinical incidence
(per person-year)"
3.12328767123288,0.00611085399130435,"ODE","Clinical incidence
(per person-year)"
3.20547945205479,0.0047450300522759,"ODE","Clinical incidence
(per person-year)"
3.28767123287671,0.0356488257527294,"ODE","Clinical incidence
(per person-year)"
3.36986301369863,0.596254793970322,"ODE","Clinical incidence
(per person-year)"
3.45205479452055,1.28260148839383,"ODE","Clinical incidence
(per person-year)"
3.53424657534247,1.74825804404857,"ODE","Clinical incidence
(per person-year)"
3.61643835616438,2.49997780838401,"ODE","Clinical incidence
(per person-year)"
3.6986301369863,3.76579114013332,"ODE","Clinical incidence
(per person-year)"
3.78082191780822,4.26918811858948,"ODE","Clinical incidence
(per person-year)"
3.86301369863014,2.9626830607536,"ODE","Clinical incidence
(per person-year)"
3.94520547945205,0.846418403749647,"ODE","Clinical incidence
(per person-year)"
4.02739726027397,0.0594223613767084,"ODE","Clinical incidence
(per person-year)"
4.10958904109589,0.00697720711885226,"ODE","Clinical incidence
(per person-year)"
4.19178082191781,0.00487159592044918,"ODE","Clinical incidence
(per person-year)"
4.27397260273973,0.0152893316079948,"ODE","Clinical incidence
(per person-year)"
4.35616438356164,0.462804992901706,"ODE","Clinical incidence
(per person-year)"
4.43835616438356,1.19741428757507,"ODE","Clinical incidence
(per person-year)"
4.52054794520548,1.68067183667742,"ODE","Clinical incidence
(per person-year)"
4.6027397260274,2.33889144718954,"ODE","Clinical incidence
(per person-year)"
4.68493150684932,3.57810057506112,"ODE","Clinical incidence
(per person-year)"
4.76712328767123,4.32002665749122,"ODE","Clinical incidence
(per person-year)"
4.84931506849315,3.30209702079514,"ODE","Clinical incidence
(per person-year)"
4.93150684931507,1.14963601413878,"ODE","Clinical incidence
(per person-year)"
5.01369863013699,0.0980427648959257,"ODE","Clinical incidence
(per person-year)"
5.0958904109589,0.00843258279080047,"ODE","Clinical incidence
(per person-year)"
5.17808219178082,0.00500103924399744,"ODE","Clinical incidence
(per person-year)"
5.26027397260274,0.00709280350556586,"ODE","Clinical incidence
(per person-year)"
5.34246575342466,0.335862850350575,"ODE","Clinical incidence
(per person-year)"
5.42465753424658,1.09982275122425,"ODE","Clinical incidence
(per person-year)"
5.50684931506849,1.61123214391633,"ODE","Clinical incidence
(per person-year)"
5.58904109589041,2.19239297227094,"ODE","Clinical incidence
(per person-year)"
5.67123287671233,3.36899362070229,"ODE","Clinical incidence
(per person-year)"
5.75342465753425,4.31047166420111,"ODE","Clinical incidence
(per person-year)"
5.83561643835616,3.60249135947929,"ODE","Clinical incidence
(per person-year)"
5.91780821917808,1.49355630707126,"ODE","Clinical incidence
(per person-year)"
6,0.160756493829586,"ODE","Clinical incidence
(per person-year)"
6.08219178082192,0.0109638777963171,"ODE","Clinical incidence
(per person-year)"
6.16438356164384,0.0051567875710263,"ODE","Clinical incidence
(per person-year)"
6.24657534246575,0.00490674278353099,"ODE","Clinical incidence
(per person-year)"
6.32876712328767,0.225600752808208,"ODE","Clinical incidence
(per person-year)"
6.41095890410959,0.990879633103103,"ODE","Clinical incidence
(per person-year)"
6.49315068493151,1.53963763314526,"ODE","Clinical incidence
(per person-year)"
6.57534246575342,2.06430096742598,"ODE","Clinical incidence
(per person-year)"
6.65753424657534,3.15168325503929,"ODE","Clinical incidence
(per person-year)"
6.73972602739726,4.24810926010044,"ODE","Clinical incidence
(per person-year)"
6.82191780821918,3.85827302014466,"ODE","Clinical incidence
(per person-year)"
6.9041095890411,1.86484078298689,"ODE","Clinical incidence
(per person-year)"
6.98630136986301,0.2585016557246,"ODE","Clinical incidence
(per person-year)"
7.06849315068493,0.0154055433315837,"ODE","Clinical incidence
(per person-year)"
7.15068493150685,0.00536771358406722,"ODE","Clinical incidence
(per person-year)"
7.23287671232877,0.00464138315100133,"ODE","Clinical incidence
(per person-year)"
7.31506849315068,0.138192924139394,"ODE","Clinical incidence
(per person-year)"
7.3972602739726,0.870667318661326,"ODE","Clinical incidence
(per person-year)"
7.47945205479452,1.46458281362287,"ODE","Clinical incidence
(per person-year)"
7.56164383561644,1.95406527098965,"ODE","Clinical incidence
(per person-year)"
7.64383561643836,2.93568307122047,"ODE","Clinical incidence
(per person-year)"
7.72602739726027,4.13939093982753,"ODE","Clinical incidence
(per person-year)"
7.80821917808219,4.06402222633765,"ODE","Clinical incidence
(per person-year)"
7.89041095890411,2.24721884532146,"ODE","Clinical incidence
(per person-year)"
7.97260273972603,0.402402616874306,"ODE","Clinical incidence
(per person-year)"
8.05479452054795,0.0231826815502771,"ODE","Clinical incidence
(per person-year)"
8.13698630136986,0.00568123559484477,"ODE","Clinical incidence
(per person-year)"
8.21917808219178,0.00470818862083652,"ODE","Clinical incidence
(per person-year)"
8.3013698630137,0.0755453705045476,"ODE","Clinical incidence
(per person-year)"
8.38356164383562,0.740294970798124,"ODE","Clinical incidence
(per person-year)"
8.46575342465753,1.38485864422258,"ODE","Clinical incidence
(per person-year)"
8.54794520547945,1.85888818187505,"ODE","Clinical incidence
(per person-year)"
8.63013698630137,2.72852676442937,"ODE","Clinical incidence
(per person-year)"
8.71232876712329,3.9912733532342,"ODE","Clinical incidence
(per person-year)"
8.79452054794521,4.21567869579405,"ODE","Clinical incidence
(per person-year)"
8.87671232876712,2.62523578541493,"ODE","Clinical incidence
(per person-year)"
8.95890410958904,0.599898915651557,"ODE","Clinical incidence
(per person-year)"
9.04109589041096,0.0366811132448976,"ODE","Clinical incidence
(per person-year)"
9.12328767123288,0.00618167461870588,"ODE","Clinical incidence
(per person-year)"
9.20547945205479,0.00480140568733176,"ODE","Clinical incidence
(per person-year)"
9.28767123287671,0.0360799068523814,"ODE","Clinical incidence
(per person-year)"
9.36986301369863,0.603256355656361,"ODE","Clinical incidence
(per person-year)"
9.45205479452055,1.29938043293328,"ODE","Clinical incidence
(per person-year)"
9.53424657534247,1.77482856066967,"ODE","Clinical incidence
(per person-year)"
9.61643835616438,2.53606081285686,"ODE","Clinical incidence
(per person-year)"
9.6986301369863,3.81156799326794,"ODE","Clinical incidence
(per person-year)"
9.78082191780822,4.31104800703072,"ODE","Clinical incidence
(per person-year)"
9.86301369863014,2.98649435730447,"ODE","Clinical incidence
(per person-year)"
9.94520547945205,0.852248146748014,"ODE","Clinical incidence
(per person-year)"
10.027397260274,0.0597699077250696,"ODE","Clinical incidence
(per person-year)"
10.1095890410959,0.0070202533298852,"ODE","Clinical incidence
(per person-year)"
10.1917808219178,0.00490434599948064,"ODE","Clinical incidence
(per person-year)"
10.2739726027397,0.0153981837592633,"ODE","Clinical incidence
(per person-year)"
10.3561643835616,0.466074092382375,"ODE","Clinical incidence
(per person-year)"
10.4383561643836,1.20691600835105,"ODE","Clinical incidence
(per person-year)"
10.5205479452055,1.69759455591482,"ODE","Clinical incidence
(per person-year)"
10.6027397260274,2.36230416357261,"ODE","Clinical incidence
(per person-year)"
10.6849315068493,3.608773886765,"ODE","Clinical incidence
(per person-year)"
10.7671232876712,4.34995829841988,"ODE","Clinical incidence
(per person-year)"
10.8493150684932,3.32069389592644,"ODE","Clinical incidence
(per person-year)"
10.9315068493151,1.15512262507836,"ODE","Clinical incidence
(per person-year)"
11.013698630137,0.0984345570460283,"ODE","Clinical incidence
(per person-year)"
11.0958904109589,0.00846669972993391,"ODE","Clinical incidence
(per person-year)"
11.1780821917808,0.00502443911390178,"ODE","Clinical incidence
(per person-year)"
11.2602739726027,0.00712836298712889,"ODE","Clinical incidence
(per person-year)"
11.3424657534247,0.337594212251779,"ODE","Clinical incidence
(per person-year)"
11.4246575342466,1.10599357509084,"ODE","Clinical incidence
(per person-year)"
11.5068493150685,1.62320889423692,"ODE","Clinical incidence
(per person-year)"
11.5890410958904,2.20929417096874,"ODE","Clinical incidence
(per person-year)"
11.6712328767123,3.39171771375,"ODE","Clinical incidence
(per person-year)"
11.7534246575342,4.33423272498073,"ODE","Clinical incidence
(per person-year)"
11.8356164383562,3.61872004422564,"ODE","Clinical incidence
(per person-year)"
11.9178082191781,1.49927252991425,"ODE","Clinical incidence
(per person-year)"
12,0.161277556631607,"ODE","Clinical incidence
(per person-year)"
12.0821917808219,0.0109975553512232,"ODE","Clinical incidence
(per person-year)"
12.1643835616438,0.00517571303662742,"ODE","Clinical incidence
(per person-year)"
12.2465753424658,0.00492591532144703,"ODE","Clinical incidence
(per person-year)"
12.3287671232877,0.226538309522167,"ODE","Clinical incidence
(per person-year)"
12.4109589041096,0.99517643940056,"ODE","Clinical incidence
(per person-year)"
12.4931506849315,1.54847910893412,"ODE","Clinical incidence
(per person-year)"
12.5753424657534,2.07707098560575,"ODE","Clinical incidence
(per person-year)"
12.6575342465753,3.16911753534275,"ODE","Clinical incidence
(per person-year)"
12.7397260273973,4.26755264645857,"ODE","Clinical incidence
(per person-year)"
12.8219178082192,3.87282645088913,"ODE","Clinical incidence
(per person-year)"
12.9041095890411,1.8708513418988,"ODE","Clinical incidence
(per person-year)"
12.986301369863,0.259220293286935,"ODE","Clinical incidence
(per person-year)"
13.0684931506849,0.015444005325024,"ODE","Clinical incidence
(per person-year)"
13.1506849315068,0.0053837628983801,"ODE","Clinical incidence
(per person-year)"
13.2328767123288,0.00465622189477219,"ODE","Clinical incidence
(per person-year)"
13.3150684931507,0.13867017871203,"ODE","Clinical incidence
(per person-year)"
13.3972602739726,0.873704207058416,"ODE","Clinical incidence
(per person-year)"
13.4794520547945,1.47115064003135,"ODE","Clinical incidence
(per person-year)"
13.5616438356164,1.96385275542442,"ODE","Clinical incidence
(per person-year)"
13.6438356164384,2.94911814747437,"ODE","Clinical incidence
(per person-year)"
13.7260273972603,4.1552472747393,"ODE","Clinical incidence
(per person-year)"
13.8082191780822,4.07694992989148,"ODE","Clinical incidence
(per person-year)"
13.8904109589041,2.25335815944079,"ODE","Clinical incidence
(per person-year)"
13.972602739726,0.403366213216116,"ODE","Clinical incidence
(per person-year)"
14.0547945205479,0.0232311079057684,"ODE","Clinical incidence
(per person-year)"
14.1369863013699,0.00569510778383552,"ODE","Clinical incidence
(per person-year)"
14.2191780821918,0.00472061393120852,"ODE","Clinical incidence
(per person-year)"
14.3013698630137,0.0757625888133905,"ODE","Clinical incidence
(per person-year)"
14.3835616438356,0.742405769586536,"ODE","Clinical incidence
(per person-year)"
14.4657534246575,1.38970284985014,"ODE","Clinical incidence
(per person-year)"
14.5479452054795,1.86640672094863,"ODE","Clinical incidence
(per person-year)"
14.6301369863014,2.73883146320633,"ODE","Clinical incidence
(per person-year)"
14.7123287671233,4.00402696172284,"ODE","Clinical incidence
(per person-year)"
14.7945205479452,4.22692964196502,"ODE","Clinical incidence
(per person-year)"
14.8767123287671,2.63127388001515,"ODE","Clinical incidence
(per person-year)"
14.958904109589,0.601122156866424,"ODE","Clinical incidence
(per person-year)"
15.041095890411,0.0367458468092573,"ODE","Clinical incidence
(per person-year)"
15.1232876712329,0.00619387985310365,"ODE","Clinical incidence
(per person-year)"
15.2054794520548,0.00481179962399612,"ODE","Clinical incidence
(per person-year)"
15.2876712328767,0.0361655056019346,"ODE","Clinical incidence
(per person-year)"
15.3698630136986,0.604668872680685,"ODE","Clinical incidence
(per person-year)"
15.4520547945205,1.30291543295907,"ODE","Clinical incidence
(per person-year)"
15.5342465753425,1.7805877907487,"ODE","Clinical incidence
(per person-year)"
15.6164383561644,2.543920941886,"ODE","Clinical incidence
(per person-year)"
15.6986301369863,3.8216690485041,"ODE","Clinical incidence
(per person-year)"
15.7808219178082,4.32062588270709,"ODE","Clinical incidence
(per person-year)"
15.8630136986301,2.99222115254465,"ODE","Clinical incidence
(per person-year)"
15.9452054794521,0.853706699119436,"ODE","Clinical incidence
(per person-year)"
16.027397260274,0.0598588661960605,"ODE","Clinical incidence
(per person-year)"
16.1095890410959,0.00703131530196312,"ODE","Clinical incidence
(per person-year)"
16.1917808219178,0.00491296497619441,"ODE","Clinical incidence
(per person-year)"
16.2739726027397,0.0154278344132098,"ODE","Clinical incidence
(per person-year)"
16.3561643835616,0.466968347626061,"ODE","Clinical incidence
(per person-year)"
16.4383561643836,1.20946612508266,"ODE","Clinical incidence
(per person-year)"
16.5205479452055,1.70197782526097,"ODE","Clinical incidence
(per person-year)"
16.6027397260274,2.36827575650039,"ODE","Clinical incidence
(per person-year)"
16.6849315068493,3.61666032646812,"ODE","Clinical incidence
(per person-year)"
16.7671232876712,4.35794261834892,"ODE","Clinical incidence
(per person-year)"
16.8493150684932,3.32595113829171,"ODE","Clinical incidence
(per person-year)"
16.9315068493151,1.1567590666806,"ODE","Clinical incidence
(per person-year)"
17.013698630137,0.098557046235613,"ODE","Clinical incidence
(per person-year)"
17.0958904109589,0.0084772192911029,"ODE","Clinical incidence
(per person-year)"
17.1780821917808,0.00503151962818642,"ODE","Clinical incidence
(per person-year)"
17.2602739726027,0.00713923753636791,"ODE","Clinical incidence
(per person-year)"
17.3424657534247,0.338121528969537,"ODE","Clinical incidence
(per person-year)"
17.4246575342466,1.10780924775797,"ODE","Clinical incidence
(per person-year)"
17.5068493150685,1.62651135996456,"ODE","Clinical incidence
(per person-year)"
17.5890410958904,2.21382044075848,"ODE","Clinical incidence
(per person-year)"
17.6712328767123,3.39779832859136,"ODE","Clinical incidence
(per person-year)"
17.7534246575342,4.34076166471141,"ODE","Clinical incidence
(per person-year)"
17.8356164383562,3.6234080743754,"ODE","Clinical incidence
(per person-year)"
17.9178082191781,1.50100896149054,"ODE","Clinical incidence
(per person-year)"
18,0.161443286748463,"ODE","Clinical incidence
(per person-year)"
18.0821917808219,0.011008243763858,"ODE","Clinical incidence
(per person-year)"
18.1643835616438,0.00518148004618075,"ODE","Clinical incidence
(per person-year)"
18.2465753424658,0.00493178752282509,"ODE","Clinical incidence
(per person-year)"
18.3287671232877,0.226823679371874,"ODE","Clinical incidence
(per person-year)"
18.4109589041096,0.99644742034012,"ODE","Clinical incidence
(per person-year)"
18.4931506849315,1.55093333673983,"ODE","Clinical incidence
(per person-year)"
18.5753424657534,2.08049735093683,"ODE","Clinical incidence
(per person-year)"
18.6575342465753,3.17375666083508,"ODE","Clinical incidence
(per person-year)"
18.7397260273973,4.27279962678409,"ODE","Clinical incidence
(per person-year)"
18.8219178082192,3.8769006468282,"ODE","Clinical incidence
(per person-year)"
18.9041095890411,1.87260366814752,"ODE","Clinical incidence
(per person-year)"
18.986301369863,0.259437285113859,"ODE","Clinical incidence
(per person-year)"
19.0684931506849,0.0154557115499735,"ODE","Clinical incidence
(per person-year)"
19.1506849315068,0.00538843225814613,"ODE","Clinical incidence
(per person-year)"
19.2328767123288,0.00466055786136643,"ODE","Clinical incidence
(per person-year)"
19.3150684931507,0.138809468852952,"ODE","Clinical incidence
(per person-year)"
19.3972602739726,0.87457305341021,"ODE","Clinical incidence
(per person-year)"
19.4794520547945,1.47294423930089,"ODE","Clinical incidence
(per person-year)"
19.5616438356164,1.96644345924603,"ODE","Clinical incidence
(per person-year)"
19.6438356164384,2.952628067265,"ODE","Clinical incidence
(per person-year)"
19.7260273972603,4.15939990135306,"ODE","Clinical incidence
(per person-year)"
19.8082191780822,4.08041167294454,"ODE","Clinical incidence
(per person-year)"
19.8904109589041,2.25504992182039,"ODE","Clinical incidence
(per person-year)"
19.972602739726,0.403637652183185,"ODE","Clinical incidence
(per person-year)"
20.0547945205479,0.023244841574831,"ODE","Clinical incidence
(per person-year)"
20.1369863013699,0.00569888681833913,"ODE","Clinical incidence
(per person-year)"
20.2191780821918,0.00472401627332267,"ODE","Clinical incidence
(per person-year)"
20.3013698630137,0.0758224875580575,"ODE","Clinical incidence
(per person-year)"
20.3835616438356,0.742980243656046,"ODE","Clinical incidence
(per person-year)"
20.4657534246575,1.39098934066081,"ODE","Clinical incidence
(per person-year)"
20.5479452054795,1.86836133648858,"ODE","Clinical incidence
(per person-year)"
20.6301369863014,2.74147119191193,"ODE","Clinical incidence
(per person-year)"
20.7123287671233,4.00727055051554,"ODE","Clinical incidence
(per person-year)"
20.7945205479452,4.22981445796964,"ODE","Clinical incidence
(per person-year)"
20.8767123287671,2.63284686154533,"ODE","Clinical incidence
(per person-year)"
20.958904109589,0.60144364156864,"ODE","Clinical incidence
(per person-year)"
21.041095890411,0.0367627927333042,"ODE","Clinical incidence
(per person-year)"
21.1232876712329,0.00619696695787465,"ODE","Clinical incidence
(per person-year)"
21.2054794520548,0.00481444751214618,"ODE","Clinical incidence
(per person-year)"
21.2876712328767,0.0361876693776165,"ODE","Clinical incidence
(per person-year)"
21.3698630136986,0.605031893033343,"ODE","Clinical incidence
(per person-year)"
21.4520547945205,1.30382021599738,"ODE","Clinical incidence
(per person-year)"
21.5342465753425,1.7820561352654,"ODE","Clinical incidence
(per person-year)"
21.6164383561644,2.54589926261476,"ODE","Clinical incidence
(per person-year)"
21.6986301369863,3.82417521369708,"ODE","Clinical incidence
(per person-year)"
21.7808219178082,4.32299107229681,"ODE","Clinical incidence
(per person-year)"
21.8630136986301,2.99363954896952,"ODE","Clinical incidence
(per person-year)"
21.9452054794521,0.854066452218978,"ODE","Clinical incidence
(per person-year)"
22.027397260274,0.0598803813784589,"ODE","Clinical incidence
(per person-year)"
22.1095890410959,0.00703389961596704,"ODE","Clinical incidence
(per person-year)"
22.1917808219178,0.00491500032365009,"ODE","Clinical incidence
(per person-year)"
22.2739726027397,0.0154350137192645,"ODE","Clinical incidence
(per person-year)"
22.3561643835616,0.467184752101622,"ODE","Clinical incidence
(per person-year)"
22.4383561643836,1.21008990548621,"ODE","Clinical incidence
(per person-year)"
22.5205479452055,1.70307257774206,"ODE","Clinical incidence
(per person-year)"
22.6027397260274,2.36975674754886,"ODE","Clinical incidence
(per person-year)"
22.6849315068493,3.61858030190587,"ODE","Clinical incidence
(per person-year)"
22.7671232876712,4.35985621248525,"ODE","Clinical incidence
(per person-year)"
22.8493150684932,3.32719940131793,"ODE","Clinical incidence
(per person-year)"
22.9315068493151,1.15714120130577,"ODE","Clinical incidence
(per person-year)"
23.013698630137,0.0985846204635799,"ODE","Clinical incidence
(per person-year)"
23.0958904109589,0.00847948161959928,"ODE","Clinical incidence
(per person-year)"
23.1780821917808,0.00503306669672052,"ODE","Clinical incidence
(per person-year)"
23.2602739726027,0.00714168611414059,"ODE","Clinical incidence
(per person-year)"
23.3424657534247,0.338241686370801,"ODE","Clinical incidence
(per person-year)"
23.4246575342466,1.10823077280275,"ODE","Clinical incidence
(per person-year)"
23.5068493150685,1.62731819761114,"ODE","Clinical incidence
(per person-year)"
23.5890410958904,2.21493016910123,"ODE","Clinical incidence
(per person-year)"
23.6712328767123,3.39926020154481,"ODE","Clinical incidence
(per person-year)"
23.7534246575342,4.34229380259961,"ODE","Clinical incidence
(per person-year)"
23.8356164383562,3.62448597629543,"ODE","Clinical incidence
(per person-year)"
23.9178082191781,1.50139708778475,"ODE","Clinical incidence
(per person-year)"
24,0.161478429284532,"ODE","Clinical incidence
(per person-year)"
24.0821917808219,0.0110103598421827,"ODE","Clinical incidence
(per person-year)"
24.1643835616438,0.00518264515506603,"ODE","Clinical incidence
(per person-year)"
24.2465753424658,0.00493301265209853,"ODE","Clinical incidence
(per person-year)"
24.3287671232877,0.22688504002069,"ODE","Clinical incidence
(per person-year)"
24.4109589041096,0.996726408670808,"ODE","Clinical incidence
(per person-year)"
24.4931506849315,1.55151864383711,"ODE","Clinical incidence
(per person-year)"
24.5753424657534,2.08133078565099,"ODE","Clinical incidence
(per person-year)"
24.6575342465753,3.17486546848723,"ODE","Clinical incidence
(per person-year)"
24.7397260273973,4.27401669047351,"ODE","Clinical incidence
(per person-year)"
24.8219178082192,3.87781809660948,"ODE","Clinical incidence
(per person-year)"
24.9041095890411,1.872983414307,"ODE","Clinical incidence
(per person-year)"
24.986301369863,0.259481279514539,"ODE","Clinical incidence
(per person-year)"
25.0684931506849,0.0154578586101771,"ODE","Clinical incidence
(per person-year)"
25.1506849315068,0.00538930433722439,"ODE","Clinical incidence
(per person-year)"
25.2328767123288,0.00466139974599221,"ODE","Clinical incidence
(per person-year)"
25.3150684931507,0.138837833136358,"ODE","Clinical incidence
(per person-year)"
25.3972602739726,0.874753438469599,"ODE","Clinical incidence
(per person-year)"
25.4794520547945,1.4733605497794,"ODE","Clinical incidence
(per person-year)"
25.5616438356164,1.96707097334381,"ODE","Clinical incidence
(per person-year)"
25.6438356164384,2.95346770759384,"ODE","Clinical incidence
(per person-year)"
25.7260273972603,4.1603611638979,"ODE","Clinical incidence
(per person-year)"
25.8082191780822,4.0811842525348,"ODE","Clinical incidence
(per person-year)"
25.8904109589041,2.25541038903477,"ODE","Clinical incidence
(per person-year)"
25.972602739726,0.403691157728263,"ODE","Clinical incidence
(per person-year)"
26.0547945205479,0.0232472091196934,"ODE","Clinical incidence
(per person-year)"
26.1369863013699,0.00569953886148722,"ODE","Clinical incidence
(per person-year)"
26.2191780821918,0.00472463355414401,"ODE","Clinical incidence
(per person-year)"
26.3013698630137,0.0758340884409372,"ODE","Clinical incidence
(per person-year)"
26.3835616438356,0.743093537316803,"ODE","Clinical incidence
(per person-year)"
26.4657534246575,1.39127881738349,"ODE","Clinical incidence
(per person-year)"
26.5479452054795,1.86883443529417,"ODE","Clinical incidence
(per person-year)"
26.6301369863014,2.74210726209146,"ODE","Clinical incidence
(per person-year)"
26.7123287671233,4.00802678292775,"ODE","Clinical incidence
(per person-year)"
26.7945205479452,4.23046004995199,"ODE","Clinical incidence
(per person-year)"
26.8767123287671,2.6331811524959,"ODE","Clinical incidence
(per person-year)"
26.958904109589,0.601506327497362,"ODE","Clinical incidence
(per person-year)"
27.041095890411,0.0367655983040726,"ODE","Clinical incidence
(per person-year)"
27.1232876712329,0.00619745812337432,"ODE","Clinical incidence
(per person-year)"
27.2054794520548,0.00481489728998674,"ODE","Clinical incidence
(per person-year)"
27.2876712328767,0.0361917658876413,"ODE","Clinical incidence
(per person-year)"
27.3698630136986,0.605100366018225,"ODE","Clinical incidence
(per person-year)"
27.4520547945205,1.30401667402423,"ODE","Clinical incidence
(per person-year)"
27.5342465753425,1.78241226808357,"ODE","Clinical incidence
(per person-year)"
27.6164383561644,2.54638217361146,"ODE","Clinical incidence
(per person-year)"
27.6986301369863,3.82476861924348,"ODE","Clinical incidence
(per person-year)"
27.7808219178082,4.3235276066331,"ODE","Clinical incidence
(per person-year)"
27.8630136986301,2.99394435408377,"ODE","Clinical incidence
(per person-year)"
27.9452054794521,0.854137036920752,"ODE","Clinical incidence
(per person-year)"
28.027397260274,0.0598838913640815,"ODE","Clinical incidence
(per person-year)"
28.1095890410959,0.00703427775240731,"ODE","Clinical incidence
(per person-year)"
28.1917808219178,0.00491532408292856,"ODE","Clinical incidence
(per person-year)"
28.2739726027397,0.0154362780057752,"ODE","Clinical incidence
(per person-year)"
28.3561643835616,0.467224086621672,"ODE","Clinical incidence
(per person-year)"
28.4383561643836,1.21022000750911,"ODE","Clinical incidence
(per person-year)"
28.5205479452055,1.70333903971668,"ODE","Clinical incidence
(per person-year)"
28.6027397260274,2.37012470167071,"ODE","Clinical incidence
(per person-year)"
28.6849315068493,3.61904522053598,"ODE","Clinical incidence
(per person-year)"
28.7671232876712,4.36030035882,"ODE","Clinical incidence
(per person-year)"
28.8493150684932,3.32747396661968,"ODE","Clinical incidence
(per person-year)"
28.9315068493151,1.15721787242279,"ODE","Clinical incidence
(per person-year)"
29.013698630137,0.0985891733316713,"ODE","Clinical incidence
(per person-year)"
29.0958904109589,0.00847978614291252,"ODE","Clinical incidence
(per person-year)"
29.1780821917808,0.00503329651887714,"ODE","Clinical incidence
(per person-year)"
29.2602739726027,0.00714209124131565,"ODE","Clinical incidence
(per person-year)"
29.3424657534247,0.338262873297773,"ODE","Clinical incidence
(per person-year)"
29.4246575342466,1.10831492873578,"ODE","Clinical incidence
(per person-year)"
29.5068493150685,1.62751519745883,"ODE","Clinical incidence
(per person-year)"
29.5890410958904,2.21521178438634,"ODE","Clinical incidence
(per person-year)"
29.6712328767123,3.39962416688173,"ODE","Clinical incidence
(per person-year)"
29.7534246575342,4.34266035818,"ODE","Clinical incidence
(per person-year)"
29.8356164383562,3.62473109307668,"ODE","Clinical incidence
(per person-year)"
29.9178082191781,1.50147787617682,"ODE","Clinical incidence
(per person-year)"
30,0.161484451695053,"ODE","Clinical incidence
(per person-year)"
30.0821917808219,0.0110106251148256,"ODE","Clinical incidence
(per person-year)"
30.1643835616438,0.00518280558524528,"ODE","Clinical incidence
(per person-year)"
30.2465753424658,0.00493320094405846,"ODE","Clinical incidence
(per person-year)"
30.3287671232877,0.226895587394627,"ODE","Clinical incidence
(per person-year)"
30.4109589041096,0.996779665561377,"ODE","Clinical incidence
(per person-year)"
30.4931506849315,1.55166161242306,"ODE","Clinical incidence
(per person-year)"
30.5753424657534,2.08154729110375,"ODE","Clinical incidence
(per person-year)"
30.6575342465753,3.17515034440878,"ODE","Clinical incidence
(per person-year)"
30.7397260273973,4.27431842032363,"ODE","Clinical incidence
(per person-year)"
30.8219178082192,3.87803538357239,"ODE","Clinical incidence
(per person-year)"
30.9041095890411,1.87306638660213,"ODE","Clinical incidence
(per person-year)"
30.986301369863,0.259489273379936,"ODE","Clinical incidence
(per person-year)"
31.0684931506849,0.015458118249173,"ODE","Clinical incidence
(per person-year)"
31.1506849315068,0.00538941398694006,"ODE","Clinical incidence
(per person-year)"
31.2328767123288,0.0046615208071998,"ODE","Clinical incidence
(per person-year)"
31.3150684931507,0.138842598503068,"ODE","Clinical incidence
(per person-year)"
31.3972602739726,0.874786435325135,"ODE","Clinical incidence
(per person-year)"
31.4794520547945,1.473461742765,"ODE","Clinical incidence
(per person-year)"
31.5616438356164,1.96723798514873,"ODE","Clinical incidence
(per person-year)"
31.6438356164384,2.95369075016786,"ODE","Clinical incidence
(per person-year)"
31.7260273972603,4.16060889740533,"ODE","Clinical incidence
(per person-year)"
31.8082191780822,4.08137570393443,"ODE","Clinical incidence
(per person-year)"
31.8904109589041,2.2554937579257,"ODE","Clinical incidence
(per person-year)"
31.972602739726,0.403701630226416,"ODE","Clinical incidence
(per person-year)"
32.0547945205479,0.0232475019509718,"ODE","Clinical incidence
(per person-year)"
32.1369863013699,0.00569961176301218,"ODE","Clinical incidence
(per person-year)"
32.2191780821918,0.00472471618928079,"ODE","Clinical incidence
(per person-year)"
32.3013698630137,0.0758359923990923,"ODE","Clinical incidence
(per person-year)"
32.3835616438356,0.743113497940022,"ODE","Clinical incidence
(per person-year)"
32.4657534246575,1.39134828304551,"ODE","Clinical incidence
(per person-year)"
32.5479452054795,1.86896336832666,"ODE","Clinical incidence
(per person-year)"
32.6301369863014,2.74228203667759,"ODE","Clinical incidence
(per person-year)"
32.7123287671233,4.00822962936056,"ODE","Clinical incidence
(per person-year)"
32.7945205479452,4.23062777731717,"ODE","Clinical incidence
(per person-year)"
32.8767123287671,2.63326336817171,"ODE","Clinical incidence
(per person-year)"
32.958904109589,0.938561050553638,"ODE","Clinical incidence
(per person-year)"
0,36.256975119946,"ODE","Severe incidence
(per 1000 person-years)"
0.0821917808219178,9.7243740508997,"ODE","Severe incidence
(per 1000 person-years)"
0.164383561643836,0.568683362948224,"ODE","Severe incidence
(per 1000 person-years)"
0.246575342465753,0.147940842051861,"ODE","Severe incidence
(per 1000 person-years)"
0.328767123287671,6.53603923396048,"ODE","Severe incidence
(per 1000 person-years)"
0.410958904109589,29.1526722728743,"ODE","Severe incidence
(per 1000 person-years)"
0.493150684931507,43.8975872073592,"ODE","Severe incidence
(per 1000 person-years)"
0.575342465753425,56.4355516965947,"ODE","Severe incidence
(per 1000 person-years)"
0.657534246575342,83.3572592218069,"ODE","Severe incidence
(per 1000 person-years)"
0.73972602739726,107.943509689783,"ODE","Severe incidence
(per 1000 person-years)"
0.821917808219178,93.2951758453466,"ODE","Severe incidence
(per 1000 person-years)"
0.904109589041096,43.3343882143862,"ODE","Severe incidence
(per 1000 person-years)"
0.986301369863014,5.95078384832972,"ODE","Severe incidence
(per 1000 person-years)"
1.06849315068493,0.363314697766671,"ODE","Severe incidence
(per 1000 person-years)"
1.15068493150685,0.131033434573134,"ODE","Severe incidence
(per 1000 person-years)"
1.23287671232877,0.11727761457358,"ODE","Severe incidence
(per 1000 person-years)"
1.31506849315068,3.65644734950166,"ODE","Severe incidence
(per 1000 person-years)"
1.3972602739726,23.5796391933382,"ODE","Severe incidence
(per 1000 person-years)"
1.47945205479452,39.9803310823181,"ODE","Severe incidence
(per 1000 person-years)"
1.56164383561644,53.1598316314487,"ODE","Severe incidence
(per 1000 person-years)"
1.64383561643836,78.9678099454474,"ODE","Severe incidence
(per 1000 person-years)"
1.72602739726027,108.265588737633,"ODE","Severe incidence
(per 1000 person-years)"
1.80821917808219,101.568642501748,"ODE","Severe incidence
(per 1000 person-years)"
1.89041095890411,53.8187271540771,"ODE","Severe incidence
(per 1000 person-years)"
1.97260273972603,9.49226771038275,"ODE","Severe incidence
(per 1000 person-years)"
2.05479452054795,0.557621872737398,"ODE","Severe incidence
(per 1000 person-years)"
2.13698630136986,0.141393082177985,"ODE","Severe incidence
(per 1000 person-years)"
2.21917808219178,0.121169898626929,"ODE","Severe incidence
(per 1000 person-years)"
2.3013698630137,2.03557701187235,"ODE","Severe incidence
(per 1000 person-years)"
2.38356164383562,20.4288066044012,"ODE","Severe incidence
(per 1000 person-years)"
2.46575342465753,38.5968108901907,"ODE","Severe incidence
(per 1000 person-years)"
2.54794520547945,51.6318577758846,"ODE","Severe incidence
(per 1000 person-years)"
2.63013698630137,74.9108046257005,"ODE","Severe incidence
(per 1000 person-years)"
2.71232876712329,106.620099922568,"ODE","Severe incidence
(per 1000 person-years)"
2.79452054794521,107.563550276972,"ODE","Severe incidence
(per 1000 person-years)"
2.87671232876712,63.9217940858825,"ODE","Severe incidence
(per 1000 person-years)"
2.95890410958904,14.2953805381805,"ODE","Severe incidence
(per 1000 person-years)"
3.04109589041096,0.886186751759042,"ODE","Severe incidence
(per 1000 person-years)"
3.12328767123288,0.154412733423668,"ODE","Severe incidence
(per 1000 person-years)"
3.20547945205479,0.123987003262893,"ODE","Severe incidence
(per 1000 person-years)"
3.28767123287671,0.975218294051461,"ODE","Severe incidence
(per 1000 person-years)"
3.36986301369863,16.7312793198805,"ODE","Severe incidence
(per 1000 person-years)"
3.45205479452055,36.4991210459304,"ODE","Severe incidence
(per 1000 person-years)"
3.53424657534247,49.756546102347,"ODE","Severe incidence
(per 1000 person-years)"
3.61643835616438,70.3362505579533,"ODE","Severe incidence
(per 1000 person-years)"
3.6986301369863,103.060056426569,"ODE","Severe incidence
(per 1000 person-years)"
3.78082191780822,111.465587500803,"ODE","Severe incidence
(per 1000 person-years)"
3.86301369863014,73.486952660665,"ODE","Severe incidence
(per 1000 person-years)"
3.94520547945205,20.403075361988,"ODE","Severe incidence
(per 1000 person-years)"
4.02739726027397,1.44199670483396,"ODE","Severe incidence
(per 1000 person-years)"
4.10958904109589,0.17490992943486,"ODE","Severe incidence
(per 1000 person-years)"
4.19178082191781,0.126346427526177,"ODE","Severe incidence
(per 1000 person-years)"
4.27397260273973,0.414555386143876,"ODE","Severe incidence
(per 1000 person-years)"
4.35616438356164,12.9232286579839,"ODE","Severe incidence
(per 1000 person-years)"
4.43835616438356,33.985899854887,"ODE","Severe incidence
(per 1000 person-years)"
4.52054794520548,47.8141023240768,"ODE","Severe incidence
(per 1000 person-years)"
4.6027397260274,65.9120808144217,"ODE","Severe incidence
(per 1000 person-years)"
4.68493150684932,98.4009744628311,"ODE","Severe incidence
(per 1000 person-years)"
4.76712328767123,113.653543310795,"ODE","Severe incidence
(per 1000 person-years)"
4.84931506849315,82.4343807346023,"ODE","Severe incidence
(per 1000 person-years)"
4.93150684931507,27.7478228245179,"ODE","Severe incidence
(per 1000 person-years)"
5.01369863013699,2.36820161499338,"ODE","Severe incidence
(per 1000 person-years)"
5.0958904109589,0.209944999833989,"ODE","Severe incidence
(per 1000 person-years)"
5.17808219178082,0.128893138368824,"ODE","Severe incidence
(per 1000 person-years)"
5.26027397260274,0.190248826545282,"ODE","Severe incidence
(per 1000 person-years)"
5.34246575342466,9.34149468096989,"ODE","Severe incidence
(per 1000 person-years)"
5.42465753424658,31.1536189512812,"ODE","Severe incidence
(per 1000 person-years)"
5.50684931506849,45.8510090703871,"ODE","Severe incidence
(per 1000 person-years)"
5.58904109589041,61.9158391223111,"ODE","Severe incidence
(per 1000 person-years)"
5.67123287671233,93.1216562863415,"ODE","Severe incidence
(per 1000 person-years)"
5.75342465753425,114.318947671777,"ODE","Severe incidence
(per 1000 person-years)"
5.83561643835616,90.6230701968726,"ODE","Severe incidence
(per 1000 person-years)"
5.91780821917808,36.1511611362926,"ODE","Severe incidence
(per 1000 person-years)"
6,3.87061075910678,"ODE","Severe incidence
(per 1000 person-years)"
6.08219178082192,0.271232552420448,"ODE","Severe incidence
(per 1000 person-years)"
6.16438356164384,0.13214450272131,"ODE","Severe incidence
(per 1000 person-years)"
6.24657534246575,0.130274649671068,"ODE","Severe incidence
(per 1000 person-years)"
6.32876712328767,6.25138202881989,"ODE","Severe incidence
(per 1000 person-years)"
6.41095890410959,28.0118118719394,"ODE","Severe incidence
(per 1000 person-years)"
6.49315068493151,43.8295259284141,"ODE","Severe incidence
(per 1000 person-years)"
6.57534246575342,58.4253919894662,"ODE","Severe incidence
(per 1000 person-years)"
6.65753424657534,87.5401541615867,"ODE","Severe incidence
(per 1000 person-years)"
6.73972602739726,113.574384899584,"ODE","Severe incidence
(per 1000 person-years)"
6.82191780821918,97.8727056764437,"ODE","Severe incidence
(per 1000 person-years)"
6.9041095890411,45.3212767491241,"ODE","Severe incidence
(per 1000 person-years)"
6.98630136986301,6.21181420413643,"ODE","Severe incidence
(per 1000 person-years)"
7.06849315068493,0.37883841338745,"ODE","Severe incidence
(per 1000 person-years)"
7.15068493150685,0.136783451293439,"ODE","Severe incidence
(per 1000 person-years)"
7.23287671232877,0.12240145241064,"ODE","Severe incidence
(per 1000 person-years)"
7.31506849315068,3.81437797790822,"ODE","Severe incidence
(per 1000 person-years)"
7.3972602739726,24.5586022431595,"ODE","Severe incidence
(per 1000 person-years)"
7.47945205479452,41.7010927486187,"ODE","Severe incidence
(per 1000 person-years)"
7.56164383561644,55.4179748281349,"ODE","Severe incidence
(per 1000 person-years)"
7.64383561643836,81.9085566210147,"ODE","Severe incidence
(per 1000 person-years)"
7.72602739726027,111.533491257801,"ODE","Severe incidence
(per 1000 person-years)"
7.80821917808219,104.004738435115,"ODE","Severe incidence
(per 1000 person-years)"
7.89041095890411,54.8956479515785,"ODE","Severe incidence
(per 1000 person-years)"
7.97260273972603,9.6624409509076,"ODE","Severe incidence
(per 1000 person-years)"
8.05479452054795,0.566953922991175,"ODE","Severe incidence
(per 1000 person-years)"
8.13698630136986,0.14396958915826,"ODE","Severe incidence
(per 1000 person-years)"
8.21917808219178,0.123471568675366,"ODE","Severe incidence
(per 1000 person-years)"
8.3013698630137,2.07612625820631,"ODE","Severe incidence
(per 1000 person-years)"
8.38356164383562,20.8287036415159,"ODE","Severe incidence
(per 1000 person-years)"
8.46575342465753,39.4279065536796,"ODE","Severe incidence
(per 1000 person-years)"
8.54794520547945,52.815116339209,"ODE","Severe incidence
(per 1000 person-years)"
8.63013698630137,76.4410017828444,"ODE","Severe incidence
(per 1000 person-years)"
8.71232876712329,108.343142559761,"ODE","Severe incidence
(per 1000 person-years)"
8.79452054794521,108.868626192875,"ODE","Severe incidence
(per 1000 person-years)"
8.87671232876712,64.5251155404525,"ODE","Severe incidence
(per 1000 person-years)"
8.95890410958904,14.4107007761377,"ODE","Severe incidence
(per 1000 person-years)"
9.04109589041096,0.892662767009364,"ODE","Severe incidence
(per 1000 person-years)"
9.12328767123288,0.155771258638897,"ODE","Severe incidence
(per 1000 person-years)"
9.20547945205479,0.125232738560919,"ODE","Severe incidence
(per 1000 person-years)"
9.28767123287671,0.98642251955879,"ODE","Severe incidence
(per 1000 person-years)"
9.36986301369863,16.9259227457064,"ODE","Severe incidence
(per 1000 person-years)"
9.45205479452055,36.9785720717647,"ODE","Severe incidence
(per 1000 person-years)"
9.53424657534247,50.5069197704289,"ODE","Severe incidence
(per 1000 person-years)"
9.61643835616438,71.3112463614721,"ODE","Severe incidence
(per 1000 person-years)"
9.6986301369863,104.187408458675,"ODE","Severe incidence
(per 1000 person-years)"
9.78082191780822,112.354951768148,"ODE","Severe incidence
(per 1000 person-years)"
9.86301369863014,73.9227708299395,"ODE","Severe incidence
(per 1000 person-years)"
9.94520547945205,20.5035249256748,"ODE","Severe incidence
(per 1000 person-years)"
10.027397260274,1.44835698149758,"ODE","Severe incidence
(per 1000 person-years)"
10.1095890410959,0.175885169370368,"ODE","Severe incidence
(per 1000 person-years)"
10.1917808219178,0.127228852480928,"ODE","Severe incidence
(per 1000 person-years)"
10.2739726027397,0.418054606879522,"ODE","Severe incidence
(per 1000 person-years)"
10.3561643835616,13.0378416905531,"ODE","Severe incidence
(per 1000 person-years)"
10.4383561643836,34.3189978296895,"ODE","Severe incidence
(per 1000 person-years)"
10.5205479452055,48.3727243048492,"ODE","Severe incidence
(per 1000 person-years)"
10.6027397260274,66.6441422464375,"ODE","Severe incidence
(per 1000 person-years)"
10.6849315068493,99.2814234530825,"ODE","Severe incidence
(per 1000 person-years)"
10.7671232876712,114.402933397551,"ODE","Severe incidence
(per 1000 person-years)"
10.8493150684932,82.8380523749182,"ODE","Severe incidence
(per 1000 person-years)"
10.9315068493151,27.860444051482,"ODE","Severe incidence
(per 1000 person-years)"
11.013698630137,2.37691183268585,"ODE","Severe incidence
(per 1000 person-years)"
11.0958904109589,0.210875681809641,"ODE","Severe incidence
(per 1000 person-years)"
11.1780821917808,0.129644381368891,"ODE","Severe incidence
(per 1000 person-years)"
11.2602739726027,0.191582448538561,"ODE","Severe incidence
(per 1000 person-years)"
11.3424657534247,9.41365368073058,"ODE","Severe incidence
(per 1000 person-years)"
11.4246575342466,31.4097464079744,"ODE","Severe incidence
(per 1000 person-years)"
11.5068493150685,46.2999725626785,"ODE","Severe incidence
(per 1000 person-years)"
11.5890410958904,62.5089426734256,"ODE","Severe incidence
(per 1000 person-years)"
11.6712328767123,93.8606501542866,"ODE","Severe incidence
(per 1000 person-years)"
11.7534246575342,115.004448543016,"ODE","Severe incidence
(per 1000 person-years)"
11.8356164383562,91.0337779006503,"ODE","Severe incidence
(per 1000 person-years)"
11.9178082191781,36.2878868762884,"ODE","Severe incidence
(per 1000 person-years)"
12,3.88407188753488,"ODE","Severe incidence
(per 1000 person-years)"
12.0821917808219,0.272287940497078,"ODE","Severe incidence
(per 1000 person-years)"
12.1643835616438,0.132828329022734,"ODE","Severe incidence
(per 1000 person-years)"
12.2465753424658,0.131067375481421,"ODE","Severe incidence
(per 1000 person-years)"
12.3287671232877,6.29505512797978,"ODE","Severe incidence
(per 1000 person-years)"
12.4109589041096,28.214123163041,"ODE","Severe incidence
(per 1000 person-years)"
12.4931506849315,44.1980533070428,"ODE","Severe incidence
(per 1000 person-years)"
12.5753424657534,58.9174091034088,"ODE","Severe incidence
(per 1000 person-years)"
12.6575342465753,88.1675140951407,"ODE","Severe incidence
(per 1000 person-years)"
12.7397260273973,114.205210940013,"ODE","Severe incidence
(per 1000 person-years)"
12.8219178082192,98.2911953497233,"ODE","Severe incidence
(per 1000 person-years)"
12.9041095890411,45.4838418274182,"ODE","Severe incidence
(per 1000 person-years)"
12.986301369863,6.23249441909716,"ODE","Severe incidence
(per 1000 person-years)"
13.0684931506849,0.380171164028152,"ODE","Severe incidence
(per 1000 person-years)"
13.1506849315068,0.137415781382873,"ODE","Severe incidence
(per 1000 person-years)"
13.2328767123288,0.123063391420292,"ODE","Severe incidence
(per 1000 person-years)"
13.3150684931507,3.83846382854692,"ODE","Severe incidence
(per 1000 person-years)"
13.3972602739726,24.7164785535243,"ODE","Severe incidence
(per 1000 person-years)"
13.4794520547945,42.0031646979889,"ODE","Severe incidence
(per 1000 person-years)"
13.5616438356164,55.8278794552644,"ODE","Severe incidence
(per 1000 person-years)"
13.6438356164384,82.4365502354197,"ODE","Severe incidence
(per 1000 person-years)"
13.7260273972603,112.10326833874,"ODE","Severe incidence
(per 1000 person-years)"
13.8082191780822,104.419939624131,"ODE","Severe incidence
(per 1000 person-years)"
13.8904109589041,55.0798554473869,"ODE","Severe incidence
(per 1000 person-years)"
13.972602739726,9.69262002763621,"ODE","Severe incidence
(per 1000 person-years)"
14.0547945205479,0.568762070754395,"ODE","Severe incidence
(per 1000 person-years)"
14.1369863013699,0.144556449560596,"ODE","Severe incidence
(per 1000 person-years)"
14.2191780821918,0.124061871832229,"ODE","Severe incidence
(per 1000 person-years)"
14.3013698630137,2.08780794026546,"ODE","Severe incidence
(per 1000 person-years)"
14.3835616438356,20.9476126030757,"ODE","Severe incidence
(per 1000 person-years)"
14.4657534246575,39.6728923298913,"ODE","Severe incidence
(per 1000 person-years)"
14.5479452054795,53.155382387223,"ODE","Severe incidence
(per 1000 person-years)"
14.6301369863014,76.8791822100288,"ODE","Severe incidence
(per 1000 person-years)"
14.7123287671233,108.844808930223,"ODE","Severe incidence
(per 1000 person-years)"
14.7945205479452,109.267032440782,"ODE","Severe incidence
(per 1000 person-years)"
14.8767123287671,64.723405744876,"ODE","Severe incidence
(per 1000 person-years)"
14.958904109589,14.4518079213282,"ODE","Severe incidence
(per 1000 person-years)"
15.041095890411,0.895215540423176,"ODE","Severe incidence
(per 1000 person-years)"
15.1232876712329,0.156319977538355,"ODE","Severe incidence
(per 1000 person-years)"
15.2054794520548,0.125753030302965,"ODE","Severe incidence
(per 1000 person-years)"
15.2876712328767,0.991265610119911,"ODE","Severe incidence
(per 1000 person-years)"
15.3698630136986,17.0107965030944,"ODE","Severe incidence
(per 1000 person-years)"
15.4520547945205,37.174138097467,"ODE","Severe incidence
(per 1000 person-years)"
15.5342465753425,50.7869510551916,"ODE","Severe incidence
(per 1000 person-years)"
15.6164383561644,71.669542199595,"ODE","Severe incidence
(per 1000 person-years)"
15.6986301369863,104.617277245,"ODE","Severe incidence
(per 1000 person-years)"
15.7808219178082,112.724328481666,"ODE","Severe incidence
(per 1000 person-years)"
15.8630136986301,74.1261552142997,"ODE","Severe incidence
(per 1000 person-years)"
15.9452054794521,20.5555144647055,"ODE","Severe incidence
(per 1000 person-years)"
16.027397260274,1.45200024479191,"ODE","Severe incidence
(per 1000 person-years)"
16.1095890410959,0.176408328611952,"ODE","Severe incidence
(per 1000 person-years)"
16.1917808219178,0.127678774082737,"ODE","Severe incidence
(per 1000 person-years)"
16.2739726027397,0.419796449553364,"ODE","Severe incidence
(per 1000 person-years)"
16.3561643835616,13.0943287188042,"ODE","Severe incidence
(per 1000 person-years)"
16.4383561643836,34.4719224217132,"ODE","Severe incidence
(per 1000 person-years)"
16.5205479452055,48.6001534125819,"ODE","Severe incidence
(per 1000 person-years)"
16.6027397260274,66.932945989022,"ODE","Severe incidence
(per 1000 person-years)"
16.6849315068493,99.6398866787227,"ODE","Severe incidence
(per 1000 person-years)"
16.7671232876712,114.733956278233,"ODE","Severe incidence
(per 1000 person-years)"
16.8493150684932,83.037540443652,"ODE","Severe incidence
(per 1000 person-years)"
16.9315068493151,27.9216222250024,"ODE","Severe incidence
(per 1000 person-years)"
17.013698630137,2.38204693339757,"ODE","Severe incidence
(per 1000 person-years)"
17.0958904109589,0.211392772481204,"ODE","Severe incidence
(per 1000 person-years)"
17.1780821917808,0.130025768956002,"ODE","Severe incidence
(per 1000 person-years)"
17.2602739726027,0.192236191709931,"ODE","Severe incidence
(per 1000 person-years)"
17.3424657534247,9.44819786991048,"ODE","Severe incidence
(per 1000 person-years)"
17.4246575342466,31.5262183954941,"ODE","Severe incidence
(per 1000 person-years)"
17.5068493150685,46.4814448722372,"ODE","Severe incidence
(per 1000 person-years)"
17.5890410958904,62.7385823607268,"ODE","Severe incidence
(per 1000 person-years)"
17.6712328767123,94.1517489330853,"ODE","Severe incidence
(per 1000 person-years)"
17.7534246575342,115.291413408534,"ODE","Severe incidence
(per 1000 person-years)"
17.8356164383562,91.2214590000281,"ODE","Severe incidence
(per 1000 person-years)"
17.9178082191781,36.3551884979314,"ODE","Severe incidence
(per 1000 person-years)"
18,3.89109463106593,"ODE","Severe incidence
(per 1000 person-years)"
18.0821917808219,0.272825870944155,"ODE","Severe incidence
(per 1000 person-years)"
18.1643835616438,0.133145459243105,"ODE","Severe incidence
(per 1000 person-years)"
18.2465753424658,0.131424929709069,"ODE","Severe incidence
(per 1000 person-years)"
18.3287671232877,6.31419399648668,"ODE","Severe incidence
(per 1000 person-years)"
18.4109589041096,28.2999327712509,"ODE","Severe incidence
(per 1000 person-years)"
18.4931506849315,44.3397713936597,"ODE","Severe incidence
(per 1000 person-years)"
18.5753424657534,59.0976368071259,"ODE","Severe incidence
(per 1000 person-years)"
18.6575342465753,88.3980474697141,"ODE","Severe incidence
(per 1000 person-years)"
18.7397260273973,114.44613033397,"ODE","Severe incidence
(per 1000 person-years)"
18.8219178082192,98.4610235596968,"ODE","Severe incidence
(per 1000 person-years)"
18.9041095890411,45.5534162673534,"ODE","Severe incidence
(per 1000 person-years)"
18.986301369863,6.24168234161684,"ODE","Severe incidence
(per 1000 person-years)"
19.0684931506849,0.380763609825588,"ODE","Severe incidence
(per 1000 person-years)"
19.1506849315068,0.137675165439768,"ODE","Severe incidence
(per 1000 person-years)"
19.2328767123288,0.123329058691129,"ODE","Severe incidence
(per 1000 person-years)"
19.3150684931507,3.84790842843825,"ODE","Severe incidence
(per 1000 person-years)"
19.3972602739726,24.7771355335952,"ODE","Severe incidence
(per 1000 person-years)"
19.4794520547945,42.1111620343437,"ODE","Severe incidence
(per 1000 person-years)"
19.5616438356164,55.9675147048968,"ODE","Severe incidence
(per 1000 person-years)"
19.6438356164384,82.6149787013817,"ODE","Severe incidence
(per 1000 person-years)"
19.7260273972603,112.299453264023,"ODE","Severe incidence
(per 1000 person-years)"
19.8082191780822,104.568136312342,"ODE","Severe incidence
(per 1000 person-years)"
19.8904109589041,55.1478146969399,"ODE","Severe incidence
(per 1000 person-years)"
19.972602739726,9.70397850030801,"ODE","Severe incidence
(per 1000 person-years)"
20.0547945205479,0.569447379494685,"ODE","Severe incidence
(per 1000 person-years)"
20.1369863013699,0.1447663018318,"ODE","Severe incidence
(per 1000 person-years)"
20.2191780821918,0.124269652098665,"ODE","Severe incidence
(per 1000 person-years)"
20.3013698630137,2.09186406992314,"ODE","Severe incidence
(per 1000 person-years)"
20.3835616438356,20.9883641810497,"ODE","Severe incidence
(per 1000 person-years)"
20.4657534246575,39.7530383768013,"ODE","Severe incidence
(per 1000 person-years)"
20.5479452054795,53.2621300220037,"ODE","Severe incidence
(per 1000 person-years)"
20.6301369863014,77.014534092208,"ODE","Severe incidence
(per 1000 person-years)"
20.7123287671233,109.00007923053,"ODE","Severe incidence
(per 1000 person-years)"
20.7945205479452,109.392081680665,"ODE","Severe incidence
(per 1000 person-years)"
20.8767123287671,64.786513086698,"ODE","Severe incidence
(per 1000 person-years)"
20.958904109589,14.4649502990558,"ODE","Severe incidence
(per 1000 person-years)"
21.041095890411,0.89603288643999,"ODE","Severe incidence
(per 1000 person-years)"
21.1232876712329,0.156489485480507,"ODE","Severe incidence
(per 1000 person-years)"
21.2054794520548,0.125912456850685,"ODE","Severe incidence
(per 1000 person-years)"
21.2876712328767,0.992746422427433,"ODE","Severe incidence
(per 1000 person-years)"
21.3698630136986,17.03654116396,"ODE","Severe incidence
(per 1000 person-years)"
21.4520547945205,37.231968567188,"ODE","Severe incidence
(per 1000 person-years)"
21.5342465753425,50.8673708916523,"ODE","Severe incidence
(per 1000 person-years)"
21.6164383561644,71.7705057223137,"ODE","Severe incidence
(per 1000 person-years)"
21.6986301369863,104.737007752313,"ODE","Severe incidence
(per 1000 person-years)"
21.7808219178082,112.826643399604,"ODE","Severe incidence
(per 1000 person-years)"
21.8630136986301,74.1822172275904,"ODE","Severe incidence
(per 1000 person-years)"
21.9452054794521,20.5696967175871,"ODE","Severe incidence
(per 1000 person-years)"
22.027397260274,1.45298375047713,"ODE","Severe incidence
(per 1000 person-years)"
22.1095890410959,0.17654686438287,"ODE","Severe incidence
(per 1000 person-years)"
22.1917808219178,0.127798197146219,"ODE","Severe incidence
(per 1000 person-years)"
22.2739726027397,0.420263739660762,"ODE","Severe incidence
(per 1000 person-years)"
22.3561643835616,13.1094482583544,"ODE","Severe incidence
(per 1000 person-years)"
22.4383561643836,34.5124273237086,"ODE","Severe incidence
(per 1000 person-years)"
22.5205479452055,48.6597354215758,"ODE","Severe incidence
(per 1000 person-years)"
22.6027397260274,67.0072552023097,"ODE","Severe incidence
(per 1000 person-years)"
22.6849315068493,99.7300936756614,"ODE","Severe incidence
(per 1000 person-years)"
22.7671232876712,114.81535681466,"ODE","Severe incidence
(per 1000 person-years)"
22.8493150684932,83.0854476323816,"ODE","Severe incidence
(per 1000 person-years)"
22.9315068493151,27.9359320974119,"ODE","Severe incidence
(per 1000 person-years)"
23.013698630137,2.38321753357425,"ODE","Severe incidence
(per 1000 person-years)"
23.0958904109589,0.211509147293991,"ODE","Severe incidence
(per 1000 person-years)"
23.1780821917808,0.130113088057435,"ODE","Severe incidence
(per 1000 person-years)"
23.2602739726027,0.192389300830324,"ODE","Severe incidence
(per 1000 person-years)"
23.3424657534247,9.45635663315895,"ODE","Severe incidence
(per 1000 person-years)"
23.4246575342466,31.5536883420276,"ODE","Severe incidence
(per 1000 person-years)"
23.5068493150685,46.5247374592646,"ODE","Severe incidence
(per 1000 person-years)"
23.5890410958904,62.7927121038781,"ODE","Severe incidence
(per 1000 person-years)"
23.6712328767123,94.218360122326,"ODE","Severe incidence
(per 1000 person-years)"
23.7534246575342,115.354561083222,"ODE","Severe incidence
(per 1000 person-years)"
23.8356164383562,91.2610169473505,"ODE","Severe incidence
(per 1000 person-years)"
23.9178082191781,36.3687554293704,"ODE","Severe incidence
(per 1000 person-years)"
24,3.89244970724457,"ODE","Severe incidence
(per 1000 person-years)"
24.0821917808219,0.272927666156801,"ODE","Severe incidence
(per 1000 person-years)"
24.1643835616438,0.13320773808848,"ODE","Severe incidence
(per 1000 person-years)"
24.2465753424658,0.131497560426149,"ODE","Severe incidence
(per 1000 person-years)"
24.3287671232877,6.31818792573427,"ODE","Severe incidence
(per 1000 person-years)"
24.4109589041096,28.3179003998527,"ODE","Severe incidence
(per 1000 person-years)"
24.4931506849315,44.3705194173248,"ODE","Severe incidence
(per 1000 person-years)"
24.5753424657534,59.1367508756143,"ODE","Severe incidence
(per 1000 person-years)"
24.6575342465753,88.4464162957025,"ODE","Severe incidence
(per 1000 person-years)"
24.7397260273973,114.494029132223,"ODE","Severe incidence
(per 1000 person-years)"
24.8219178082192,98.4927044728729,"ODE","Severe incidence
(per 1000 person-years)"
24.9041095890411,45.5655608492121,"ODE","Severe incidence
(per 1000 person-years)"
24.986301369863,6.24318418636462,"ODE","Severe incidence
(per 1000 person-years)"
25.0684931506849,0.380856556450007,"ODE","Severe incidence
(per 1000 person-years)"
25.1506849315068,0.137718416043379,"ODE","Severe incidence
(per 1000 person-years)"
25.2328767123288,0.123375692057625,"ODE","Severe incidence
(per 1000 person-years)"
25.3150684931507,3.84965145380966,"ODE","Severe incidence
(per 1000 person-years)"
25.3972602739726,24.7884005923615,"ODE","Severe incidence
(per 1000 person-years)"
25.4794520547945,42.1324280772992,"ODE","Severe incidence
(per 1000 person-years)"
25.5616438356164,55.9955798952433,"ODE","Severe incidence
(per 1000 person-years)"
25.6438356164384,82.649634075239,"ODE","Severe incidence
(per 1000 person-years)"
25.7260273972603,112.335074142442,"ODE","Severe incidence
(per 1000 person-years)"
25.8082191780822,104.59282372821,"ODE","Severe incidence
(per 1000 person-years)"
25.8904109589041,55.1581241129248,"ODE","Severe incidence
(per 1000 person-years)"
25.972602739726,9.70554616933823,"ODE","Severe incidence
(per 1000 person-years)"
26.0547945205479,0.569534722593803,"ODE","Severe incidence
(per 1000 person-years)"
26.1369863013699,0.144795413744861,"ODE","Severe incidence
(per 1000 person-years)"
26.2191780821918,0.124300894657689,"ODE","Severe incidence
(per 1000 person-years)"
26.3013698630137,2.09252492286651,"ODE","Severe incidence
(per 1000 person-years)"
26.3835616438356,20.9950724508934,"ODE","Severe incidence
(per 1000 person-years)"
26.4657534246575,39.7672988371816,"ODE","Severe incidence
(per 1000 person-years)"
26.5479452054795,53.2821116853904,"ODE","Severe incidence
(per 1000 person-years)"
26.6301369863014,77.0391151993192,"ODE","Severe incidence
(per 1000 person-years)"
26.7123287671233,109.026120214886,"ODE","Severe incidence
(per 1000 person-years)"
26.7945205479452,109.410851531648,"ODE","Severe incidence
(per 1000 person-years)"
26.8767123287671,64.7948454441145,"ODE","Severe incidence
(per 1000 person-years)"
26.958904109589,14.4664654384242,"ODE","Severe incidence
(per 1000 person-years)"
27.041095890411,0.89611467534824,"ODE","Severe incidence
(per 1000 person-years)"
27.1232876712329,0.156508247793542,"ODE","Severe incidence
(per 1000 person-years)"
27.2054794520548,0.12593256717264,"ODE","Severe incidence
(per 1000 person-years)"
27.2876712328767,0.992957652577426,"ODE","Severe incidence
(per 1000 person-years)"
27.3698630136986,17.0402869303322,"ODE","Severe incidence
(per 1000 person-years)"
27.4520547945205,37.2411900286788,"ODE","Severe incidence
(per 1000 person-years)"
27.5342465753425,50.8814474555736,"ODE","Severe incidence
(per 1000 person-years)"
27.6164383561644,71.78781827728,"ODE","Severe incidence
(per 1000 person-years)"
27.6986301369863,104.755772162275,"ODE","Severe incidence
(per 1000 person-years)"
27.7808219178082,112.840600864142,"ODE","Severe incidence
(per 1000 person-years)"
27.8630136986301,74.1886473642896,"ODE","Severe incidence
(per 1000 person-years)"
27.9452054794521,20.5710305182995,"ODE","Severe incidence
(per 1000 person-years)"
28.027397260274,1.4530560492364,"ODE","Severe incidence
(per 1000 person-years)"
28.1095890410959,0.176558028279419,"ODE","Severe incidence
(per 1000 person-years)"
28.1917808219178,0.127810294355515,"ODE","Severe incidence
(per 1000 person-years)"
28.2739726027397,0.420320678731937,"ODE","Severe incidence
(per 1000 person-years)"
28.3561643835616,13.1113762785041,"ODE","Severe incidence
(per 1000 person-years)"
28.4383561643836,34.5181340835451,"ODE","Severe incidence
(per 1000 person-years)"
28.5205479452055,48.6694950878918,"ODE","Severe incidence
(per 1000 person-years)"
28.6027397260274,67.0193913755568,"ODE","Severe incidence
(per 1000 person-years)"
28.6849315068493,99.7434560562312,"ODE","Severe incidence
(per 1000 person-years)"
28.7671232876712,114.825530520885,"ODE","Severe incidence
(per 1000 person-years)"
28.8493150684932,83.0901873103458,"ODE","Severe incidence
(per 1000 person-years)"
28.9315068493151,27.93697920804,"ODE","Severe incidence
(per 1000 person-years)"
29.013698630137,2.38327166250528,"ODE","Severe incidence
(per 1000 person-years)"
29.0958904109589,0.211514485861417,"ODE","Severe incidence
(per 1000 person-years)"
29.1780821917808,0.130119530874361,"ODE","Severe incidence
(per 1000 person-years)"
29.2602739726027,0.19240420393664,"ODE","Severe incidence
(per 1000 person-years)"
29.3424657534247,9.45725099672258,"ODE","Severe incidence
(per 1000 person-years)"
29.4246575342466,31.5570286727386,"ODE","Severe incidence
(per 1000 person-years)"
29.5068493150685,46.5313408531719,"ODE","Severe incidence
(per 1000 person-years)"
29.5890410958904,62.8011911735594,"ODE","Severe incidence
(per 1000 person-years)"
29.6712328767123,94.2277884013813,"ODE","Severe incidence
(per 1000 person-years)"
29.7534246575342,115.361845939262,"ODE","Severe incidence
(per 1000 person-years)"
29.8356164383562,91.2643435363057,"ODE","Severe incidence
(per 1000 person-years)"
29.9178082191781,36.3694547587679,"ODE","Severe incidence
(per 1000 person-years)"
30,3.89247183220447,"ODE","Severe incidence
(per 1000 person-years)"
30.0821917808219,0.272928000204975,"ODE","Severe incidence
(per 1000 person-years)"
30.1643835616438,0.133210266539057,"ODE","Severe incidence
(per 1000 person-years)"
30.2465753424658,0.13150248120632,"ODE","Severe incidence
(per 1000 person-years)"
30.3287671232877,6.31854934372357,"ODE","Severe incidence
(per 1000 person-years)"
30.4109589041096,28.319712513181,"ODE","Severe incidence
(per 1000 person-years)"
30.4931506849315,44.3748245193173,"ODE","Severe incidence
(per 1000 person-years)"
30.5753424657534,59.1426538362565,"ODE","Severe incidence
(per 1000 person-years)"
30.6575342465753,88.4530239880942,"ODE","Severe incidence
(per 1000 person-years)"
30.7397260273973,114.49916512359,"ODE","Severe incidence
(per 1000 person-years)"
30.8219178082192,98.4949095944861,"ODE","Severe incidence
(per 1000 person-years)"
30.9041095890411,45.5659001580508,"ODE","Severe incidence
(per 1000 person-years)"
30.986301369863,6.24315589971558,"ODE","Severe incidence
(per 1000 person-years)"
31.0684931506849,0.380851727895823,"ODE","Severe incidence
(per 1000 person-years)"
31.1506849315068,0.137718275143279,"ODE","Severe incidence
(per 1000 person-years)"
31.2328767123288,0.123377256095116,"ODE","Severe incidence
(per 1000 person-years)"
31.3150684931507,3.84977062766463,"ODE","Severe incidence
(per 1000 person-years)"
31.3972602739726,24.7892755011493,"ODE","Severe incidence
(per 1000 person-years)"
31.4794520547945,42.135079926278,"ODE","Severe incidence
(per 1000 person-years)"
31.5616438356164,55.9996646582629,"ODE","Severe incidence
(per 1000 person-years)"
31.6438356164384,82.6542437231917,"ODE","Severe incidence
(per 1000 person-years)"
31.7260273972603,112.338648636045,"ODE","Severe incidence
(per 1000 person-years)"
31.8082191780822,104.594180616943,"ODE","Severe incidence
(per 1000 person-years)"
31.8904109589041,55.1581330826078,"ODE","Severe incidence
(per 1000 person-years)"
31.972602739726,9.70544704369673,"ODE","Severe incidence
(per 1000 person-years)"
32.0547945205479,0.569523511469081,"ODE","Severe incidence
(per 1000 person-years)"
32.1369863013699,0.144793453518701,"ODE","Severe incidence
(per 1000 person-years)"
32.2191780821918,0.124300539303889,"ODE","Severe incidence
(per 1000 person-years)"
32.3013698630137,2.09255171930639,"ODE","Severe incidence
(per 1000 person-years)"
32.3835616438356,20.9954109307091,"ODE","Severe incidence
(per 1000 person-years)"
32.4657534246575,39.7687895116302,"ODE","Severe incidence
(per 1000 person-years)"
32.5479452054795,53.2849047891339,"ODE","Severe incidence
(per 1000 person-years)"
32.6301369863014,77.0423211668354,"ODE","Severe incidence
(per 1000 person-years)"
32.7123287671233,109.028583563272,"ODE","Severe incidence
(per 1000 person-years)"
32.7945205479452,109.411597264354,"ODE","Severe incidence
(per 1000 person-years)"
32.8767123287671,64.7945817412061,"ODE","Severe incidence
(per 1000 person-years)"
32.958904109589,22.5690444767942,"ODE","Severe incidence
(per 1000 person-years)"
