"scenario","model","rep","doy","pfpr_2_10","clin_0_5"
"nets","IBM",1,4,0.511092319936331,1.62924387934533
"nets","IBM",1,11,0.512913841244515,1.35779506256341
"nets","IBM",1,18,0.51524679343215,1.82611047258468
"nets","IBM",1,25,0.518274744452755,1.80338409475465
"nets","IBM",1,32,0.51898355754858,1.7775974025974
"nets","IBM",1,39,0.522865398027299,1.23235870079006
"nets","IBM",1,46,0.523562559218072,1.30568304535637
"nets","IBM",1,53,0.525778331257783,1.77220311551689
"nets","IBM",1,60,0.526819064694457,1.69801779935275
"nets","IBM",1,67,0.529926426724995,1.77411732937285
"nets","IBM",1,74,0.526072934755644,1.65247651868369
"nets","IBM",1,81,0.528740762783316,1.33509449298923
"nets","IBM",1,88,0.523114234804989,1.61098662320907
"nets","IBM",1,95,0.51595639246779,1.24014677901604
"nets","IBM",1,102,0.51203056010319,1.45920856484619
"nets","IBM",1,109,0.513958446967819,1.48555148555149
"nets","IBM",1,116,0.516547760602457,1.50990099009901
"nets","IBM",1,123,0.518547789577673,1.4586155513411
"nets","IBM",1,130,0.524190363349131,1.21196720200583
"nets","IBM",1,137,0.52527298779584,1.48373983739837
"nets","IBM",1,144,0.526044761338879,1.75397631133672
"nets","IBM",1,151,0.52493321460374,1.33672431332655
"nets","IBM",1,158,0.522188690446742,1.33808553971487
"nets","IBM",1,165,0.519703337453647,1.36258738885495
"nets","IBM",1,172,0.519566615544452,1.70341562394319
"nets","IBM",1,179,0.523844786729858,1.53371738393765
"nets","IBM",1,186,0.528271166370634,1.76124779121925
"nets","IBM",1,193,0.532932360481167,1.28931458460702
"nets","IBM",1,200,0.525775738740072,1.80803419963358
"nets","IBM",1,207,0.528813391931263,1.21320037986705
"nets","IBM",1,214,0.530060318402057,1.45802301963439
"nets","IBM",1,221,0.531265435147684,1.38501151917604
"nets","IBM",1,228,0.534690056174239,1.55592394613979
"nets","IBM",1,235,0.526887534408179,1.57869838480773
"nets","IBM",1,242,0.527833833735296,1.65202999392015
"nets","IBM",1,249,0.526162790697675,1.50459521556967
"nets","IBM",1,256,0.52826376225913,1.48183232965695
"nets","IBM",1,263,0.529301684231262,1.23821154759482
"nets","IBM",1,270,0.526728087894763,1.23511099079589
"nets","IBM",1,277,0.529269853773817,1.48103063501724
"nets","IBM",1,284,0.528546116743774,1.33049817739976
"nets","IBM",1,291,0.5299195605258,1.3787521079258
"nets","IBM",1,298,0.53171138470594,1.77339901477833
"nets","IBM",1,305,0.529772415146164,1.67419898819562
"nets","IBM",1,312,0.527930223441787,1.87040658081046
"nets","IBM",1,319,0.525363029827315,1.52812478897967
"nets","IBM",1,326,0.527308447937132,1.52771214473773
"nets","IBM",1,333,0.524273277261325,1.62517708965796
"nets","IBM",1,340,0.51848933970161,1.45231993525762
"nets","IBM",1,347,0.520571569352057,1.50439189189189
"nets","IBM",1,354,0.520822039327781,1.08381697934944
"nets","IBM",1,361,0.518588002962232,1.4010101010101
"nets","IBM",1,365,0.521979923849083,1.54588235294118
"irs","IBM",1,4,0.579338481713536,2.243195785777
"irs","IBM",1,11,0.575368451772946,1.90439083886706
"irs","IBM",1,18,0.576214323916954,2.30682976554536
"irs","IBM",1,25,0.57622336803191,2.26244806212111
"irs","IBM",1,32,0.574338482530091,2.33401360544218
"irs","IBM",1,39,0.573146975747541,2.20866195267881
"irs","IBM",1,46,0.575497463909481,2.18176878141557
"irs","IBM",1,53,0.57032811662035,2.23226420222887
"irs","IBM",1,60,0.571554080437329,2.25937011087681
"irs","IBM",1,67,0.570098469338013,2.04230638007506
"irs","IBM",1,74,0.567835773702388,2.04915788032315
"irs","IBM",1,81,0.570069414106111,1.74904162102957
"irs","IBM",1,88,0.576941771167493,2.19563879964454
"irs","IBM",1,95,0.579006223259432,2.39311569457724
"irs","IBM",1,102,0.576520426547208,1.99426307881437
"irs","IBM",1,109,0.576924950080358,1.98964295448351
"irs","IBM",1,116,0.577785342605651,2.26121587582545
"irs","IBM",1,123,0.577106673161227,1.8632589164171
"irs","IBM",1,130,0.574787052810903,2.15946956817409
"irs","IBM",1,137,0.577432550891205,2.28187007338951
"irs","IBM",1,144,0.578005364545233,2.35451891084403
"irs","IBM",1,151,0.582992601246106,2.2807851660667
"irs","IBM",1,158,0.585060827250608,2.05278493020734
"irs","IBM",1,165,0.588321167883212,1.95425279566249
"irs","IBM",1,172,0.586757546251217,2.07892595606184
"irs","IBM",1,179,0.585268487415413,2.30291723202171
"irs","IBM",1,186,0.587157301186078,2.18325176726482
"irs","IBM",1,193,0.587146604488487,1.98544910586795
"irs","IBM",1,200,0.583803776523263,2.23408596300326
"irs","IBM",1,207,0.579396421432402,1.68751699755235
"irs","IBM",1,214,0.578587476799844,2.23226420222887
"irs","IBM",1,221,0.576938117117998,2.05557063373592
"irs","IBM",1,228,0.578495043703306,1.7549265253606
"irs","IBM",1,235,0.583252048380804,2.24881516587678
"irs","IBM",1,242,0.582682926829268,2.04889760584337
"irs","IBM",1,249,0.584475776942967,2.32043825240092
"irs","IBM",1,256,0.582381649585163,2.36964901602759
"irs","IBM",1,263,0.581186572989852,1.94910098688658
"irs","IBM",1,270,0.582726072284443,1.87483103541498
"irs","IBM",1,277,0.584756963140633,1.74758918335694
"irs","IBM",1,284,0.585778781038375,2.09204315576534
"irs","IBM",1,291,0.586379225869672,1.77005455647606
"irs","IBM",1,298,0.588344668982727,1.99265350138168
"irs","IBM",1,305,0.58275389286064,1.74582322824037
"irs","IBM",1,312,0.587442407607097,2.14097896440129
"irs","IBM",1,319,0.591076244177494,1.9418816081891
"irs","IBM",1,326,0.592980566841255,1.91652642208011
"irs","IBM",1,333,0.593242779385083,2.108834397044
"irs","IBM",1,340,0.59266712476686,1.81579831932773
"irs","IBM",1,347,0.595837843156548,2.22874589008924
"irs","IBM",1,354,0.59574049481088,2.25217974513749
"irs","IBM",1,361,0.593070618834961,1.70903010033445
"irs","IBM",1,365,0.594501718213058,2.04864359214219
"pev","IBM",1,4,0.511297898640297,1.210111893908
"pev","IBM",1,11,0.514376049797451,1.15937025272752
"pev","IBM",1,18,0.517300952663014,1.15921016293841
"pev","IBM",1,25,0.516383345651638,1.28246641405443
"pev","IBM",1,32,0.513171500320055,0.980709610747503
"pev","IBM",1,39,0.51507698361946,1.50712270318629
"pev","IBM",1,46,0.515871844086815,1.22861853403861
"pev","IBM",1,53,0.521379717561384,1.02584315876063
"pev","IBM",1,60,0.522008862629247,1.30106937208665
"pev","IBM",1,67,0.520055120822875,1.32590815627142
"pev","IBM",1,74,0.520368454755923,1.32327792598673
"pev","IBM",1,81,0.518133438454716,1.25051390982596
"pev","IBM",1,88,0.512690355329949,1.25034255960537
"pev","IBM",1,95,0.511027779148369,0.800877674163467
"pev","IBM",1,102,0.510266535044423,1.37773660009608
"pev","IBM",1,109,0.509364961700025,1.00357437448447
"pev","IBM",1,116,0.510698226021644,1.25386465132257
"pev","IBM",1,123,0.51105530112769,1.33001031282228
"pev","IBM",1,130,0.513091839748007,1.33239203801915
"pev","IBM",1,137,0.514982750123213,1.05491329479769
"pev","IBM",1,144,0.513360283967659,1.00738287449113
"pev","IBM",1,151,0.516426143919618,1.25853389421419
"pev","IBM",1,158,0.520891776170087,1.43571872196536
"pev","IBM",1,165,0.518618855285194,1.41345688403292
"pev","IBM",1,172,0.520520273932108,1.11342207432058
"pev","IBM",1,179,0.520923591965341,1.34368271167604
"pev","IBM",1,186,0.521097668928888,1.29270833333333
"pev","IBM",1,193,0.518981732236939,1.18900748544497
"pev","IBM",1,200,0.521700576383073,1.54200429392617
"pev","IBM",1,207,0.520675022204678,1.36231683715787
"pev","IBM",1,214,0.520487155465707,1.31095455173366
"pev","IBM",1,221,0.518168389955687,1.40800440862437
"pev","IBM",1,228,0.517475298628521,1.1770154373928
"pev","IBM",1,235,0.516724790019156,1.07389668149162
"pev","IBM",1,242,0.519787621060911,1.14373297002725
"pev","IBM",1,249,0.521296978629329,1.39541234298198
"pev","IBM",1,256,0.514767932489451,1.17411539251249
"pev","IBM",1,263,0.506177681898412,1.325
"pev","IBM",1,270,0.506333464257659,1.02485960827284
"pev","IBM",1,277,0.507225717656311,1.49774312679524
"pev","IBM",1,284,0.510953576527347,1.14638809231189
"pev","IBM",1,291,0.504603870205328,1.09355849107994
"pev","IBM",1,298,0.504967050260647,1.56375382522951
"pev","IBM",1,305,0.507832834061779,1.24251089324619
"pev","IBM",1,312,0.514242215892349,1.11787926223372
"pev","IBM",1,319,0.519258132574457,1.26917570055226
"pev","IBM",1,326,0.51757266800647,1.24539374914699
"pev","IBM",1,333,0.520111841459825,1.19337919760234
"pev","IBM",1,340,0.523510664378524,1.4436715766503
"pev","IBM",1,347,0.520253351008985,1.17202978752477
"pev","IBM",1,354,0.521512770137524,1.49600382539791
"pev","IBM",1,361,0.519693170084083,1.07023525400614
"pev","IBM",1,365,0.523924268502582,1.21898854961832
"treatment","IBM",1,4,0.392314126851351,1.61195702326808
"treatment","IBM",1,11,0.389280260111336,1.15316264068979
"treatment","IBM",1,18,0.389515691974183,1.75607987873196
"treatment","IBM",1,25,0.38777619211653,1.08137467904405
"treatment","IBM",1,32,0.380036315453698,1.03283758883917
"treatment","IBM",1,39,0.376426786851516,1.2481094232919
"treatment","IBM",1,46,0.376554695916169,1.48373983739837
"treatment","IBM",1,53,0.38014385673044,1.4384236453202
"treatment","IBM",1,60,0.379016874541453,1.03168342864655
"treatment","IBM",1,67,0.378832402781859,1.36829990134824
"treatment","IBM",1,74,0.375527012452201,1.37127603480095
"treatment","IBM",1,81,0.377267823869766,1.42154597663212
"treatment","IBM",1,88,0.383879982350346,1.22838854427874
"treatment","IBM",1,95,0.381283684468398,1.51522140221402
"treatment","IBM",1,102,0.384061520376176,1.36947077409163
"treatment","IBM",1,109,0.386353610117151,1.4664427320029
"treatment","IBM",1,116,0.391118534165152,1.15430227961523
"treatment","IBM",1,123,0.392088452088452,1.53846153846154
"treatment","IBM",1,130,0.389221851051287,1.42070193956986
"treatment","IBM",1,137,0.389461795325083,1.70954548453064
"treatment","IBM",1,144,0.391724747226858,1.64001585833223
"treatment","IBM",1,151,0.393847210637358,1.54303454653544
"treatment","IBM",1,158,0.388600274455989,1.66666666666667
"treatment","IBM",1,165,0.389465439592716,1.13481510881789
"treatment","IBM",1,172,0.387702106810387,1.49728728331348
"treatment","IBM",1,179,0.382597631398649,1.27934660406058
"treatment","IBM",1,186,0.38211820006855,1.59462500827431
"treatment","IBM",1,193,0.379300205821817,1.20852923647441
"treatment","IBM",1,200,0.380968705617317,1.62168435013263
"treatment","IBM",1,207,0.382596752832688,1.59684475672809
"treatment","IBM",1,214,0.38630123553638,1.47743861977439
"treatment","IBM",1,221,0.388393731635651,1.57672625772579
"treatment","IBM",1,228,0.388790734197095,1.52821160364192
"treatment","IBM",1,235,0.391648243674773,1.50866666666667
"treatment","IBM",1,242,0.392583120204604,1.34101536406146
"treatment","IBM",1,249,0.393113978918333,1.63447400080203
"treatment","IBM",1,256,0.395616843142083,1.46782841823056
"treatment","IBM",1,263,0.399172902717605,1.56536889365409
"treatment","IBM",1,270,0.403655712666897,1.59036063815525
"treatment","IBM",1,277,0.403881199822686,1.44297775395336
"treatment","IBM",1,284,0.402156254615271,1.42156862745098
"treatment","IBM",1,291,0.400956183153433,1.59228187919463
"treatment","IBM",1,298,0.398011419570782,1.56473976823632
"treatment","IBM",1,305,0.390810810810811,1.44636980321042
"treatment","IBM",1,312,0.39016119520346,1.37291778613649
"treatment","IBM",1,319,0.388561320754717,1.42357608768745
"treatment","IBM",1,326,0.385672902243826,1.4987210554658
"treatment","IBM",1,333,0.383887417868,1.40261578911886
"treatment","IBM",1,340,0.387653957505275,1.55172413793103
"treatment","IBM",1,347,0.388163705957405,1.65471276811692
"treatment","IBM",1,354,0.388815175192884,1.31294964028777
"treatment","IBM",1,361,0.391253129141511,1.41704127503065
"treatment","IBM",1,365,0.392513736263736,1.21957040572792
"nets","IBM",2,4,0.518492567939543,1.47411281779661
"nets","IBM",2,11,0.52192390380481,1.50116086235489
"nets","IBM",2,18,0.522182254196643,1.76866910056422
"nets","IBM",2,25,0.522645650438947,1.38432364096081
"nets","IBM",2,32,0.521007984031936,1.62653807781842
"nets","IBM",2,39,0.524764327397875,1.72066927826838
"nets","IBM",2,46,0.5273934974779,1.76831696310061
"nets","IBM",2,53,0.521760830505091,1.38312724371759
"nets","IBM",2,60,0.52073273931007,1.45660126371799
"nets","IBM",2,67,0.521230524167455,1.40992340992341
"nets","IBM",2,74,0.52287549161149,1.38607594936709
"nets","IBM",2,81,0.525174129353234,1.80042660978536
"nets","IBM",2,88,0.526635165381746,1.6810172206648
"nets","IBM",2,95,0.525103044147589,1.65687583444593
"nets","IBM",2,102,0.524002972504335,1.46341463414634
"nets","IBM",2,109,0.527836993703832,1.71120487576184
"nets","IBM",2,116,0.529312484487466,1.58897595606456
"nets","IBM",2,123,0.530211330489136,1.34280936454849
"nets","IBM",2,130,0.525198412698413,1.36740701097137
"nets","IBM",2,137,0.524954064657099,1.09829488465396
"nets","IBM",2,144,0.530233020320962,1.51401619053991
"nets","IBM",2,151,0.533253802564867,1.22122591006424
"nets","IBM",2,158,0.528653223798855,1.36841400548972
"nets","IBM",2,165,0.52722191726134,1.56484458735263
"nets","IBM",2,172,0.526969712090215,1.8076562709142
"nets","IBM",2,179,0.524455979237373,1.49509803921569
"nets","IBM",2,186,0.522186687987208,1.46773004490316
"nets","IBM",2,193,0.522687478112962,1.66298157453936
"nets","IBM",2,200,0.524643482611959,1.22360040227958
"nets","IBM",2,207,0.525901803607214,1.73553442271631
"nets","IBM",2,214,0.529016401665246,2.00334672021419
"nets","IBM",2,221,0.532224845531723,1.640174379611
"nets","IBM",2,228,0.531846332007452,1.44598133351239
"nets","IBM",2,235,0.530834340991536,1.54432505036938
"nets","IBM",2,242,0.531660873507632,1.61634460547504
"nets","IBM",2,249,0.53757225433526,1.59153417857382
"nets","IBM",2,256,0.537385286595457,1.4948972740701
"nets","IBM",2,263,0.536971214017522,1.76672268907563
"nets","IBM",2,270,0.534598437812938,1.54942389326865
"nets","IBM",2,277,0.534034034034034,1.45173250640421
"nets","IBM",2,284,0.533893641502827,1.43001891380708
"nets","IBM",2,291,0.540552718534094,1.97497463645587
"nets","IBM",2,298,0.54396348497768,1.58040727961572
"nets","IBM",2,305,0.543018051993765,1.45310391363023
"nets","IBM",2,312,0.543728336765962,1.62473865245835
"nets","IBM",2,319,0.541189471569218,1.47863074741746
"nets","IBM",2,326,0.53973676278509,1.5306053432533
"nets","IBM",2,333,0.536150329096116,1.45457615670382
"nets","IBM",2,340,0.531850810702274,1.0354609929078
"nets","IBM",2,347,0.530288582183187,1.84816365109371
"nets","IBM",2,354,0.530308347956881,1.65269987159559
"nets","IBM",2,361,0.53363453815261,1.52915737549834
"nets","IBM",2,365,0.534082923401265,1.725768321513
"irs","IBM",2,4,0.568176254589963,2.24831103457412
"irs","IBM",2,11,0.571142382488029,2.31991525423729
"irs","IBM",2,18,0.575377252527226,2.24622816304923
"irs","IBM",2,25,0.577757155416626,2.10242319915254
"irs","IBM",2,32,0.582450314956785,2.47047113470471
"irs","IBM",2,39,0.580834228777962,2.30735959542188
"irs","IBM",2,46,0.583826622963652,2.18533794571581
"irs","IBM",2,53,0.585635900450715,2.62153355057525
"irs","IBM",2,60,0.587150564001962,1.79575826075394
"irs","IBM",2,67,0.585333529671624,1.8712963579466
"irs","IBM",2,74,0.580836852961399,1.84994998332778
"irs","IBM",2,81,0.585703079035105,2.51286678697948
"irs","IBM",2,88,0.58563238104572,2.22575889566441
"irs","IBM",2,95,0.577504169528108,2.05896178900007
"irs","IBM",2,102,0.581772722815962,1.96553581044696
"irs","IBM",2,109,0.581921457251983,2.11594202898551
"irs","IBM",2,116,0.576053995891617,1.96752240415066
"irs","IBM",2,123,0.574723878408758,2.11708369865785
"irs","IBM",2,130,0.573462720046813,1.82635742781797
"irs","IBM",2,137,0.573615444617785,1.90117026314009
"irs","IBM",2,144,0.576416015625,2.34353879426872
"irs","IBM",2,151,0.573611246705067,1.62671348504288
"irs","IBM",2,158,0.575650812292034,1.70134432209687
"irs","IBM",2,165,0.573488303663381,1.57412398921833
"irs","IBM",2,172,0.56828647006956,1.84021242269427
"irs","IBM",2,179,0.577085171028129,2.27528654735572
"irs","IBM",2,186,0.577162460181328,2.00267648042824
"irs","IBM",2,193,0.574211866066184,2.14878244581215
"irs","IBM",2,200,0.57497187026075,1.7113194909578
"irs","IBM",2,207,0.577351848230002,1.85862646566164
"irs","IBM",2,214,0.571750416299344,1.8347855227882
"irs","IBM",2,221,0.571744037687702,2.0837531063201
"irs","IBM",2,228,0.574383608646635,1.68845534995977
"irs","IBM",2,235,0.576610534560407,2.07330927559476
"irs","IBM",2,242,0.58276655086363,1.90498494479759
"irs","IBM",2,249,0.582237002983323,2.00832047238811
"irs","IBM",2,256,0.580804378634609,1.83687848084278
"irs","IBM",2,263,0.581430596978438,2.1041694597131
"irs","IBM",2,270,0.580117244748412,2.2020378066765
"irs","IBM",2,277,0.5823799745771,1.97918061320123
"irs","IBM",2,284,0.58085824729657,1.83122616897451
"irs","IBM",2,291,0.579032336969816,2.05056179775281
"irs","IBM",2,298,0.581368039925629,1.96025778732546
"irs","IBM",2,305,0.582945812325616,1.83959411329884
"irs","IBM",2,312,0.580876961431295,2.03979262052249
"irs","IBM",2,319,0.580078125,1.81922273860039
"irs","IBM",2,326,0.579009088243917,1.86851677219453
"irs","IBM",2,333,0.580536255993737,1.77041228779305
"irs","IBM",2,340,0.581223370390323,2.23369199731002
"irs","IBM",2,347,0.578658027781868,1.83737163568025
"irs","IBM",2,354,0.575474939865495,1.88598845792511
"irs","IBM",2,361,0.574773006134969,2.05813250990132
"irs","IBM",2,365,0.578151837856407,2.40244475787494
"pev","IBM",2,4,0.529513359748044,0.973067195297013
"pev","IBM",2,11,0.522202486678508,1.15039397053786
"pev","IBM",2,18,0.51989847715736,1.07647462277092
"pev","IBM",2,25,0.523160348672208,1.20387548958978
"pev","IBM",2,32,0.52259958495723,1.22684867608725
"pev","IBM",2,39,0.529128916333451,1.32554474441551
"pev","IBM",2,46,0.528717585089141,1.15173549183701
"pev","IBM",2,53,0.527280089077842,1.35352286773795
"pev","IBM",2,60,0.52568449820335,1.48139230927977
"pev","IBM",2,67,0.519931201942533,1.38314730604933
"pev","IBM",2,74,0.520151898734177,1.18106712564544
"pev","IBM",2,81,0.519324406573341,1.45708582834331
"pev","IBM",2,88,0.520976353928299,1.07936180455264
"pev","IBM",2,95,0.521493327900581,1.1793620239241
"pev","IBM",2,102,0.51614707826883,1.45418326693227
"pev","IBM",2,109,0.518942283244343,1.05035971223022
"pev","IBM",2,116,0.517222080895446,1.325
"pev","IBM",2,123,0.514830831849402,1.50082236842105
"pev","IBM",2,130,0.514915495825697,1.17669250291515
"pev","IBM",2,137,0.516065073716319,1.30106937208665
"pev","IBM",2,144,0.516423078881703,1.04791851801217
"pev","IBM",2,151,0.51452747476807,1.0969196093163
"pev","IBM",2,158,0.521329188114775,1.29928806133625
"pev","IBM",2,165,0.527336591325596,0.87553971626345
"pev","IBM",2,172,0.523052706408043,1.12662048151451
"pev","IBM",2,179,0.518939778612776,1.27587388622344
"pev","IBM",2,186,0.516361788617886,1.19729378801339
"pev","IBM",2,193,0.520457433290978,1.17451732164864
"pev","IBM",2,200,0.520647321428571,1.14850536972433
"pev","IBM",2,207,0.51394806248732,1.02563223905147
"pev","IBM",2,214,0.515685279187817,0.953002610966058
"pev","IBM",2,221,0.514230534661517,1.12917640588478
"pev","IBM",2,228,0.513479210031985,1.27718696397942
"pev","IBM",2,235,0.513480578827114,1.22760656187796
"pev","IBM",2,242,0.511387900355872,1.32763708736531
"pev","IBM",2,249,0.512506354855109,1.30312392722279
"pev","IBM",2,256,0.516106122863085,1.05274000824063
"pev","IBM",2,263,0.517213405668509,1.50381102794754
"pev","IBM",2,270,0.523185177685532,1.1526843333791
"pev","IBM",2,277,0.521506462035541,1.05281230684706
"pev","IBM",2,284,0.522132390096008,1.50174861139683
"pev","IBM",2,291,0.521369682868848,1.15047279703988
"pev","IBM",2,298,0.52103903995139,1.25094249091781
"pev","IBM",2,305,0.514531043593131,1.29875461885863
"pev","IBM",2,312,0.513155221454693,1.29618247626852
"pev","IBM",2,319,0.518454499237417,1.22090245067923
"pev","IBM",2,326,0.520425293788472,1.09400544959128
"pev","IBM",2,333,0.524723735804858,1.53966526057967
"pev","IBM",2,340,0.526374802507517,1.06688872272449
"pev","IBM",2,347,0.523564477505477,1.06855936819172
"pev","IBM",2,354,0.52811910467547,1.11666326738731
"pev","IBM",2,361,0.5255873340143,0.842898865720302
"pev","IBM",2,365,0.526090064331665,0.867807893485497
"treatment","IBM",2,4,0.406631417700252,1.72605568136406
"treatment","IBM",2,11,0.406012063680411,1.28692123469931
"treatment","IBM",2,18,0.407658437639143,1.60258116019159
"treatment","IBM",2,25,0.404838470291397,1.35813953488372
"treatment","IBM",2,32,0.402137344151989,1.38046579523588
"treatment","IBM",2,39,0.407095431572689,1.69227712279772
"treatment","IBM",2,46,0.413922859830668,1.8601495797207
"treatment","IBM",2,53,0.412593984962406,1.45447300259016
"treatment","IBM",2,60,0.408057340583292,1.52912621359223
"treatment","IBM",2,67,0.411561264822134,1.72169811320755
"treatment","IBM",2,74,0.414449609336366,1.54948262138498
"treatment","IBM",2,81,0.413723162164836,1.57421538053215
"treatment","IBM",2,88,0.409718442278193,1.35958494080085
"treatment","IBM",2,95,0.411872191219319,1.69869024665913
"treatment","IBM",2,102,0.410327294268648,1.58008658008658
"treatment","IBM",2,109,0.411378663771835,1.58219406468823
"treatment","IBM",2,116,0.413740382718485,1.58166666666667
"treatment","IBM",2,123,0.40905280804694,1.38663023193815
"treatment","IBM",2,130,0.405163902053712,1.55722951803213
"treatment","IBM",2,137,0.401421660578537,1.17120128350826
"treatment","IBM",2,144,0.406796404227996,1.31804199545272
"treatment","IBM",2,151,0.40711286737466,1.14810600990497
"treatment","IBM",2,158,0.406677532473947,1.44268774703557
"treatment","IBM",2,165,0.406923837784372,1.59174773565917
"treatment","IBM",2,172,0.406021356535495,1.41795043536504
"treatment","IBM",2,179,0.404758371667409,1.39303649146301
"treatment","IBM",2,186,0.407757383861871,1.61840779308028
"treatment","IBM",2,193,0.402800455197665,1.5222655724472
"treatment","IBM",2,200,0.401446117274168,1.22986724172788
"treatment","IBM",2,207,0.400901570317531,1.57699318166475
"treatment","IBM",2,214,0.409552091066568,1.59947414548642
"treatment","IBM",2,221,0.413245622712434,1.47355672184094
"treatment","IBM",2,228,0.413914161392405,1.61699556987515
"treatment","IBM",2,235,0.410082620095978,1.3493984002151
"treatment","IBM",2,242,0.41634453365051,1.34831083350124
"treatment","IBM",2,249,0.416588310981343,1.07879357828978
"treatment","IBM",2,256,0.412718821085946,1.54619419042496
"treatment","IBM",2,263,0.413815300817034,1.59442204301075
"treatment","IBM",2,270,0.412833110019354,1.52144681995428
"treatment","IBM",2,277,0.411178337631422,1.47306114212686
"treatment","IBM",2,284,0.413689003266357,1.74218487394958
"treatment","IBM",2,291,0.408915495745102,1.46763168476076
"treatment","IBM",2,298,0.410974465352892,1.70537978908023
"treatment","IBM",2,305,0.41397000789266,0.977700395098105
"treatment","IBM",2,312,0.412843132423242,1.22631366751781
"treatment","IBM",2,319,0.408987654320988,1.30216747442111
"treatment","IBM",2,326,0.408529963471221,1.87103736678808
"treatment","IBM",2,333,0.410642075155341,1.50347761496387
"treatment","IBM",2,340,0.408073738170347,1.77256171590449
"treatment","IBM",2,347,0.411770509594988,1.30251817936978
"treatment","IBM",2,354,0.404961945240684,1.51584165047893
"treatment","IBM",2,361,0.403925058084928,1.3436182317114
"treatment","IBM",2,365,0.405676704742125,0.856003752345216
"nets","IBM",3,4,0.517665599105282,1.6878612716763
"nets","IBM",3,11,0.516797312430011,1.8331749694584
"nets","IBM",3,18,0.516540474617613,1.48595467498982
"nets","IBM",3,25,0.516268209735546,1.30886332882273
"nets","IBM",3,32,0.520893481233855,1.33238693976881
"nets","IBM",3,39,0.518437848242326,1.58137015976171
"nets","IBM",3,46,0.5219064985058,1.63189269746647
"nets","IBM",3,53,0.528606208155812,1.68362501695835
"nets","IBM",3,60,0.528596802841918,1.56014654996947
"nets","IBM",3,67,0.525339549969592,1.63565996740902
"nets","IBM",3,74,0.522280737289852,1.49091156647832
"nets","IBM",3,81,0.520222446916077,1.49324969316787
"nets","IBM",3,88,0.519179259109516,1.49314788300266
"nets","IBM",3,95,0.51931330472103,1.29335604770017
"nets","IBM",3,102,0.515247904675351,1.2939732751568
"nets","IBM",3,109,0.515244825845533,1.71641791044776
"nets","IBM",3,116,0.518863153636088,1.31643416127935
"nets","IBM",3,123,0.520230629172567,1.4144401386906
"nets","IBM",3,130,0.519333669863705,1.29159578087785
"nets","IBM",3,137,0.520744064122599,1.74081896845404
"nets","IBM",3,144,0.521004589237985,1.44308111792774
"nets","IBM",3,151,0.522338331061639,1.71946473680617
"nets","IBM",3,158,0.528804815133276,1.66871374957352
"nets","IBM",3,165,0.528321943811693,1.3950313950314
"nets","IBM",3,172,0.528116616895278,1.79975345843035
"nets","IBM",3,179,0.529984285497035,1.59890485968515
"nets","IBM",3,186,0.528122939595273,1.27108228064186
"nets","IBM",3,193,0.522973041579936,1.74772556262398
"nets","IBM",3,200,0.526791150801705,1.54439363952774
"nets","IBM",3,207,0.52554670455122,1.11947928026172
"nets","IBM",3,214,0.521540569340843,1.56983888585472
"nets","IBM",3,221,0.51968384252926,1.91895398060904
"nets","IBM",3,228,0.518471595803983,1.67065172837819
"nets","IBM",3,235,0.523312385972025,1.57306061020659
"nets","IBM",3,242,0.528576499822506,1.59835785152241
"nets","IBM",3,249,0.526195436759998,1.42188354291963
"nets","IBM",3,256,0.528153267608497,1.52114504338321
"nets","IBM",3,263,0.529618142065389,1.39751128127991
"nets","IBM",3,270,0.530920751259734,1.47459600109559
"nets","IBM",3,277,0.532735517399501,1.52239316239316
"nets","IBM",3,284,0.533380971825235,1.49671951886277
"nets","IBM",3,291,0.527986121740905,1.70058239122987
"nets","IBM",3,298,0.530639318332568,1.45159078442128
"nets","IBM",3,305,0.532122263611777,1.3757538377193
"nets","IBM",3,312,0.537459782442163,1.35203731650432
"nets","IBM",3,319,0.534517169029221,1.57824296499657
"nets","IBM",3,326,0.528142300594628,1.67983239455969
"nets","IBM",3,333,0.529059040590406,1.48047573216004
"nets","IBM",3,340,0.528525296017223,1.43058516124596
"nets","IBM",3,347,0.526699153629136,1.7578259373925
"nets","IBM",3,354,0.525950668036999,1.6858541293258
"nets","IBM",3,361,0.532295359950671,1.4090721080932
"nets","IBM",3,365,0.531868923298524,1.05593056894889
"irs","IBM",3,4,0.561266636071592,2.01204573295223
"irs","IBM",3,11,0.56589899402543,2.11054421768707
"irs","IBM",3,18,0.565612708790928,2.00644723447574
"irs","IBM",3,25,0.564824274621986,2.05278493020734
"irs","IBM",3,32,0.568991060025543,2.3008879549922
"irs","IBM",3,39,0.56905795251468,2.30682976554536
"irs","IBM",3,46,0.571537872991584,2.50441576086957
"irs","IBM",3,53,0.570100618009091,1.90658707007666
"irs","IBM",3,60,0.569470022508697,1.87698761756546
"irs","IBM",3,67,0.569171779141104,2.4685513323414
"irs","IBM",3,74,0.573538430089943,1.97430696416498
"irs","IBM",3,81,0.573275421563618,2.19715928305715
"irs","IBM",3,88,0.572398652098438,2.14415935178933
"irs","IBM",3,95,0.570802324395963,2.24198447519406
"irs","IBM",3,102,0.564446035073368,2.37029019820064
"irs","IBM",3,109,0.561451942740286,1.70422249289484
"irs","IBM",3,116,0.565330743277783,1.92612137203166
"irs","IBM",3,123,0.56543512698656,2.31934022848645
"irs","IBM",3,130,0.56308053485761,2.01739013211108
"irs","IBM",3,137,0.559055920884947,1.96685976020477
"irs","IBM",3,144,0.557646218958748,1.8208170419307
"irs","IBM",3,151,0.557714868655955,2.13809587934285
"irs","IBM",3,158,0.561386492419215,2.50707070707071
"irs","IBM",3,165,0.564200745392352,2.26051834399192
"irs","IBM",3,172,0.562343694176492,2.08781965006729
"irs","IBM",3,179,0.56450707101649,1.74042981867025
"irs","IBM",3,186,0.566748441173464,2.02995175556151
"irs","IBM",3,193,0.56658645230659,1.66108954624548
"irs","IBM",3,200,0.568650529655596,1.95082843399252
"irs","IBM",3,207,0.569444444444444,1.51068090787717
"irs","IBM",3,214,0.570495484002653,2.09504104651939
"irs","IBM",3,221,0.566131089007906,2.19394910839511
"irs","IBM",3,228,0.5687324662076,1.9269580326116
"irs","IBM",3,235,0.573892631149214,1.54225352112676
"irs","IBM",3,242,0.574278134884195,1.88928475396612
"irs","IBM",3,249,0.57198245077033,2.05868528839052
"irs","IBM",3,256,0.566226347732953,1.90868865647627
"irs","IBM",3,263,0.566269983145207,1.88169523299411
"irs","IBM",3,270,0.560259753540932,1.78298982869379
"irs","IBM",3,277,0.553668269722705,1.91061002617274
"irs","IBM",3,284,0.551202046035806,2.05454667292099
"irs","IBM",3,291,0.55333401513602,1.68642024909602
"irs","IBM",3,298,0.554801163918526,1.34587020648968
"irs","IBM",3,305,0.556973657341229,1.61699556987515
"irs","IBM",3,312,0.55821306542914,1.96091598952387
"irs","IBM",3,319,0.560569707488897,1.93666465175633
"irs","IBM",3,326,0.561923684344592,1.54463625982401
"irs","IBM",3,333,0.557731434384537,1.64657958524104
"irs","IBM",3,340,0.558871377732588,1.52688752445854
"irs","IBM",3,347,0.563345195729537,1.87749576988156
"irs","IBM",3,354,0.566064614601883,1.72658467360454
"irs","IBM",3,361,0.567801353482929,1.70042535953008
"irs","IBM",3,365,0.572141075881724,2.24774988157271
"pev","IBM",3,4,0.511522797258369,1.14764836892441
"pev","IBM",3,11,0.509474206349206,1.57884388517499
"pev","IBM",3,18,0.51256381027903,1.53049859136474
"pev","IBM",3,25,0.513453248104653,1.41120576671035
"pev","IBM",3,32,0.511306158881285,0.668498168498168
"pev","IBM",3,39,0.505381677496156,1.38447452749984
"pev","IBM",3,46,0.504394022143886,1.11904761904762
"pev","IBM",3,53,0.500397180021845,1.35466857663758
"pev","IBM",3,60,0.501812763844053,1.33229044453135
"pev","IBM",3,67,0.502404680450196,1.21491972327372
"pev","IBM",3,74,0.499975179945396,1.52361074876076
"pev","IBM",3,81,0.498932631683463,1.45152878284112
"pev","IBM",3,88,0.498856745203301,1.4266171584913
"pev","IBM",3,95,0.500149149845878,1.35502149277061
"pev","IBM",3,102,0.502459871788501,1.35352286773795
"pev","IBM",3,109,0.502585521081941,1.63932825619996
"pev","IBM",3,116,0.502708343686329,1.39974000649984
"pev","IBM",3,123,0.501839514765835,1.20625972006221
"pev","IBM",3,130,0.500596658711217,1.11251621271077
"pev","IBM",3,137,0.495176529090005,1.13899362891692
"pev","IBM",3,144,0.502533028707659,1.375926166645
"pev","IBM",3,151,0.505712298827737,1.46919431279621
"pev","IBM",3,158,0.507401887729757,0.903288830999674
"pev","IBM",3,165,0.509274873524452,1.26248123735561
"pev","IBM",3,172,0.512011491406211,1.0480976310122
"pev","IBM",3,179,0.512289204292567,1.35909328455709
"pev","IBM",3,186,0.514059797380776,1.55055225148683
"pev","IBM",3,193,0.509919358828477,1.57317312087769
"pev","IBM",3,200,0.507964776887306,1.07114908047476
"pev","IBM",3,207,0.508650519031142,1.25968613661522
"pev","IBM",3,214,0.511510720284557,1.02300873419372
"pev","IBM",3,221,0.508191058916412,1.00097943192948
"pev","IBM",3,228,0.506364712847839,1.3123488265673
"pev","IBM",3,235,0.509738343497934,1.28983705254892
"pev","IBM",3,242,0.511983105785286,1.29076620825147
"pev","IBM",3,249,0.517944695038243,1.17178798401363
"pev","IBM",3,256,0.515902964959569,1.17371046069038
"pev","IBM",3,263,0.514668367346939,1.53492345094947
"pev","IBM",3,270,0.507887365472505,1.27027381968613
"pev","IBM",3,277,0.510091833226931,1.10127246490883
"pev","IBM",3,284,0.510534846029173,1.29228953579858
"pev","IBM",3,291,0.512119725220805,1.58507698381366
"pev","IBM",3,298,0.51061534689875,1.43936904370687
"pev","IBM",3,305,0.507606242025714,1.1982141684722
"pev","IBM",3,312,0.510946760052897,1.19695677838263
"pev","IBM",3,319,0.512849435998038,1.2205756999541
"pev","IBM",3,326,0.509130178676615,1.38874311204408
"pev","IBM",3,333,0.509261074088593,1.27019041365726
"pev","IBM",3,340,0.505290486920741,1.36929050941161
"pev","IBM",3,347,0.514686412004119,1.10817767804105
"pev","IBM",3,354,0.519055102642177,1.37290484360565
"pev","IBM",3,361,0.517567501347577,1.18060598059278
"pev","IBM",3,365,0.51440329218107,1.18068391866913
"treatment","IBM",3,4,0.395004486987736,1.47623862487361
"treatment","IBM",3,11,0.395114656031904,1.45339812377674
"treatment","IBM",3,18,0.397256188487921,1.38257575757576
"treatment","IBM",3,25,0.391008445106806,1.60379909416616
"treatment","IBM",3,32,0.390854356371598,1.20877264125439
"treatment","IBM",3,39,0.389323240874458,1.37949652426267
"treatment","IBM",3,46,0.392693609396775,1.50276727861771
"treatment","IBM",3,53,0.392029057617673,1.35394887704863
"treatment","IBM",3,60,0.392613608083221,1.49902376624251
"treatment","IBM",3,67,0.396913887506222,1.79403447347159
"treatment","IBM",3,74,0.39405851910828,1.42376757011231
"treatment","IBM",3,81,0.390673162971065,1.62047625454056
"treatment","IBM",3,88,0.393468737554759,1.30251817936978
"treatment","IBM",3,95,0.391874376869392,1.50226030632211
"treatment","IBM",3,102,0.392864271457086,1.40545835303655
"treatment","IBM",3,109,0.396024770275669,1.52833119470521
"treatment","IBM",3,116,0.394759171449963,1.52699055330634
"treatment","IBM",3,123,0.390284088072295,1.69687373669317
"treatment","IBM",3,130,0.393081761006289,1.35048772283888
"treatment","IBM",3,137,0.388822295474978,1.03010348071496
"treatment","IBM",3,144,0.391745365512417,1.68834215995173
"treatment","IBM",3,151,0.392661008487269,1.61461126005362
"treatment","IBM",3,158,0.389855867537779,1.39303649146301
"treatment","IBM",3,165,0.390082232743583,1.71143412150847
"treatment","IBM",3,172,0.385109242024586,1.58993432515749
"treatment","IBM",3,179,0.384848786311182,1.41700133868809
"treatment","IBM",3,186,0.391628184120363,1.24548374146929
"treatment","IBM",3,193,0.391455538996523,1.68664612911867
"treatment","IBM",3,200,0.384928111056024,1.17560222773938
"treatment","IBM",3,207,0.384481903817551,1.61710411492247
"treatment","IBM",3,214,0.384263858533678,1.54339217397141
"treatment","IBM",3,221,0.381163462496265,1.64171589688507
"treatment","IBM",3,228,0.38992174649853,1.39640244311699
"treatment","IBM",3,235,0.391670822942643,1.36731553950097
"treatment","IBM",3,242,0.387267111686759,1.22204365876523
"treatment","IBM",3,249,0.390204897551224,0.953704944392335
"treatment","IBM",3,256,0.386655346351696,1.32237504193224
"treatment","IBM",3,263,0.387655306621426,1.34776770728432
"treatment","IBM",3,270,0.388406664671256,1.71557107365877
"treatment","IBM",3,277,0.389033160207751,1.49329309188464
"treatment","IBM",3,284,0.389491034413865,1.32415183070205
"treatment","IBM",3,291,0.38729651453111,1.42328896060239
"treatment","IBM",3,298,0.386650691428286,1.49359361373851
"treatment","IBM",3,305,0.386489590094363,1.5148269629828
"treatment","IBM",3,312,0.386607454717828,1.36649284663725
"treatment","IBM",3,319,0.381622268781802,1.38912999933231
"treatment","IBM",3,326,0.38123284252558,1.23951258489812
"treatment","IBM",3,333,0.38116636708608,1.45786180268939
"treatment","IBM",3,340,0.379212078792121,1.45553635517746
"treatment","IBM",3,347,0.381178232651023,1.1639649216051
"treatment","IBM",3,354,0.383137939635819,1.43404141972431
"treatment","IBM",3,361,0.388057467824005,1.65136393878909
"treatment","IBM",3,365,0.385180006990563,2.04195804195804
"nets","IBM",4,4,0.519494364910143,1.41501734339931
"nets","IBM",4,11,0.521516289454988,1.44033201796163
"nets","IBM",4,18,0.523115960416138,1.61449472609731
"nets","IBM",4,25,0.513700020296326,1.76064950064542
"nets","IBM",4,32,0.516261398176292,1.46307493715606
"nets","IBM",4,39,0.515123879008968,1.68533985197257
"nets","IBM",4,46,0.518672620255734,1.66078098471986
"nets","IBM",4,53,0.517400802723162,1.5616298811545
"nets","IBM",4,60,0.519543973941368,1.65965388530709
"nets","IBM",4,67,0.519947079177692,1.51051560379919
"nets","IBM",4,74,0.519668210269197,1.36184790719761
"nets","IBM",4,81,0.520406081012142,1.85530328702135
"nets","IBM",4,88,0.516898608349901,1.21163877786058
"nets","IBM",4,95,0.519351384427107,1.50724343352288
"nets","IBM",4,102,0.519850989997959,1.50754959712912
"nets","IBM",4,109,0.523415977961433,1.7795232936078
"nets","IBM",4,116,0.522096765953099,1.65605742534029
"nets","IBM",4,123,0.519714358581994,1.55602923264312
"nets","IBM",4,130,0.516876883010775,1.63134015033521
"nets","IBM",4,137,0.517046034500357,1.38388625592417
"nets","IBM",4,144,0.517306417902839,1.35871404399323
"nets","IBM",4,151,0.52013046580369,1.62924387934533
"nets","IBM",4,158,0.521871976371136,1.33256710161585
"nets","IBM",4,165,0.524423165079203,1.086015688396
"nets","IBM",4,172,0.517985611510791,1.35312752763548
"nets","IBM",4,179,0.520042839657283,1.55005055611729
"nets","IBM",4,186,0.522714526079641,1.28147998109513
"nets","IBM",4,193,0.522421524663677,1.57592929906227
"nets","IBM",4,200,0.522386537480877,1.37921727395412
"nets","IBM",4,207,0.524374109505394,1.40640843642263
"nets","IBM",4,214,0.525222250444501,1.20836429970948
"nets","IBM",4,221,0.525828757372382,1.3547712241868
"nets","IBM",4,228,0.525713413703647,1.40299413311754
"nets","IBM",4,235,0.52260030472321,1.45202616141865
"nets","IBM",4,242,0.520257920389927,1.65169525867891
"nets","IBM",4,249,0.516228983593234,1.10874848116646
"nets","IBM",4,256,0.513417541723736,1.79997297845031
"nets","IBM",4,263,0.514507456629806,1.55109612141653
"nets","IBM",4,270,0.516224038998629,1.15724500809498
"nets","IBM",4,277,0.516427156857767,1.69996625042187
"nets","IBM",4,284,0.515960150452374,1.45950525245679
"nets","IBM",4,291,0.517036811682385,1.51010580575149
"nets","IBM",4,298,0.515743041119505,1.48173207036536
"nets","IBM",4,305,0.512367311696886,1.53081241967124
"nets","IBM",4,312,0.513429804518913,1.3108144735059
"nets","IBM",4,319,0.515705079413406,1.55718832531997
"nets","IBM",4,326,0.515859343331982,1.43292270204413
"nets","IBM",4,333,0.514977951239293,1.28573364042813
"nets","IBM",4,340,0.512080230967938,1.55761024182077
"nets","IBM",4,347,0.516372668288727,1.53330171420828
"nets","IBM",4,354,0.516019294237116,1.78133261031655
"nets","IBM",4,361,0.516653992395437,1.70676335050149
"nets","IBM",4,365,0.51792687255946,1.56131178707224
"irs","IBM",4,4,0.561053312758226,2.03383084577114
"irs","IBM",4,11,0.562549761146497,2.25114397506466
"irs","IBM",4,18,0.565976552756298,2.37233054781801
"irs","IBM",4,25,0.565714571057625,2.05804311774461
"irs","IBM",4,32,0.561778176025488,2.28155339805825
"irs","IBM",4,39,0.566502707805435,2.06667998934186
"irs","IBM",4,46,0.562086298710994,1.82792467948718
"irs","IBM",4,53,0.563091325565183,1.90307486631016
"irs","IBM",4,60,0.563555732722109,2.19614921780987
"irs","IBM",4,67,0.558416334661355,2.22055087578553
"irs","IBM",4,74,0.558020137573522,1.85316320395484
"irs","IBM",4,81,0.562066037264599,2.19570884299178
"irs","IBM",4,88,0.568058257269689,2.06847123141543
"irs","IBM",4,95,0.568162574089754,1.77574141952682
"irs","IBM",4,102,0.563805450566939,1.55691815515862
"irs","IBM",4,109,0.565384041017472,1.97336804164998
"irs","IBM",4,116,0.566239848537691,1.95095877597381
"irs","IBM",4,123,0.567817693302816,2.3366230994932
"irs","IBM",4,130,0.572623612010158,2.33880656788146
"irs","IBM",4,137,0.575843676785803,2.22114484418885
"irs","IBM",4,144,0.572568578553616,2.0704037370704
"irs","IBM",4,151,0.569919266420811,1.60921843687375
"irs","IBM",4,158,0.571969696969697,2.10036801605888
"irs","IBM",4,165,0.56560522250461,2.05042466394703
"irs","IBM",4,172,0.564610243878111,2.00334672021419
"irs","IBM",4,179,0.566218236173393,2.09924429880292
"irs","IBM",4,186,0.564174051578214,1.95526985402437
"irs","IBM",4,193,0.56602270464051,1.73669749363356
"irs","IBM",4,200,0.56607819668861,1.76210272227437
"irs","IBM",4,207,0.570780580201376,2.4285906310908
"irs","IBM",4,214,0.568966376089664,2.2814033201156
"irs","IBM",4,221,0.570232697194678,2.30593453861147
"irs","IBM",4,228,0.571727331573968,2.11708369865785
"irs","IBM",4,235,0.569102046914687,2.21884498480243
"irs","IBM",4,242,0.573415765069552,1.94135864808456
"irs","IBM",4,249,0.565568459353038,1.55067772607728
"irs","IBM",4,256,0.562266593636409,1.84716599190283
"irs","IBM",4,263,0.560984112754619,1.89693574514039
"irs","IBM",4,270,0.55902725868341,1.74758918335694
"irs","IBM",4,277,0.560139511709018,1.81983560167093
"irs","IBM",4,284,0.563017662907893,1.69675941521256
"irs","IBM",4,291,0.563229280941458,1.82204533189423
"irs","IBM",4,298,0.566948009788743,1.8739444707154
"irs","IBM",4,305,0.567601339531164,1.7778379109728
"irs","IBM",4,312,0.565723710515794,1.92807801706623
"irs","IBM",4,319,0.567795763389289,1.70572299356587
"irs","IBM",4,326,0.570178946316105,1.72962361223937
"irs","IBM",4,333,0.568260325406758,1.56014654996947
"irs","IBM",4,340,0.564474210315874,2.10781982471635
"irs","IBM",4,347,0.569077306733167,2.33195133555359
"irs","IBM",4,354,0.56837223219629,1.63788414468317
"irs","IBM",4,361,0.569823755554446,1.93279022403259
"irs","IBM",4,365,0.574423480083857,2.08571428571429
"pev","IBM",4,4,0.517651119219012,1.11539228060852
"pev","IBM",4,11,0.517273668128727,1.25920520135341
"pev","IBM",4,18,0.52057562466118,1.25970664365833
"pev","IBM",4,25,0.521252465483235,1.30702917771883
"pev","IBM",4,32,0.523718137978545,1.30928656835393
"pev","IBM",4,39,0.524783634933124,1.40552383481609
"pev","IBM",4,46,0.521554909592551,1.20868931717332
"pev","IBM",4,53,0.521051854040479,1.13601748228594
"pev","IBM",4,60,0.514954422271495,1.42342520986185
"pev","IBM",4,67,0.512654793033697,0.990797139830508
"pev","IBM",4,74,0.509615384615385,1.11302618495194
"pev","IBM",4,81,0.504491609081935,1.1842018142091
"pev","IBM",4,88,0.502024491408256,1.66976065769409
"pev","IBM",4,95,0.504833300453738,1.28640776699029
"pev","IBM",4,102,0.504139970428783,1.48127203778857
"pev","IBM",4,109,0.504533359613679,1.35886185347693
"pev","IBM",4,116,0.505471753918959,1.60215482841181
"pev","IBM",4,123,0.50601103665747,0.946287309712158
"pev","IBM",4,130,0.506731101139109,1.06718054355771
"pev","IBM",4,137,0.509296246979336,1.55401809473124
"pev","IBM",4,144,0.512945702026927,1.40926640926641
"pev","IBM",4,151,0.513433571604634,1.38506091471939
"pev","IBM",4,158,0.511666913324454,1.23910004659522
"pev","IBM",4,165,0.515079834417504,0.99501329787234
"pev","IBM",4,172,0.51510067114094,1.28872160415695
"pev","IBM",4,179,0.513930667192662,1.43643276414087
"pev","IBM",4,186,0.511070565609744,1.38644542183127
"pev","IBM",4,193,0.510834236186349,1.31689717378232
"pev","IBM",4,200,0.51059217656912,1.02576112412178
"pev","IBM",4,207,0.512653865091088,1.49139259160024
"pev","IBM",4,214,0.513818414700232,1.12270143764627
"pev","IBM",4,221,0.513584271883027,1.24232514682328
"pev","IBM",4,228,0.511572700296736,1.31593003071171
"pev","IBM",4,235,0.507830640778618,1.38959390862944
"pev","IBM",4,242,0.509757539917209,1.12015478017213
"pev","IBM",4,249,0.508550588931053,1.09172482552343
"pev","IBM",4,256,0.503840094525404,1.0691698289062
"pev","IBM",4,263,0.502536321103177,1.45602021142211
"pev","IBM",4,270,0.505124667389376,1.33317837694249
"pev","IBM",4,277,0.504379059240307,1.35723771580345
"pev","IBM",4,284,0.505658891841354,1.09216038300419
"pev","IBM",4,291,0.50765444253015,1.23918253228598
"pev","IBM",4,298,0.507661985710766,1.31181364392679
"pev","IBM",4,305,0.508267114160209,1.26465884861407
"pev","IBM",4,312,0.508042234063548,1.19392523364486
"pev","IBM",4,319,0.508023502690959,1.11955724478229
"pev","IBM",4,326,0.510906662709601,1.31470117395945
"pev","IBM",4,333,0.511478329705126,1.16994991652755
"pev","IBM",4,340,0.511114404267931,1.22049087139704
"pev","IBM",4,347,0.51240486310171,1.17034068136273
"pev","IBM",4,354,0.512663237039968,1.34012016021362
"pev","IBM",4,361,0.514059797380776,1.09880920524485
"pev","IBM",4,365,0.511057360055287,1.36832239925023
"treatment","IBM",4,4,0.393990313333992,1.24486670842904
"treatment","IBM",4,11,0.390685959800484,1.21641324724016
"treatment","IBM",4,18,0.392008692645824,1.34405613840061
"treatment","IBM",4,25,0.391857883049593,1.29002079002079
"treatment","IBM",4,32,0.387791299206779,1.34172562075184
"treatment","IBM",4,39,0.386533050303599,1.21506345793744
"treatment","IBM",4,46,0.382989232440976,1.466980805211
"treatment","IBM",4,53,0.385294843325931,1.28725537652998
"treatment","IBM",4,60,0.381334125098971,1.40965517241379
"treatment","IBM",4,67,0.374474192111644,1.5855340274426
"treatment","IBM",4,74,0.380978287749147,1.55714580609647
"treatment","IBM",4,81,0.389012620638456,1.51065737738843
"treatment","IBM",4,88,0.384306533161495,1.13502867804575
"treatment","IBM",4,95,0.382306241937084,1.81454118621832
"treatment","IBM",4,102,0.384921622294103,1.28379310344828
"treatment","IBM",4,109,0.388487775730718,1.31041148853908
"treatment","IBM",4,116,0.390702077831481,1.31258644536653
"treatment","IBM",4,123,0.392556424692342,1.38744902895846
"treatment","IBM",4,130,0.390851562110718,1.49010517575422
"treatment","IBM",4,137,0.395155260928077,1.49031141868512
"treatment","IBM",4,144,0.393156424581006,1.36288203567971
"treatment","IBM",4,151,0.384688232068983,1.13557798672566
"treatment","IBM",4,158,0.381361434350497,1.4880458817026
"treatment","IBM",4,165,0.385568658804717,1.25853389421419
"treatment","IBM",4,172,0.385498851493059,1.48619737750173
"treatment","IBM",4,179,0.384853168469861,1.1312762586955
"treatment","IBM",4,186,0.378876113682744,1.40307523338825
"treatment","IBM",4,193,0.37786183555644,1.2037927717466
"treatment","IBM",4,200,0.380308304326206,1.40211277267115
"treatment","IBM",4,207,0.377058150524797,1.32918785213687
"treatment","IBM",4,214,0.3750373245745,1.47732729642588
"treatment","IBM",4,221,0.380168986083499,1.19917864476386
"treatment","IBM",4,228,0.38189582402304,1.72287590641675
"treatment","IBM",4,235,0.379991049674308,1.14944889436572
"treatment","IBM",4,242,0.38260652878146,1.32246376811594
"treatment","IBM",4,249,0.383791591950588,1.44603825136612
"treatment","IBM",4,256,0.390909544479369,1.41839378238342
"treatment","IBM",4,263,0.395099311308514,1.34594373122098
"treatment","IBM",4,270,0.39497853648797,1.44771934623538
"treatment","IBM",4,277,0.395678427067219,1.50041107152645
"treatment","IBM",4,284,0.403105031948882,1.24854621331327
"treatment","IBM",4,291,0.40241830718497,1.84129797532211
"treatment","IBM",4,298,0.405093632958802,1.32029757029757
"treatment","IBM",4,305,0.401160174026104,1.47036733579134
"treatment","IBM",4,312,0.399379565695987,1.4224668398742
"treatment","IBM",4,319,0.39435,1.49712879409352
"treatment","IBM",4,326,0.394118235470641,1.52249726477024
"treatment","IBM",4,333,0.392628845385537,1.40019180709686
"treatment","IBM",4,340,0.389753566796368,1.47530314448174
"treatment","IBM",4,347,0.38436644261887,1.40134375428493
"treatment","IBM",4,354,0.379695885509839,1.60175534832693
"treatment","IBM",4,361,0.380388841927303,1.47368781222199
"treatment","IBM",4,365,0.384373910010464,1.57177033492823
"nets","IBM",5,4,0.527468324169257,1.73655950519948
"nets","IBM",5,11,0.529990448901624,1.78254086685207
"nets","IBM",5,18,0.530631704410012,1.36518191091465
"nets","IBM",5,25,0.532528856243442,1.3921809017845
"nets","IBM",5,32,0.536420992256954,1.81332516673472
"nets","IBM",5,39,0.535124263755208,1.71361502347418
"nets","IBM",5,46,0.53049130185433,1.64156729131175
"nets","IBM",5,53,0.532363079279969,1.44633463141354
"nets","IBM",5,60,0.532332341936103,1.56769839105536
"nets","IBM",5,67,0.535685105973951,1.56577693040991
"nets","IBM",5,74,0.540354756525501,1.56375382522951
"nets","IBM",5,81,0.538857610317117,1.76124779121925
"nets","IBM",5,88,0.540511932255581,1.6864850173269
"nets","IBM",5,95,0.538738998701486,1.73691366417403
"nets","IBM",5,102,0.546476977794867,1.31482362536532
"nets","IBM",5,109,0.549037492199126,1.61251954054238
"nets","IBM",5,116,0.547163477677073,1.26580987352101
"nets","IBM",5,123,0.548936782988528,1.91112471100231
"nets","IBM",5,130,0.548486157094189,1.3394495412844
"nets","IBM",5,137,0.546859254282835,1.31777929155313
"nets","IBM",5,144,0.541670671921561,1.61834924965894
"nets","IBM",5,151,0.538276591652241,1.63966784644705
"nets","IBM",5,158,0.53767830555689,1.26624039181008
"nets","IBM",5,165,0.540671695574881,1.68694351933664
"nets","IBM",5,172,0.541234639016897,1.41463248793092
"nets","IBM",5,179,0.540890765981954,1.85996738687322
"nets","IBM",5,186,0.54191042485854,1.63810689514484
"nets","IBM",5,193,0.545384763001343,1.81283167777929
"nets","IBM",5,200,0.540526265245366,1.56780527715279
"nets","IBM",5,207,0.539698589243584,1.81740672532569
"nets","IBM",5,214,0.542519305019305,1.74105621805792
"nets","IBM",5,221,0.546869712351946,1.46786176811397
"nets","IBM",5,228,0.550091867324243,1.51514120449132
"nets","IBM",5,235,0.551542404022822,1.53966526057967
"nets","IBM",5,242,0.552915557706267,1.49243560038163
"nets","IBM",5,249,0.556961414014584,1.3681592039801
"nets","IBM",5,256,0.552145756814228,1.56535057862491
"nets","IBM",5,263,0.548863471840162,1.3460356484327
"nets","IBM",5,270,0.542254538450426,1.47469698007259
"nets","IBM",5,277,0.544681055616978,1.525
"nets","IBM",5,284,0.543740681960275,1.5234348272323
"nets","IBM",5,291,0.542581295931601,1.37584812555685
"nets","IBM",5,298,0.543597385118247,1.55351136129608
"nets","IBM",5,305,0.542649465678252,1.55457855327334
"nets","IBM",5,312,0.540690119832523,1.42930750206101
"nets","IBM",5,319,0.534944166345784,1.75565175565176
"nets","IBM",5,326,0.535504948592294,1.60406509647737
"nets","IBM",5,333,0.535178055822907,2.07884443834488
"nets","IBM",5,340,0.536791953414505,1.68515711135612
"nets","IBM",5,347,0.532018282415203,1.43631342768381
"nets","IBM",5,354,0.5380325031253,1.86032095874372
"nets","IBM",5,361,0.543765045739047,1.6337281366203
"nets","IBM",5,365,0.548669585719097,1.40519730510106
"irs","IBM",5,4,0.577230556652191,2.11622733095126
"irs","IBM",5,11,0.579225004929994,2.53130891462429
"irs","IBM",5,18,0.578011038833038,2.40729524194091
"irs","IBM",5,25,0.574157967303526,2.41167745415318
"irs","IBM",5,32,0.576826444652446,2.3339166722757
"irs","IBM",5,39,0.574328652377433,2.2332414442278
"irs","IBM",5,46,0.574673564917467,1.96831816649815
"irs","IBM",5,53,0.575821897521967,2.19063996223616
"irs","IBM",5,60,0.568962959299738,2.13478991596639
"irs","IBM",5,67,0.572234874740073,1.94018301709057
"irs","IBM",5,74,0.573633440514469,1.89578414839798
"irs","IBM",5,81,0.574134520276954,2.21794612112619
"irs","IBM",5,88,0.566071340226587,2.24289283543791
"irs","IBM",5,95,0.57053726169844,1.76719790195683
"irs","IBM",5,102,0.575970681458003,2.69390767579173
"irs","IBM",5,109,0.576173035042566,2.18078678839957
"irs","IBM",5,116,0.580766378244747,1.91112304490837
"irs","IBM",5,123,0.583411364644424,2.39520557117986
"irs","IBM",5,130,0.585570964886397,2.29821153459709
"irs","IBM",5,137,0.582096885133143,1.76470588235294
"irs","IBM",5,144,0.575587685649651,1.93614449741489
"irs","IBM",5,151,0.581262608866801,2.20292381974249
"irs","IBM",5,158,0.5826566268025,1.7872954118594
"irs","IBM",5,165,0.587645091481409,2.23459364908504
"irs","IBM",5,172,0.584939048368069,1.66935700834006
"irs","IBM",5,179,0.582063882063882,1.6177556913572
"irs","IBM",5,186,0.580879466038477,2.42484230304657
"irs","IBM",5,193,0.583951284191917,2.40212208716674
"irs","IBM",5,200,0.585224481776206,1.74488284406141
"irs","IBM",5,207,0.586862533163015,1.97084233261339
"irs","IBM",5,214,0.582746565562066,1.74888648940478
"irs","IBM",5,221,0.585312962050271,2.26754000945371
"irs","IBM",5,228,0.592495680078993,1.97017745091424
"irs","IBM",5,235,0.594466637076491,1.92560027054447
"irs","IBM",5,242,0.598236279436398,1.84928730662704
"irs","IBM",5,249,0.59897476340694,2.18724750875303
"irs","IBM",5,256,0.596643632773939,1.7662477317024
"irs","IBM",5,263,0.594887989736504,2.06089937487397
"irs","IBM",5,270,0.595477386934673,2.18181207602928
"irs","IBM",5,277,0.590538015147044,1.98436136653467
"irs","IBM",5,284,0.588749263695268,2.25475055395152
"irs","IBM",5,291,0.590782054425104,2.2302423957564
"irs","IBM",5,298,0.59425123853436,1.83269732878088
"irs","IBM",5,305,0.595683100318862,2.39344262295082
"irs","IBM",5,312,0.59376378879247,1.68947474340914
"irs","IBM",5,319,0.59626507205176,1.98449456302859
"irs","IBM",5,326,0.59641123694661,1.8376183124119
"irs","IBM",5,333,0.595075441096968,1.73902831834653
"irs","IBM",5,340,0.595481335952849,1.98342949147994
"irs","IBM",5,347,0.593075715967046,1.76446891365651
"irs","IBM",5,354,0.590557729941292,1.86274509803922
"irs","IBM",5,361,0.589465454900811,1.67014332817442
"irs","IBM",5,365,0.586548310003414,1.20405278039585
"pev","IBM",5,4,0.529368967357035,1.14885245901639
"pev","IBM",5,11,0.531968565052877,1.08044994079726
"pev","IBM",5,18,0.528190485408702,1.51562088056947
"pev","IBM",5,25,0.528868918200705,1.27387067035427
"pev","IBM",5,32,0.532159783344617,1.49058095112633
"pev","IBM",5,39,0.530340333091962,1.20184392492591
"pev","IBM",5,46,0.528892958696805,1.39487382223101
"pev","IBM",5,53,0.533034552551684,1.63871649280338
"pev","IBM",5,60,0.532093292212799,1.42070193956986
"pev","IBM",5,67,0.522849008348212,1.10912934337429
"pev","IBM",5,74,0.52528563852866,1.15735235830361
"pev","IBM",5,81,0.525581619847476,1.41929743623542
"pev","IBM",5,88,0.527429618202854,1.36956092423145
"pev","IBM",5,95,0.527165013004527,1.05811042298063
"pev","IBM",5,102,0.52831824311308,1.32525745973066
"pev","IBM",5,109,0.521588113271263,1.10635213494992
"pev","IBM",5,116,0.522214164853759,1.37181854147435
"pev","IBM",5,123,0.522205058891678,1.18122977346278
"pev","IBM",5,130,0.522787557270316,1.13481510881789
"pev","IBM",5,137,0.524537215580409,1.52133642077407
"pev","IBM",5,144,0.520451475979163,1.15750528541226
"pev","IBM",5,151,0.520880606382465,1.54385037340559
"pev","IBM",5,158,0.523644251626898,1.61653886832364
"pev","IBM",5,165,0.527981121171258,1.20717026061648
"pev","IBM",5,172,0.53358694081957,1.44850849923937
"pev","IBM",5,179,0.535192946957653,1.20597369986123
"pev","IBM",5,186,0.532460657394485,1.15758176412289
"pev","IBM",5,193,0.532324157547124,1.13211905233287
"pev","IBM",5,200,0.534284887645867,1.22717384138704
"pev","IBM",5,207,0.533146772170221,1.82728410513141
"pev","IBM",5,214,0.533825516309593,1.17734184714634
"pev","IBM",5,221,0.534005402276674,1.0560925889393
"pev","IBM",5,228,0.535278514588859,1.223061760841
"pev","IBM",5,235,0.532282173682434,1.27177700348432
"pev","IBM",5,242,0.530962363259602,1.48529797847204
"pev","IBM",5,249,0.531165573137785,1.55737166863595
"pev","IBM",5,256,0.525764234316898,1.39038486798897
"pev","IBM",5,263,0.528551431191775,1.05553729871837
"pev","IBM",5,270,0.527151935297516,1.27420629693058
"pev","IBM",5,277,0.524169475204622,1.48617587180666
"pev","IBM",5,284,0.522304027717627,0.718645402638315
"pev","IBM",5,291,0.522395958624008,1.36506790892986
"pev","IBM",5,298,0.51942986468917,0.837046258681693
"pev","IBM",5,305,0.51844894026975,1.22097599370327
"pev","IBM",5,312,0.520419957618956,1.03310953133228
"pev","IBM",5,319,0.514277459430828,1.08180201541197
"pev","IBM",5,326,0.514441128333494,1.17594845157473
"pev","IBM",5,333,0.513348405406705,1.24860206565358
"pev","IBM",5,340,0.512283063314264,1.41454282711508
"pev","IBM",5,347,0.514795746523601,1.22282073178743
"pev","IBM",5,354,0.517561585835258,1.0076245563297
"pev","IBM",5,361,0.520759079086793,1.10011793998165
"pev","IBM",5,365,0.519081391421817,0.501833180568286
"treatment","IBM",5,4,0.384070972886762,1.46824109517939
"treatment","IBM",5,11,0.385535562976624,1.1593310429766
"treatment","IBM",5,18,0.379298332918636,1.39728782766675
"treatment","IBM",5,25,0.381946515558207,1.37360498313003
"treatment","IBM",5,32,0.382366104729226,1.39910343035343
"treatment","IBM",5,39,0.377984480700358,1.35132501948558
"treatment","IBM",5,46,0.38053053302145,1.23455184077013
"treatment","IBM",5,53,0.380541564853139,1.30722146252523
"treatment","IBM",5,60,0.378556454028152,1.28537889656971
"treatment","IBM",5,67,0.377452693594288,1.14203767681377
"treatment","IBM",5,74,0.375985627308115,1.37978231115167
"treatment","IBM",5,81,0.37880755018476,1.45058309987621
"treatment","IBM",5,88,0.379582459294776,1.42439024390244
"treatment","IBM",5,95,0.381845386533666,1.44973303815601
"treatment","IBM",5,102,0.386171166683272,1.54812398042414
"treatment","IBM",5,109,0.386638768494993,1.52629859523032
"treatment","IBM",5,116,0.390927650251456,1.33559853633037
"treatment","IBM",5,123,0.393125778331258,1.16925993723849
"treatment","IBM",5,130,0.398525088444865,1.2870575943581
"treatment","IBM",5,137,0.398395055574939,1.57584876038464
"treatment","IBM",5,144,0.394760479041916,1.26528876970371
"treatment","IBM",5,151,0.395102448775612,1.52679738562092
"treatment","IBM",5,158,0.397851074462769,1.79167484783036
"treatment","IBM",5,165,0.398901373283396,1.38874311204408
"treatment","IBM",5,172,0.39888933360016,1.19829284307288
"treatment","IBM",5,179,0.400821478661591,1.58205818611677
"treatment","IBM",5,186,0.39891940567312,1.46403208837454
"treatment","IBM",5,193,0.395974830203756,1.70370126881862
"treatment","IBM",5,200,0.392275105905806,1.2481094232919
"treatment","IBM",5,207,0.386330755799451,1.51233146991121
"treatment","IBM",5,214,0.388023952095808,1.15247993685041
"treatment","IBM",5,221,0.390626556429923,1.24925952741394
"treatment","IBM",5,228,0.390488047808765,1.51223201367881
"treatment","IBM",5,235,0.389370824608635,1.51243093922652
"treatment","IBM",5,242,0.386282127913927,1.65690789473684
"treatment","IBM",5,249,0.390893257029112,1.73008558262014
"treatment","IBM",5,256,0.39493041749503,1.44059992106302
"treatment","IBM",5,263,0.391351834384153,1.70549522869365
"treatment","IBM",5,270,0.386200049640109,1.20160653147221
"treatment","IBM",5,277,0.384714704275711,1.65865384615385
"treatment","IBM",5,284,0.388817289580648,1.39102437742296
"treatment","IBM",5,291,0.391063661526295,1.51262991711617
"treatment","IBM",5,298,0.388419126736884,1.72656198672886
"treatment","IBM",5,305,0.393602843180809,1.19971075466737
"treatment","IBM",5,312,0.393940889130113,1.72724285244824
"treatment","IBM",5,319,0.396244085173502,1.43936904370687
"treatment","IBM",5,326,0.393353712651612,1.60655630009197
"treatment","IBM",5,333,0.391501528147491,1.32020255162436
"treatment","IBM",5,340,0.389703710995177,1.63214309199711
"treatment","IBM",5,347,0.389942048914645,1.79897483078136
"treatment","IBM",5,354,0.388100034392964,1.82680276588739
"treatment","IBM",5,361,0.387300809021819,1.27454210040849
"treatment","IBM",5,365,0.383796773086165,1.34624250806823
"nets","IBM",6,4,0.515049002537187,1.64190294438386
"nets","IBM",6,11,0.517566963176465,1.5182407091715
"nets","IBM",6,18,0.51712652249565,1.29450279634429
"nets","IBM",6,25,0.516419544233257,1.56855388813097
"nets","IBM",6,32,0.516805258178559,1.51617296561117
"nets","IBM",6,39,0.519777103338475,1.48827726809378
"nets","IBM",6,46,0.524270399047052,1.48949194042032
"nets","IBM",6,53,0.526625463535229,1.63955625127612
"nets","IBM",6,60,0.524574762658228,1.74141221374046
"nets","IBM",6,67,0.524375154664687,1.37143052329553
"nets","IBM",6,74,0.525371655104063,1.37096223451479
"nets","IBM",6,81,0.52531959171539,1.47137195955179
"nets","IBM",6,88,0.529475982532751,1.57166290752512
"nets","IBM",6,95,0.526757763975155,1.94586836169777
"nets","IBM",6,102,0.53173854781875,1.32128952940373
"nets","IBM",6,109,0.525473433073214,1.24820463716572
"nets","IBM",6,116,0.522762249913121,1.27674897119342
"nets","IBM",6,123,0.522561429635145,1.65396498455201
"nets","IBM",6,130,0.525116648466197,1.98097004671613
"nets","IBM",6,137,0.528671259354711,1.3287313689127
"nets","IBM",6,144,0.526065881887427,1.10370421276888
"nets","IBM",6,151,0.530634465010393,1.35959163964958
"nets","IBM",6,158,0.528490239683716,1.69191919191919
"nets","IBM",6,165,0.530451090711677,1.69543815862451
"nets","IBM",6,172,0.536024048886261,1.44158813747228
"nets","IBM",6,179,0.539181862986693,1.51788189631273
"nets","IBM",6,186,0.540124064592359,1.54168397728846
"nets","IBM",6,193,0.536458076904141,1.36865495451705
"nets","IBM",6,200,0.531314623338257,1.26947690595437
"nets","IBM",6,207,0.532018733053981,1.31659267480577
"nets","IBM",6,214,0.532341494654909,1.38908109604207
"nets","IBM",6,221,0.525535582368875,1.66609032436545
"nets","IBM",6,228,0.524489997043461,1.23583471531233
"nets","IBM",6,235,0.529157029673737,1.73917547130723
"nets","IBM",6,242,0.532302540870593,1.66034874905231
"nets","IBM",6,249,0.534214158943009,1.88105545248402
"nets","IBM",6,256,0.533954267691701,1.42490240394494
"nets","IBM",6,263,0.527451462275743,1.49764070300212
"nets","IBM",6,270,0.526184049079755,1.32427437020811
"nets","IBM",6,277,0.532290491835434,1.47459600109559
"nets","IBM",6,284,0.53126992691421,1.7979065471711
"nets","IBM",6,291,0.531309857079711,1.22140271802226
"nets","IBM",6,298,0.526872723693277,1.22081911262799
"nets","IBM",6,305,0.52535357019662,1.24684019949443
"nets","IBM",6,312,0.523414754502837,1.7455762792922
"nets","IBM",6,319,0.520536462699078,1.5955194317328
"nets","IBM",6,326,0.520655446424165,1.624888706253
"nets","IBM",6,333,0.523143111462763,1.8241254193195
"nets","IBM",6,340,0.521128149499532,1.50195459845004
"nets","IBM",6,347,0.526248336373047,1.22819667628073
"nets","IBM",6,354,0.519267680496087,1.42744425385935
"nets","IBM",6,361,0.516523447090597,1.4028826355525
"nets","IBM",6,365,0.518047438982468,2.10374639769452
"irs","IBM",6,4,0.56648293201818,2.29455605962411
"irs","IBM",6,11,0.569097842351692,2.15443990400208
"irs","IBM",6,18,0.571828268210323,2.74685350979629
"irs","IBM",6,25,0.56533075808788,2.12855569234757
"irs","IBM",6,32,0.567147613762486,2.24564471213004
"irs","IBM",6,39,0.565689206134851,2.12209302325581
"irs","IBM",6,46,0.56725033673273,2.23940842159649
"irs","IBM",6,53,0.568764120559535,2.21741097395463
"irs","IBM",6,60,0.569939975990396,2.33505654281099
"irs","IBM",6,67,0.568149073095764,2.12332751599767
"irs","IBM",6,74,0.569716148830073,2.19495635305529
"irs","IBM",6,81,0.564401015471572,2.0051056679377
"irs","IBM",6,88,0.562272814233786,2.42893138648404
"irs","IBM",6,95,0.565618428598738,1.72314557330402
"irs","IBM",6,102,0.571476333763194,2.12140781401356
"irs","IBM",6,109,0.574172280349721,2.2112657901521
"irs","IBM",6,116,0.571926807128183,2.49227003349652
"irs","IBM",6,123,0.572056364939097,2.1845035073042
"irs","IBM",6,130,0.568369736653444,2.18478470747249
"irs","IBM",6,137,0.572212414714443,2.18281782522024
"irs","IBM",6,144,0.571367215461704,2.1347772993123
"irs","IBM",6,151,0.568595594208439,2.22560975609756
"irs","IBM",6,158,0.569864716286629,1.80426269499904
"irs","IBM",6,165,0.575125568045922,2.25178330441488
"irs","IBM",6,172,0.580487571243834,2.30224625088498
"irs","IBM",6,179,0.583765609990394,2.3986856516977
"irs","IBM",6,186,0.588102337212657,2.42689303466529
"irs","IBM",6,193,0.588011738105547,2.51967741935484
"irs","IBM",6,200,0.587105161787365,2.33686865420682
"irs","IBM",6,207,0.586143853740678,2.17360346948023
"irs","IBM",6,214,0.585149896540109,1.84534612393052
"irs","IBM",6,221,0.583991904394757,1.94717324832477
"irs","IBM",6,228,0.579709445436556,2.21428571428571
"irs","IBM",6,235,0.581866409452616,1.92957838402297
"irs","IBM",6,242,0.578438948995363,2.1209845912771
"irs","IBM",6,249,0.579696165903063,1.95697659212763
"irs","IBM",6,256,0.583015865361431,2.03349282296651
"irs","IBM",6,263,0.583305235778623,2.3444976076555
"irs","IBM",6,270,0.585844968704863,2.24688932547479
"irs","IBM",6,277,0.580711980345874,2.20225603357817
"irs","IBM",6,284,0.586406362979031,1.98603644945588
"irs","IBM",6,291,0.584483923916192,1.57936143709434
"irs","IBM",6,298,0.584878331402086,1.84077809798271
"irs","IBM",6,305,0.58381223740764,1.89119170984456
"irs","IBM",6,312,0.584024696121937,1.82104641239414
"irs","IBM",6,319,0.57883827428296,1.67738970588235
"irs","IBM",6,326,0.573602349882024,1.82656219134786
"irs","IBM",6,333,0.570650864768512,2.02042833607908
"irs","IBM",6,340,0.570788357748651,1.61163832872018
"irs","IBM",6,347,0.570573758625682,2.21343352448751
"irs","IBM",6,354,0.57694535624638,2.06921555702043
"irs","IBM",6,361,0.571828673523589,1.70729297055142
"irs","IBM",6,365,0.572056833558863,1.34997688395747
"pev","IBM",6,4,0.533093666896484,1.30656490611914
"pev","IBM",6,11,0.532145318499557,1.03595080416272
"pev","IBM",6,18,0.532824427480916,1.111148694358
"pev","IBM",6,25,0.532121391270076,1.20942656207736
"pev","IBM",6,32,0.532215096201283,1.01402629082532
"pev","IBM",6,39,0.52898514973605,1.33509449298923
"pev","IBM",6,46,0.530023151568888,1.38426114045781
"pev","IBM",6,53,0.529027183797867,1.28191273807916
"pev","IBM",6,60,0.527288818959583,0.985354660187622
"pev","IBM",6,67,0.525097094538125,1.37884511602806
"pev","IBM",6,74,0.520564100044224,1.13178294573643
"pev","IBM",6,81,0.52313517234597,1.37633829371759
"pev","IBM",6,88,0.5232185945733,1.27579485111246
"pev","IBM",6,95,0.523889271992907,1.05462975406531
"pev","IBM",6,102,0.519468373123308,1.32308518493656
"pev","IBM",6,109,0.525978507344967,1.32335168524238
"pev","IBM",6,116,0.524198710058589,1.22491442378683
"pev","IBM",6,123,0.523247232472325,1.44404211090994
"pev","IBM",6,130,0.520172981473291,1.68348930481283
"pev","IBM",6,137,0.520556019450857,1.36530625876695
"pev","IBM",6,144,0.518833177822521,1.26922562525077
"pev","IBM",6,151,0.51990770288183,1.19552139037433
"pev","IBM",6,158,0.517801098469988,1.39266349822612
"pev","IBM",6,165,0.513177231311845,1.09969201928227
"pev","IBM",6,172,0.511575656930741,1.07547043460792
"pev","IBM",6,179,0.514288505690978,1.41539078692251
"pev","IBM",6,186,0.515867194758203,1.24257392697417
"pev","IBM",6,193,0.516699314397649,1.38838838838839
"pev","IBM",6,200,0.514296905601253,1.07073804920328
"pev","IBM",6,207,0.51134525851507,1.06952583910495
"pev","IBM",6,214,0.506058970710887,1.23745263577744
"pev","IBM",6,221,0.504661890273825,1.4800904074985
"pev","IBM",6,228,0.50515818431912,1.28580923894982
"pev","IBM",6,235,0.505943025540275,1.3603993344426
"pev","IBM",6,242,0.506494145429499,1.26297577854671
"pev","IBM",6,249,0.502558299714651,1.33512902367651
"pev","IBM",6,256,0.503079272798936,1.0468916755603
"pev","IBM",6,263,0.498326442213034,1.14542298190559
"pev","IBM",6,270,0.498206300063885,1.46409947853991
"pev","IBM",6,277,0.49933638106474,1.12375343015862
"pev","IBM",6,284,0.499754227290602,1.4425911039657
"pev","IBM",6,291,0.49877077392074,1.1984052532833
"pev","IBM",6,298,0.50177200236267,1.39612132599651
"pev","IBM",6,305,0.498227474150665,1.49369381457131
"pev","IBM",6,312,0.500640078778927,1.34568977074675
"pev","IBM",6,319,0.503369902100654,0.977504017139796
"pev","IBM",6,326,0.496853800019664,1.24440136372752
"pev","IBM",6,333,0.499778728426022,1.36713263326868
"pev","IBM",6,340,0.500516554336597,1.14879796424027
"pev","IBM",6,347,0.498154799980318,1.58738123912753
"pev","IBM",6,354,0.495402920497566,1.07223928428362
"pev","IBM",6,361,0.496654860291224,1.46107145239843
"pev","IBM",6,365,0.502068965517241,1.19336758524054
"treatment","IBM",6,4,0.406911597005305,1.95576011540839
"treatment","IBM",6,11,0.399801931171082,1.53530547510688
"treatment","IBM",6,18,0.392311117708179,1.00592531349042
"treatment","IBM",6,25,0.388344226579521,1.5328743545611
"treatment","IBM",6,32,0.394255487443148,1.66092112520684
"treatment","IBM",6,39,0.394622380387505,1.26070737772865
"treatment","IBM",6,46,0.39667622910278,1.46010069659977
"treatment","IBM",6,53,0.405060778963036,1.18531057831825
"treatment","IBM",6,60,0.402207417719002,1.61381692573402
"treatment","IBM",6,67,0.395770092062702,1.31394946348217
"treatment","IBM",6,74,0.390925824585842,1.52125590441789
"treatment","IBM",6,81,0.389411354928596,1.34489710789766
"treatment","IBM",6,88,0.391451460416978,1.57098229781326
"treatment","IBM",6,95,0.38794736317416,1.51651547676754
"treatment","IBM",6,102,0.386868233298408,1.51358075886378
"treatment","IBM",6,109,0.39088142864269,1.5603668206578
"treatment","IBM",6,116,0.396164383561644,1.61136786921432
"treatment","IBM",6,123,0.400857555965498,1.56209014978947
"treatment","IBM",6,130,0.403142144638404,1.86739491150442
"treatment","IBM",6,137,0.409242733934892,1.7376155650614
"treatment","IBM",6,144,0.410902199391552,1.23412917471709
"treatment","IBM",6,151,0.407710747103476,1.38114895080839
"treatment","IBM",6,158,0.405690042425755,1.60472624854022
"treatment","IBM",6,165,0.404164176130703,2.05436200151006
"treatment","IBM",6,172,0.40634192551229,1.80308747855918
"treatment","IBM",6,179,0.400917293982751,1.60351455244371
"treatment","IBM",6,186,0.400538572782127,1.80420156528903
"treatment","IBM",6,193,0.399441480077794,1.27815160670146
"treatment","IBM",6,200,0.401723880225201,1.25334798434173
"treatment","IBM",6,207,0.402143569292124,1.705724692461
"treatment","IBM",6,214,0.405332534451768,1.55212620027435
"treatment","IBM",6,221,0.407244346607965,1.55010617165559
"treatment","IBM",6,228,0.40686961746445,1.42568354690605
"treatment","IBM",6,235,0.402793072379618,1.53045092108881
"treatment","IBM",6,242,0.399190526157997,1.43137254901961
"treatment","IBM",6,249,0.394412571713644,1.47823997803405
"treatment","IBM",6,256,0.394489918147335,1.80135718692165
"treatment","IBM",6,263,0.391126211651844,1.55
"treatment","IBM",6,270,0.388991836530275,1.6737389637944
"treatment","IBM",6,277,0.394060995184591,1.54766789768841
"treatment","IBM",6,284,0.395478243432926,1.82863221467298
"treatment","IBM",6,291,0.394850215409278,1.65385143484828
"treatment","IBM",6,298,0.393977289780401,1.18001100564039
"treatment","IBM",6,305,0.392429180245676,1.37944066515495
"treatment","IBM",6,312,0.3930954889859,1.68237479361585
"treatment","IBM",6,319,0.399548532731377,1.33376999448428
"treatment","IBM",6,326,0.403715201281794,1.76389368312047
"treatment","IBM",6,333,0.398949474737369,1.33422994689289
"treatment","IBM",6,340,0.396748374187093,1.76499032882012
"treatment","IBM",6,347,0.396518084946721,1.54296604296604
"treatment","IBM",6,354,0.393766571614388,1.36637781629116
"treatment","IBM",6,361,0.391158841158841,1.44108886887858
"treatment","IBM",6,365,0.391258741258741,1.06259097525473
"nets","IBM",7,4,0.525295647480249,1.54432505036938
"nets","IBM",7,11,0.526751592356688,2.1050160944206
"nets","IBM",7,18,0.529930872187086,1.34930770264821
"nets","IBM",7,25,0.527877388613253,1.59538699482214
"nets","IBM",7,32,0.532835600962719,1.54411764705882
"nets","IBM",7,39,0.529891437834651,1.46841893522864
"nets","IBM",7,46,0.528184228616321,1.58961474036851
"nets","IBM",7,53,0.525283240963264,1.41747572815534
"nets","IBM",7,60,0.520312040035325,1.48959657456346
"nets","IBM",7,67,0.521811668874822,1.76352167494296
"nets","IBM",7,74,0.525126244055498,1.6421568627451
"nets","IBM",7,81,0.523104906105594,1.81226516371444
"nets","IBM",7,88,0.522182786157941,1.68755025462343
"nets","IBM",7,95,0.520402624956826,1.44152888412879
"nets","IBM",7,102,0.518861876818384,1.32007233273056
"nets","IBM",7,109,0.5242340656093,2.02967975345035
"nets","IBM",7,116,0.527755905511811,1.37116790769437
"nets","IBM",7,123,0.531875061582422,1.32104557640751
"nets","IBM",7,130,0.532898958487586,1.7393784817773
"nets","IBM",7,137,0.532715806070162,1.49529885829416
"nets","IBM",7,144,0.533159114442089,1.76577302963112
"nets","IBM",7,151,0.530819720673148,1.56820622986037
"nets","IBM",7,158,0.531036868636948,1.52114001478793
"nets","IBM",7,165,0.526136363636364,1.52165142549758
"nets","IBM",7,172,0.525913129318855,1.42645374300923
"nets","IBM",7,179,0.527526786155137,1.47335844994618
"nets","IBM",7,186,0.525431268844842,1.49469656283566
"nets","IBM",7,193,0.523157530522465,1.39630872483221
"nets","IBM",7,200,0.525670801008055,1.64414414414414
"nets","IBM",7,207,0.530571894617172,1.76791120080727
"nets","IBM",7,214,0.528452069016661,1.42453401520759
"nets","IBM",7,221,0.524144420781536,1.69310924369748
"nets","IBM",7,228,0.522507799732581,1.44743917193171
"nets","IBM",7,235,0.519811788013868,1.44607843137255
"nets","IBM",7,242,0.51869089468733,1.5230852066227
"nets","IBM",7,249,0.520530325516968,1.76993534482759
"nets","IBM",7,256,0.519013004994313,1.74558803718173
"nets","IBM",7,263,0.519155667605912,1.59613832077503
"nets","IBM",7,270,0.518611769352291,1.47316023140051
"nets","IBM",7,277,0.520718232044199,1.27622377622378
"nets","IBM",7,284,0.523762620044324,1.93822679303623
"nets","IBM",7,291,0.52496553082529,1.71787803402138
"nets","IBM",7,298,0.522843639228043,1.74230200349603
"nets","IBM",7,305,0.523811868997784,1.44909494650427
"nets","IBM",7,312,0.521542396222703,1.98689516129032
"nets","IBM",7,319,0.521435594886922,1.69208546089761
"nets","IBM",7,326,0.521826762363583,1.66845926324281
"nets","IBM",7,333,0.522376315530638,1.71810907134692
"nets","IBM",7,340,0.517102219597421,1.5444287729196
"nets","IBM",7,347,0.520361990950226,1.64182611614636
"nets","IBM",7,354,0.52051623072755,1.53905361086942
"nets","IBM",7,361,0.521445474265431,1.53936269915651
"nets","IBM",7,365,0.526224982746722,2.05248359887535
"irs","IBM",7,4,0.583047647438764,2.13435608145294
"irs","IBM",7,11,0.581396503774334,2.38759209529711
"irs","IBM",7,18,0.585980937251787,2.13891761461565
"irs","IBM",7,25,0.580205117992632,2.61342512908778
"irs","IBM",7,32,0.584909416683257,2.41089858263382
"irs","IBM",7,39,0.585916894749938,2.26130653266332
"irs","IBM",7,46,0.585381630012937,2.23433523626109
"irs","IBM",7,53,0.58851317752362,2.23725895316804
"irs","IBM",7,60,0.587102219133198,2.74644484329698
"irs","IBM",7,67,0.589956288495927,2.36343597161948
"irs","IBM",7,74,0.593489479952362,2.13274214614697
"irs","IBM",7,81,0.595812245708048,1.88455183808344
"irs","IBM",7,88,0.593442133545626,2.20877458396369
"irs","IBM",7,95,0.595336555228937,1.78183443344334
"irs","IBM",7,102,0.593000099571841,2.15931760335695
"irs","IBM",7,109,0.586798647035416,2.53193681318681
"irs","IBM",7,116,0.586337007248535,2.00480604188122
"irs","IBM",7,123,0.58844568079082,2.15946615299945
"irs","IBM",7,130,0.591212181528662,2.28753443526171
"irs","IBM",7,137,0.592513422151521,2.08758269018743
"irs","IBM",7,144,0.592326020053609,2.29021581741709
"irs","IBM",7,151,0.590947525491171,1.96412556053812
"irs","IBM",7,158,0.592439691619,2.41555218530263
"irs","IBM",7,165,0.589992049294375,1.98916942604857
"irs","IBM",7,172,0.58862643906312,2.29100565595255
"irs","IBM",7,179,0.590511674118232,1.83948912668278
"irs","IBM",7,186,0.592119646228759,2.09668489168801
"irs","IBM",7,193,0.592252296995282,2.25449371920328
"irs","IBM",7,200,0.589133452310133,1.54489314460172
"irs","IBM",7,207,0.587105080717045,1.8227215980025
"irs","IBM",7,214,0.584839332574145,1.95078781148053
"irs","IBM",7,221,0.575973832887303,1.57371349095967
"irs","IBM",7,228,0.573115079365079,1.95840011149049
"irs","IBM",7,235,0.577650856717159,2.09008379888268
"irs","IBM",7,242,0.582022137290912,2.34513583350793
"irs","IBM",7,249,0.584532909758761,1.80958033656868
"irs","IBM",7,256,0.583428429670057,2.14165968147527
"irs","IBM",7,263,0.581573991475865,1.60894206549118
"irs","IBM",7,270,0.581418383518225,2.04252937884723
"irs","IBM",7,277,0.57850790513834,2.29591836734694
"irs","IBM",7,284,0.575965284284235,1.91232972406567
"irs","IBM",7,291,0.577994772402229,2.29143415178571
"irs","IBM",7,298,0.577548806941432,1.95935582822086
"irs","IBM",7,305,0.57664809427543,1.78048780487805
"irs","IBM",7,312,0.579419447045488,2.06200306876831
"irs","IBM",7,319,0.576697111824241,2.2631322279504
"irs","IBM",7,326,0.579356051238934,1.85189046427579
"irs","IBM",7,333,0.574931880108992,2.33567503651666
"irs","IBM",7,340,0.575194489866706,1.67827783196322
"irs","IBM",7,347,0.57502852324024,2.11144410370783
"irs","IBM",7,354,0.578874287131168,1.85253424181325
"irs","IBM",7,361,0.580614727642882,1.97708333333333
"irs","IBM",7,365,0.580869565217391,1.95092322643343
"pev","IBM",7,4,0.53562617191355,1.41345688403292
"pev","IBM",7,11,0.537121137328463,1.16161616161616
"pev","IBM",7,18,0.536834823854934,1.46292585170341
"pev","IBM",7,25,0.536779619094732,1.10880972107153
"pev","IBM",7,32,0.535594059405941,1.41335914811229
"pev","IBM",7,39,0.540860268276989,1.21145069838197
"pev","IBM",7,46,0.543703703703704,1.43730569948187
"pev","IBM",7,53,0.543829324904934,1.23592011609426
"pev","IBM",7,60,0.542292490118577,1.06332801553721
"pev","IBM",7,67,0.539559078523656,1.11659598136689
"pev","IBM",7,74,0.53394449950446,1.2702721514582
"pev","IBM",7,81,0.534841045479343,1.2467758800976
"pev","IBM",7,88,0.536232604373757,1.06873954266592
"pev","IBM",7,95,0.532095939490446,1.21980087725406
"pev","IBM",7,102,0.532031211172407,1.44549433752519
"pev","IBM",7,109,0.533300223491433,1.31558882650586
"pev","IBM",7,116,0.537465906273246,1.08773996811976
"pev","IBM",7,123,0.539266236985622,1.06369691923397
"pev","IBM",7,130,0.539453454347071,1.2688590697351
"pev","IBM",7,137,0.536789463260051,0.863064190833855
"pev","IBM",7,144,0.533300321861847,1.29648976180527
"pev","IBM",7,151,0.529236720726082,0.912816950329976
"pev","IBM",7,158,0.527523847376789,1.21472647854122
"pev","IBM",7,165,0.525767053917188,1.39283979740512
"pev","IBM",7,172,0.522062469013386,1.18801939058172
"pev","IBM",7,179,0.520293738215739,1.28752247890441
"pev","IBM",7,186,0.523239051548442,1.21027908261951
"pev","IBM",7,193,0.523762228733178,1.28361605295821
"pev","IBM",7,200,0.526550868486352,1.23259820813232
"pev","IBM",7,207,0.521622560945335,1.08233914902421
"pev","IBM",7,214,0.522081784386617,1.3335861023025
"pev","IBM",7,221,0.525949838589521,1.02894664466447
"pev","IBM",7,228,0.529405915983097,1.32699958842091
"pev","IBM",7,235,0.532019704433498,1.72665569724393
"pev","IBM",7,242,0.536656891495601,1.15157750342936
"pev","IBM",7,249,0.541316770186335,1.45228785072374
"pev","IBM",7,256,0.540911123255005,1.42646554679465
"pev","IBM",7,263,0.538350863266521,1.07536827680713
"pev","IBM",7,270,0.533978174603175,1.14701461948354
"pev","IBM",7,277,0.532203558294404,1.14318785320351
"pev","IBM",7,284,0.540712404987828,1.58857531451887
"pev","IBM",7,291,0.541765873015873,1.09214552873172
"pev","IBM",7,298,0.543032583935823,1.54218345372768
"pev","IBM",7,305,0.541544864489917,1.29344418699741
"pev","IBM",7,312,0.542257712528519,1.41752401716972
"pev","IBM",7,319,0.537160989637563,1.27090871850891
"pev","IBM",7,326,0.535696579077838,1.44762035010941
"pev","IBM",7,333,0.532949868597213,1.37396482102525
"pev","IBM",7,340,0.533683376263127,1.02338781371812
"pev","IBM",7,347,0.530559683011392,0.999452354874042
"pev","IBM",7,354,0.526683168316832,1.30035626198959
"pev","IBM",7,361,0.52555973845849,1.12484591151897
"pev","IBM",7,365,0.527209705372617,1.74892189746047
"treatment","IBM",7,4,0.405273144911615,1.93497517111797
"treatment","IBM",7,11,0.407601900475119,1.4432678774881
"treatment","IBM",7,18,0.407831566313263,1.51818059841674
"treatment","IBM",7,25,0.410125823846615,1.5689435153469
"treatment","IBM",7,32,0.414312054617033,1.59463637585697
"treatment","IBM",7,39,0.409701492537313,1.84120258272801
"treatment","IBM",7,46,0.409867078209787,1.66958159558725
"treatment","IBM",7,53,0.400716275368086,1.49892284906423
"treatment","IBM",7,60,0.395888297078003,1.42462987886945
"treatment","IBM",7,67,0.395166103043565,1.59452920223133
"treatment","IBM",7,74,0.400695479384004,1.49650490657346
"treatment","IBM",7,81,0.405436238281831,1.40204865556978
"treatment","IBM",7,88,0.406364809850065,1.72146610968872
"treatment","IBM",7,95,0.402813680652217,1.22854257825648
"treatment","IBM",7,102,0.408298136645963,1.52370051171559
"treatment","IBM",7,109,0.407486577848479,1.4985193161933
"treatment","IBM",7,116,0.408320493066256,1.74500033667766
"treatment","IBM",7,123,0.406355344041245,1.60066117932803
"treatment","IBM",7,130,0.404964398734177,1.6484664644422
"treatment","IBM",7,137,0.403153264468937,1.49892284906423
"treatment","IBM",7,144,0.40002967212304,1.76933952736821
"treatment","IBM",7,151,0.397505074006237,1.40469921004659
"treatment","IBM",7,158,0.398239715189873,1.23569639108944
"treatment","IBM",7,165,0.396374592512101,1.43224409715175
"treatment","IBM",7,172,0.397473227064107,1.75160527205137
"treatment","IBM",7,179,0.398144034749988,1.33391987005956
"treatment","IBM",7,186,0.392485063941145,1.60716705053516
"treatment","IBM",7,193,0.395439514337891,1.26271876271876
"treatment","IBM",7,200,0.395935079670465,1.46397008837525
"treatment","IBM",7,207,0.391600118308193,1.39151746204643
"treatment","IBM",7,214,0.388495226847751,1.49101307189542
"treatment","IBM",7,221,0.389279913373037,1.31697188372251
"treatment","IBM",7,228,0.392028378578115,1.61636462733342
"treatment","IBM",7,235,0.399812872408529,1.66871374957352
"treatment","IBM",7,242,0.400324707271475,1.32083845418544
"treatment","IBM",7,249,0.398856466876972,1.29609396339798
"treatment","IBM",7,256,0.401615524799291,1.6213353379348
"treatment","IBM",7,263,0.399143742926037,1.64448085193529
"treatment","IBM",7,270,0.40315525630314,1.69442927362097
"treatment","IBM",7,277,0.405434675593187,1.79643174516372
"treatment","IBM",7,284,0.406379412344705,1.29644808743169
"treatment","IBM",7,291,0.406404183935267,1.49416660981101
"treatment","IBM",7,298,0.409149103801458,1.54113320621084
"treatment","IBM",7,305,0.41088622519159,1.14016026076328
"treatment","IBM",7,312,0.412441603147283,1.31393058479929
"treatment","IBM",7,319,0.413954404451229,1.63532686172018
"treatment","IBM",7,326,0.413662332545311,1.70815246880087
"treatment","IBM",7,333,0.411909448818898,1.51010580575149
"treatment","IBM",7,340,0.404836961875677,1.31885737660213
"treatment","IBM",7,347,0.397802306100325,1.74402730375427
"treatment","IBM",7,354,0.3970841747525,1.36871889275244
"treatment","IBM",7,361,0.399398214373798,1.66473791695031
"treatment","IBM",7,365,0.405041436464088,0.86863398381723
"nets","IBM",8,4,0.510501133215815,1.66909166493453
"nets","IBM",8,11,0.511899959661154,1.6147093384945
"nets","IBM",8,18,0.512302107492185,1.43849823688032
"nets","IBM",8,25,0.511011213253864,1.68794864715627
"nets","IBM",8,32,0.50778564206269,1.55896941306145
"nets","IBM",8,39,0.508645970269997,1.58476912474156
"nets","IBM",8,46,0.511173888916915,1.50836834492734
"nets","IBM",8,53,0.510183504738859,1.61014612627516
"nets","IBM",8,60,0.509956142561879,1.60903705744593
"nets","IBM",8,67,0.508289241622575,1.15347622973344
"nets","IBM",8,74,0.502217518395323,1.27701173080881
"nets","IBM",8,81,0.506567359468572,1.37773660009608
"nets","IBM",8,88,0.507784551821434,1.42724840502161
"nets","IBM",8,95,0.508264462809917,1.45278616524842
"nets","IBM",8,102,0.506700251889169,1.67856407440456
"nets","IBM",8,109,0.509682299546142,1.42764015645372
"nets","IBM",8,116,0.5072069347848,1.45079495614035
"nets","IBM",8,123,0.51489832897121,1.72216903719912
"nets","IBM",8,130,0.514600190983565,1.57252273815223
"nets","IBM",8,137,0.519160263171111,1.7232295586726
"nets","IBM",8,144,0.523506415396953,1.60153571918278
"nets","IBM",8,151,0.522103047313553,1.60340448898346
"nets","IBM",8,158,0.5215843569817,1.45678502614919
"nets","IBM",8,165,0.514792899408284,1.58226106103351
"nets","IBM",8,172,0.51243232404251,1.63226694186447
"nets","IBM",8,179,0.510229666031491,1.65760682584463
"nets","IBM",8,186,0.514850491671684,1.75758409575566
"nets","IBM",8,193,0.523236576928861,1.4563841496973
"nets","IBM",8,200,0.526719855486979,1.55789618614897
"nets","IBM",8,207,0.527534198526833,1.53213597577759
"nets","IBM",8,214,0.529067440464279,1.32909653040192
"nets","IBM",8,221,0.527609208084658,1.4320622246696
"nets","IBM",8,228,0.533306520536926,1.18033576441448
"nets","IBM",8,235,0.534124629080119,1.58455071664829
"nets","IBM",8,242,0.532335058539772,1.31032102174663
"nets","IBM",8,249,0.534053239578101,1.56500691562932
"nets","IBM",8,256,0.529361573981128,1.67221990837151
"nets","IBM",8,263,0.533655054541799,1.62323674518796
"nets","IBM",8,270,0.535710693089226,1.49475949191365
"nets","IBM",8,277,0.535933568193256,1.26841812621629
"nets","IBM",8,284,0.537000753579503,1.5728384765082
"nets","IBM",8,291,0.537847204781757,1.5239023032496
"nets","IBM",8,298,0.539929683576092,1.87921797815348
"nets","IBM",8,305,0.538983562057005,1.49881681514477
"nets","IBM",8,312,0.540627514078841,1.77664974619289
"nets","IBM",8,319,0.539085731565949,1.7992779282094
"nets","IBM",8,326,0.536579212916246,1.69908983533662
"nets","IBM",8,333,0.534890776699029,1.2409797391063
"nets","IBM",8,340,0.536605110043005,1.36865495451705
"nets","IBM",8,347,0.541196131057882,1.49320482596034
"nets","IBM",8,354,0.539956475530138,1.26577888750173
"nets","IBM",8,361,0.539606969205835,1.44238768718802
"nets","IBM",8,365,0.536827195467422,2.12621359223301
"irs","IBM",8,4,0.561911764705882,2.02696373611669
"irs","IBM",8,11,0.560986371212864,2.07469573358299
"irs","IBM",8,18,0.564074909304834,2.24630410060874
"irs","IBM",8,25,0.567371364104576,1.85800401875419
"irs","IBM",8,32,0.571512741198998,2.42549335481273
"irs","IBM",8,39,0.573259983299769,2.10473380716106
"irs","IBM",8,46,0.57294534014943,2.44588889633452
"irs","IBM",8,53,0.575489328218747,1.96117939418363
"irs","IBM",8,60,0.573018217626785,1.93445592378908
"irs","IBM",8,67,0.574587540014775,2.0557865093201
"irs","IBM",8,74,0.576706787687451,2.62008587146116
"irs","IBM",8,81,0.568063085263677,2.13364241080427
"irs","IBM",8,88,0.5711467324291,2.00818572195384
"irs","IBM",8,95,0.575081288796926,2.10543966731504
"irs","IBM",8,102,0.574029305836499,2.22994293387043
"irs","IBM",8,109,0.577562326869806,2.01196558214574
"irs","IBM",8,116,0.581248145584017,1.84554709094586
"irs","IBM",8,123,0.584793013272808,2.02011339092873
"irs","IBM",8,130,0.584470611420407,2.1670489812441
"irs","IBM",8,137,0.585213279479854,2.04834347532116
"irs","IBM",8,144,0.58650476331507,1.82463014253867
"irs","IBM",8,151,0.586587478346944,1.86725901992461
"irs","IBM",8,158,0.589045166402536,1.74652918183044
"irs","IBM",8,165,0.588503243055899,2.11922765325412
"irs","IBM",8,172,0.58705434406369,1.87331172339276
"irs","IBM",8,179,0.58519801980198,1.8726794032269
"irs","IBM",8,186,0.58565342316457,2.04709777687682
"irs","IBM",8,193,0.590740282248081,1.96991162382784
"irs","IBM",8,200,0.589920214083949,1.91988670847663
"irs","IBM",8,207,0.594118813845086,2.2915682171066
"irs","IBM",8,214,0.599225460503451,2.09983079526227
"irs","IBM",8,221,0.599343838544515,1.92533982552242
"irs","IBM",8,228,0.595829393321057,1.58179848320693
"irs","IBM",8,235,0.5939179773044,1.97979524035528
"irs","IBM",8,242,0.592631264916468,2.08217317487267
"irs","IBM",8,249,0.591841804541164,1.71221700999388
"irs","IBM",8,256,0.591146221493516,2.01163502755664
"irs","IBM",8,263,0.588147558914189,1.39360469080248
"irs","IBM",8,270,0.584124459466176,1.96463855011242
"irs","IBM",8,277,0.584616148574834,1.79006879640351
"irs","IBM",8,284,0.580475978427589,1.83979292963695
"irs","IBM",8,291,0.577385368749073,2.08727619306964
"irs","IBM",8,298,0.57722170021265,1.90891801942539
"irs","IBM",8,305,0.57770521003414,1.45930744731314
"irs","IBM",8,312,0.575086676572561,1.77988486285134
"irs","IBM",8,319,0.577620368535764,1.45950525245679
"irs","IBM",8,326,0.575898603822161,1.88451086956522
"irs","IBM",8,333,0.574845564615765,1.95610881215657
"irs","IBM",8,340,0.573200869909055,2.10381772563911
"irs","IBM",8,347,0.569182856295417,1.41213602117695
"irs","IBM",8,354,0.572366148531952,1.93528652029094
"irs","IBM",8,361,0.574336676713276,1.81196871812309
"irs","IBM",8,365,0.572416176978915,1.04236078058068
"pev","IBM",8,4,0.517091643524363,1.22407774964068
"pev","IBM",8,11,0.51524928164541,1.15070934137482
"pev","IBM",8,18,0.515922604051194,1.25154299821698
"pev","IBM",8,25,0.509350492660366,1.35046248715313
"pev","IBM",8,32,0.508911089914152,0.975334018499486
"pev","IBM",8,39,0.511340826977118,1.22349158571624
"pev","IBM",8,46,0.513858204458727,1.0228981544771
"pev","IBM",8,53,0.513344747708732,1.42052437525604
"pev","IBM",8,60,0.51600221763016,1.07257568509533
"pev","IBM",8,67,0.519265684890054,1.19778491830177
"pev","IBM",8,74,0.515673110897986,1.29689101469081
"pev","IBM",8,81,0.516952149967157,1.14599686028257
"pev","IBM",8,88,0.519654405820534,0.797160797160797
"pev","IBM",8,95,0.519684242485578,1.04677364288153
"pev","IBM",8,102,0.522615610596161,1.42402464065708
"pev","IBM",8,109,0.518991188088727,1.22600767754319
"pev","IBM",8,116,0.515444601985011,1.34870671958396
"pev","IBM",8,123,0.515430537286249,1.09796950844329
"pev","IBM",8,130,0.514929520537564,1.29804404322254
"pev","IBM",8,137,0.513540824575586,1.15015755582957
"pev","IBM",8,144,0.511234817813765,1.24957206436152
"pev","IBM",8,151,0.509980747796129,1.54840916866233
"pev","IBM",8,158,0.507913158161712,0.897786280404482
"pev","IBM",8,165,0.504036557501904,0.949544738823852
"pev","IBM",8,172,0.499695925400365,1.47247863247863
"pev","IBM",8,179,0.50073443752216,1.24479912693541
"pev","IBM",8,186,0.508775489499848,1.37012012012012
"pev","IBM",8,193,0.510529513010023,0.996111073207341
"pev","IBM",8,200,0.51324620275521,1.24820463716572
"pev","IBM",8,207,0.512566104255855,1.49856302175996
"pev","IBM",8,214,0.512561043145547,1.32156032244842
"pev","IBM",8,221,0.511175996778091,1.49805048224913
"pev","IBM",8,228,0.517178841309824,1.17532200602905
"pev","IBM",8,235,0.517177016596882,1.47378866684916
"pev","IBM",8,242,0.516479079392318,1.04920949969201
"pev","IBM",8,249,0.518511046101079,1.42636774989716
"pev","IBM",8,256,0.516041024604658,1.25145717616403
"pev","IBM",8,263,0.514321798433948,1.10150891632373
"pev","IBM",8,270,0.512167973690868,1.32309691539566
"pev","IBM",8,277,0.50983664593132,1.14944889436572
"pev","IBM",8,284,0.51400262865231,1.27674897119342
"pev","IBM",8,291,0.510122482032594,0.976672384219554
"pev","IBM",8,298,0.507140686721361,1.72736625514403
"pev","IBM",8,305,0.51130716965825,1.20074018230416
"pev","IBM",8,312,0.512599503118187,1.19991781384837
"pev","IBM",8,319,0.510239253852393,1.39722469068289
"pev","IBM",8,326,0.510108706695113,1.0962457337884
"pev","IBM",8,333,0.511241942851342,1.14646637077501
"pev","IBM",8,340,0.507460414129111,1.17194971990709
"pev","IBM",8,347,0.506102192738137,1.22156956492043
"pev","IBM",8,354,0.500910194174757,1.07470556012052
"pev","IBM",8,361,0.493880234675298,1.44722450095707
"pev","IBM",8,365,0.492209631728045,1.57026768642447
"treatment","IBM",8,4,0.403599503516756,1.61636462733342
"treatment","IBM",8,11,0.400288793770306,1.31993722707424
"treatment","IBM",8,18,0.39876256767208,1.44682886823401
"treatment","IBM",8,25,0.399989679017442,1.04741732713856
"treatment","IBM",8,32,0.399628636269858,1.41974887402757
"treatment","IBM",8,39,0.396501006347732,1.64022605024852
"treatment","IBM",8,46,0.394629696438695,1.7894593490399
"treatment","IBM",8,53,0.387449121541553,1.59345156889495
"treatment","IBM",8,60,0.388380462724936,1.47006621612397
"treatment","IBM",8,67,0.388458579122852,1.47207601339804
"treatment","IBM",8,74,0.388414103679443,1.22332421340629
"treatment","IBM",8,81,0.387281464062979,1.75095942982456
"treatment","IBM",8,88,0.390288780986455,1.52562696998767
"treatment","IBM",8,95,0.399469008475442,1.27727459860025
"treatment","IBM",8,102,0.3984375,1.63013604507352
"treatment","IBM",8,109,0.397221087045362,1.37707504458773
"treatment","IBM",8,116,0.395635770368104,1.37490582836792
"treatment","IBM",8,123,0.396108196220264,1.32345898611206
"treatment","IBM",8,130,0.397556630185798,1.54682159945318
"treatment","IBM",8,137,0.401059440737534,1.86834561834562
"treatment","IBM",8,144,0.402389425521098,1.2937086769818
"treatment","IBM",8,151,0.40022341829999,1.51751635768811
"treatment","IBM",8,158,0.394752867147062,1.29185951538252
"treatment","IBM",8,165,0.395618360189092,1.51596650098727
"treatment","IBM",8,172,0.398169336384439,1.61834924965894
"treatment","IBM",8,179,0.388688082268493,1.39588882059687
"treatment","IBM",8,186,0.392381826525929,1.74450361873549
"treatment","IBM",8,193,0.393279022403259,1.71864337382285
"treatment","IBM",8,200,0.397744017072303,1.44960284853465
"treatment","IBM",8,207,0.402924451665313,1.40307523338825
"treatment","IBM",8,214,0.408095891106709,1.30008904719501
"treatment","IBM",8,221,0.406092916984006,1.52260138138549
"treatment","IBM",8,228,0.399582973096679,1.42353746151214
"treatment","IBM",8,235,0.394960549758208,1.40019180709686
"treatment","IBM",8,242,0.399938831685187,1.12399917881339
"treatment","IBM",8,249,0.402908905332993,1.40038366675802
"treatment","IBM",8,256,0.404965840726012,1.6807560137457
"treatment","IBM",8,263,0.403271004228868,1.70396814499519
"treatment","IBM",8,270,0.406500331649574,1.8608336203927
"treatment","IBM",8,277,0.405302064746368,1.38649077974998
"treatment","IBM",8,284,0.402953908836262,1.76890058155636
"treatment","IBM",8,291,0.399714925677052,1.34172562075184
"treatment","IBM",8,298,0.401718527557454,1.28993139768554
"treatment","IBM",8,305,0.400466839194195,1.79665834719911
"treatment","IBM",8,312,0.400091102338293,1.5203054494967
"treatment","IBM",8,319,0.401777598222402,1.42181413466889
"treatment","IBM",8,326,0.405435441503334,1.34780185327109
"treatment","IBM",8,333,0.407282092717907,1.44790869232375
"treatment","IBM",8,340,0.406904557613688,1.60400390625
"treatment","IBM",8,347,0.402951992342955,1.58207494407159
"treatment","IBM",8,354,0.402655534879042,1.58141160027952
"treatment","IBM",8,361,0.403357965113356,1.63711542504731
"treatment","IBM",8,365,0.406976744186047,1.25306522805297
"nets","IBM",9,4,0.520569850268934,1.41020516919797
"nets","IBM",9,11,0.521372492003489,1.50585573595954
"nets","IBM",9,18,0.528220531950971,1.69959422603605
"nets","IBM",9,25,0.530269275474622,1.72628563815614
"nets","IBM",9,32,0.52433660399246,1.48324561987876
"nets","IBM",9,39,0.530687140856632,1.77633333333333
"nets","IBM",9,46,0.533291457286432,1.41189809257036
"nets","IBM",9,53,0.536808037870737,1.58314426798345
"nets","IBM",9,60,0.535041082648623,1.34119454836986
"nets","IBM",9,67,0.540114959184659,1.60986367281476
"nets","IBM",9,74,0.536653771760155,1.19424412393162
"nets","IBM",9,81,0.537304772496494,1.87579256490689
"nets","IBM",9,88,0.535405287834115,1.49119282030674
"nets","IBM",9,95,0.532692214758614,1.95776064364733
"nets","IBM",9,102,0.527646434430184,1.54567453115547
"nets","IBM",9,109,0.527675988428158,1.6450289250639
"nets","IBM",9,116,0.526853234429941,1.49811600053829
"nets","IBM",9,123,0.526899344388739,1.52154911584751
"nets","IBM",9,130,0.533661502823223,1.86299529885829
"nets","IBM",9,137,0.535099975909419,1.89233773229195
"nets","IBM",9,144,0.53642639887993,1.57264036623132
"nets","IBM",9,151,0.539771627636927,1.93809651834924
"nets","IBM",9,158,0.541371960081387,1.37374823576853
"nets","IBM",9,165,0.538345791670712,1.66991858978672
"nets","IBM",9,172,0.536630392537893,1.52247039827772
"nets","IBM",9,179,0.536655184124982,1.62134876834029
"nets","IBM",9,186,0.530927585371761,1.47594015365952
"nets","IBM",9,193,0.525970873786408,1.72600148618523
"nets","IBM",9,200,0.523094126798911,1.62539639700425
"nets","IBM",9,207,0.522906332068865,1.40157639450283
"nets","IBM",9,214,0.529105675241939,1.40072712583317
"nets","IBM",9,221,0.531604301493845,1.64480764057035
"nets","IBM",9,228,0.534396955503513,1.96170641585489
"nets","IBM",9,235,0.529770322328961,1.32388500806018
"nets","IBM",9,242,0.524594949642388,1.69004160515367
"nets","IBM",9,249,0.529320237284839,1.73926174496644
"nets","IBM",9,256,0.524772694121651,1.44753646568529
"nets","IBM",9,263,0.526359343815412,1.61797300020149
"nets","IBM",9,270,0.528829750938246,1.32264125620722
"nets","IBM",9,277,0.527312667805711,1.5447400241838
"nets","IBM",9,284,0.526156401113662,1.7445304611242
"nets","IBM",9,291,0.52436999413948,1.27914813317159
"nets","IBM",9,298,0.531937734836286,1.7694586587665
"nets","IBM",9,305,0.534169676852485,1.57105387046876
"nets","IBM",9,312,0.529652750682794,1.6190604207272
"nets","IBM",9,319,0.529090731897476,1.471873109752
"nets","IBM",9,326,0.530259506305078,1.78909554824414
"nets","IBM",9,333,0.536835424498364,1.51604475112213
"nets","IBM",9,340,0.534971182963759,1.71200750469043
"nets","IBM",9,347,0.53818004391315,1.54380664652568
"nets","IBM",9,354,0.541497926323494,1.68879501106417
"nets","IBM",9,361,0.550512445095168,1.71086112227133
"nets","IBM",9,365,0.556923076923077,1.19616104868914
"irs","IBM",9,4,0.555327367854873,2.25649457415324
"irs","IBM",9,11,0.553770267630397,1.96571653750164
"irs","IBM",9,18,0.554937277297799,2.17989105466955
"irs","IBM",9,25,0.554149772849397,1.58518128578009
"irs","IBM",9,32,0.554648947085552,2.35375403040074
"irs","IBM",9,39,0.558990690837825,2.1324012078246
"irs","IBM",9,46,0.558833619210978,1.9182761792143
"irs","IBM",9,53,0.558145228418939,2.33203793966539
"irs","IBM",9,60,0.561523006811388,2.28757091964639
"irs","IBM",9,67,0.564435515484124,2.16731543181368
"irs","IBM",9,74,0.573561080657792,2.26633199022392
"irs","IBM",9,81,0.571470602657775,1.69059749884206
"irs","IBM",9,88,0.567844367128926,2.243407573855
"irs","IBM",9,95,0.563995888600656,2.09783973046178
"irs","IBM",9,102,0.566624241237517,1.83211148537085
"irs","IBM",9,109,0.564052415411696,1.65974693554765
"irs","IBM",9,116,0.561311091600819,2.02483159424118
"irs","IBM",9,123,0.559361733274777,2.02844856103209
"irs","IBM",9,130,0.552671383264211,1.83502017596084
"irs","IBM",9,137,0.555056837585988,2.17636146813303
"irs","IBM",9,144,0.560866172454155,1.69126894816972
"irs","IBM",9,151,0.563714481007714,1.90695059850539
"irs","IBM",9,158,0.57075909201855,2.29180436219432
"irs","IBM",9,165,0.577229805763491,2.14791060565988
"irs","IBM",9,172,0.581459026012126,2.05327597617472
"irs","IBM",9,179,0.578017472790278,2.29483785572469
"irs","IBM",9,186,0.579742011140428,2.0033725697659
"irs","IBM",9,193,0.580155661070047,2.12363636363636
"irs","IBM",9,200,0.584876089724753,2.14125634434118
"irs","IBM",9,207,0.586988447229293,2.22984956973001
"irs","IBM",9,214,0.58576874205845,2.01035997639499
"irs","IBM",9,221,0.585919906002154,1.72226227144636
"irs","IBM",9,228,0.58886058587244,1.8205683533504
"irs","IBM",9,235,0.588405229398227,1.96674990143251
"irs","IBM",9,242,0.581036761466543,2.1816091954023
"irs","IBM",9,249,0.57809747504404,2.05930591090993
"irs","IBM",9,256,0.574788104453481,2.00864779874214
"irs","IBM",9,263,0.574953490649173,1.96197967879384
"irs","IBM",9,270,0.575355218030377,2.1738988153675
"irs","IBM",9,277,0.571043473998922,1.93500883565678
"irs","IBM",9,284,0.571750526676792,2.27004909983633
"irs","IBM",9,291,0.572984642559246,1.8606627017842
"irs","IBM",9,298,0.569718966109177,2.12084611869165
"irs","IBM",9,305,0.568478367507113,1.76006777010296
"irs","IBM",9,312,0.571624803767661,1.73549143489872
"irs","IBM",9,319,0.567485414521743,1.90575642866467
"irs","IBM",9,326,0.565436570086139,2.0760329497908
"irs","IBM",9,333,0.562362597098051,2.12821016771488
"irs","IBM",9,340,0.565645727662895,1.84464426358624
"irs","IBM",9,347,0.565537053267115,2.06567517767834
"irs","IBM",9,354,0.564005254707342,1.75249934227835
"irs","IBM",9,361,0.563205527442585,2.40163179365706
"irs","IBM",9,365,0.564093845630738,2.68876611418048
"pev","IBM",9,4,0.516843927776404,1.38943647610631
"pev","IBM",9,11,0.514732054577813,1.26486376299518
"pev","IBM",9,18,0.517605807694207,1.09140332993544
"pev","IBM",9,25,0.516341161928307,1.04045065834125
"pev","IBM",9,32,0.513909513909514,1.40917095638038
"pev","IBM",9,39,0.515913146936347,1.41079541601682
"pev","IBM",9,46,0.5135710747895,0.990300481584481
"pev","IBM",9,53,0.515067544163491,1.24149659863946
"pev","IBM",9,60,0.511980198019802,1.22015281757402
"pev","IBM",9,67,0.51759567181218,1.19541484716157
"pev","IBM",9,74,0.520049627791563,1.37114951164538
"pev","IBM",9,81,0.51826880174508,1.79802955665025
"pev","IBM",9,88,0.518542357775907,1.19917864476386
"pev","IBM",9,95,0.520160292880819,1.52489555509897
"pev","IBM",9,102,0.518718431217193,1.34796881411572
"pev","IBM",9,109,0.512916955359794,1.02317790236565
"pev","IBM",9,116,0.515259435128852,1.14748496446145
"pev","IBM",9,123,0.516846695074819,1.12392226631997
"pev","IBM",9,130,0.5165096678235,0.824096880131363
"pev","IBM",9,137,0.5173984061773,1.14819120563496
"pev","IBM",9,144,0.520925164677331,1.3244557031357
"pev","IBM",9,151,0.517744889372865,1.12577107607951
"pev","IBM",9,158,0.515110978993262,1.20139888911747
"pev","IBM",9,165,0.512150366990676,1.12584824182603
"pev","IBM",9,172,0.513007645715421,1.15086709164439
"pev","IBM",9,179,0.508309768318698,1.32201189093146
"pev","IBM",9,186,0.508622398414272,1.46776172300981
"pev","IBM",9,193,0.508237395791981,0.820448198351611
"pev","IBM",9,200,0.508113741253536,1.26934878963519
"pev","IBM",9,207,0.505726610144281,1.37086861513248
"pev","IBM",9,214,0.499826809837201,1.29459109201282
"pev","IBM",9,221,0.503439402187361,1.41434398368457
"pev","IBM",9,228,0.504609436954798,1.21402389356503
"pev","IBM",9,235,0.509393744113419,1.40907551642398
"pev","IBM",9,242,0.512930821342036,1.3591740013541
"pev","IBM",9,249,0.509600158353127,1.16179060002709
"pev","IBM",9,256,0.510451753516941,1.40735980518163
"pev","IBM",9,263,0.514998264663593,1.25828038393943
"pev","IBM",9,270,0.514149538278225,1.03686168413933
"pev","IBM",9,277,0.511738957421409,0.961759340585096
"pev","IBM",9,284,0.513053856482172,1.28130696010261
"pev","IBM",9,291,0.512956975876648,1.28286583305171
"pev","IBM",9,298,0.509865314845187,1.57497303128371
"pev","IBM",9,305,0.512504350420126,1.17757763140207
"pev","IBM",9,312,0.511726125409917,1.12541055030498
"pev","IBM",9,319,0.515204213455232,1.00194161756829
"pev","IBM",9,326,0.510645689612388,1.24690200281332
"pev","IBM",9,333,0.50615873646568,1.1984052532833
"pev","IBM",9,340,0.506998213222156,1.15118776003221
"pev","IBM",9,347,0.509237187127533,1.07756307031669
"pev","IBM",9,354,0.512672982490948,1.17599677809102
"pev","IBM",9,361,0.51637067169362,1.37310224371893
"pev","IBM",9,365,0.516151441472734,1.37476459510358
"treatment","IBM",9,4,0.386040104086943,1.45348438036389
"treatment","IBM",9,11,0.381175750777546,1.75456668040104
"treatment","IBM",9,18,0.388608434042119,1.55607508767104
"treatment","IBM",9,25,0.386728505173029,1.4063575065364
"treatment","IBM",9,32,0.385632885632886,1.45869220698684
"treatment","IBM",9,39,0.389959818930878,1.96263615055839
"treatment","IBM",9,46,0.385750636132316,1.45829028036096
"treatment","IBM",9,53,0.383528811830699,1.50764147046675
"treatment","IBM",9,60,0.384219641401793,0.978754125412541
"treatment","IBM",9,67,0.38890586797066,1.78036548502336
"treatment","IBM",9,74,0.388730239673636,1.53055612841136
"treatment","IBM",9,81,0.385223735904893,1.40693832599119
"treatment","IBM",9,88,0.38023493360572,1.35781206944062
"treatment","IBM",9,95,0.388923013923014,1.68434465183553
"treatment","IBM",9,102,0.389264841587204,1.20544929131691
"treatment","IBM",9,109,0.383229845538051,1.33010176017602
"treatment","IBM",9,116,0.385617562576939,1.07988165680473
"treatment","IBM",9,123,0.385637342908438,1.40269009058468
"treatment","IBM",9,130,0.383690457838754,1.47966194860519
"treatment","IBM",9,137,0.391898838285186,1.20346201401291
"treatment","IBM",9,144,0.388963245135386,1.40558382615871
"treatment","IBM",9,151,0.394631079967024,1.75855186179365
"treatment","IBM",9,158,0.396835214679656,1.48139230927977
"treatment","IBM",9,165,0.396091540241707,1.15681411051399
"treatment","IBM",9,172,0.397758815667729,1.68006320417697
"treatment","IBM",9,179,0.392176013982419,1.35482540555403
"treatment","IBM",9,186,0.390364168678412,2.05817631687526
"treatment","IBM",9,193,0.391235100698726,1.52918956043956
"treatment","IBM",9,200,0.389056971437362,1.40307523338825
"treatment","IBM",9,207,0.387564713721872,1.57586348684211
"treatment","IBM",9,214,0.389343842767939,1.64819376026273
"treatment","IBM",9,221,0.394227330779055,1.47328453170965
"treatment","IBM",9,228,0.393687113744318,1.44722450095707
"treatment","IBM",9,235,0.395576893610501,1.40038366675802
"treatment","IBM",9,242,0.394422310756972,1.42587896648619
"treatment","IBM",9,249,0.390995502861815,1.14968501780334
"treatment","IBM",9,256,0.389998467589518,1.5986860114974
"treatment","IBM",9,263,0.393766260266286,1.14944889436572
"treatment","IBM",9,270,0.393845213226678,1.10294622622073
"treatment","IBM",9,277,0.393420045906656,1.55233914117163
"treatment","IBM",9,284,0.392514786865185,1.70081545946687
"treatment","IBM",9,291,0.391601263887473,1.42578125
"treatment","IBM",9,298,0.38964480456607,1.60505702899547
"treatment","IBM",9,305,0.386583257044044,1.50972011581415
"treatment","IBM",9,312,0.386080772161544,1.31467756459098
"treatment","IBM",9,319,0.388303263734036,1.77049407525466
"treatment","IBM",9,326,0.388024922749607,1.44029075804777
"treatment","IBM",9,333,0.389429411168542,1.36297628103174
"treatment","IBM",9,340,0.392889745410285,1.2603591160221
"treatment","IBM",9,347,0.394396223541952,1.38898498581609
"treatment","IBM",9,354,0.393604060913706,1.5196724724169
"treatment","IBM",9,361,0.395777292798051,1.72769038006404
"treatment","IBM",9,365,0.397799858055358,1.77875243664717
"nets","IBM",10,4,0.526515719498176,1.67933586717343
"nets","IBM",10,11,0.529629815158042,1.60471622701839
"nets","IBM",10,18,0.527288203484879,1.63338231365215
"nets","IBM",10,25,0.52641575448593,1.58642594450017
"nets","IBM",10,32,0.52131114775396,1.51502979179219
"nets","IBM",10,39,0.524532068879461,1.27262974386482
"nets","IBM",10,46,0.518980396069237,1.64447582543205
"nets","IBM",10,53,0.520732498378324,1.46950278467423
"nets","IBM",10,60,0.524554128990358,1.68517898962864
"nets","IBM",10,67,0.526273726273726,1.41595879874256
"nets","IBM",10,74,0.528984418057017,1.56327377367329
"nets","IBM",10,81,0.527593818984547,1.46576534368516
"nets","IBM",10,88,0.527586726241277,1.73344481605351
"nets","IBM",10,95,0.5285140562249,1.14825970548862
"nets","IBM",10,102,0.527660642570281,1.56683882218794
"nets","IBM",10,109,0.521874685708539,1.5937793900309
"nets","IBM",10,116,0.522387307982876,1.27759827679052
"nets","IBM",10,123,0.51904282115869,1.69504643962848
"nets","IBM",10,130,0.525066626439382,1.32361829292861
"nets","IBM",10,137,0.523618090452261,1.22581945190758
"nets","IBM",10,144,0.52626825229565,1.61417850442241
"nets","IBM",10,151,0.524936093428901,1.63360053440214
"nets","IBM",10,158,0.521723896285915,1.80162753468517
"nets","IBM",10,165,0.520793761871439,1.50937103981858
"nets","IBM",10,172,0.522258306270297,1.70151838039425
"nets","IBM",10,179,0.522306039866114,1.31286218610538
"nets","IBM",10,186,0.52061083940513,1.48364096754848
"nets","IBM",10,193,0.520095861001548,1.45922174840085
"nets","IBM",10,200,0.520967661318539,1.65279350069921
"nets","IBM",10,207,0.521478521478521,1.55257211218929
"nets","IBM",10,214,0.523072313224131,1.67308842091277
"nets","IBM",10,221,0.525321201819727,1.50425418771603
"nets","IBM",10,228,0.52128032008002,1.81857437055736
"nets","IBM",10,235,0.52365,1.72101208659849
"nets","IBM",10,242,0.525560224089636,1.54948262138498
"nets","IBM",10,249,0.528246184638479,1.47557823580091
"nets","IBM",10,256,0.525926296314816,1.47665472874387
"nets","IBM",10,263,0.525815013270569,1.62416151955901
"nets","IBM",10,270,0.527458749185014,1.33247046329484
"nets","IBM",10,277,0.5194062782068,1.40310180275716
"nets","IBM",10,284,0.519574382654086,1.54722479798649
"nets","IBM",10,291,0.52154263332329,1.61750115748396
"nets","IBM",10,298,0.522199899547966,1.64349092835386
"nets","IBM",10,305,0.522350577599196,1.3069425104436
"nets","IBM",10,312,0.526524466750314,1.52456407876417
"nets","IBM",10,319,0.527869840313347,1.83647798742138
"nets","IBM",10,326,0.53026196928636,1.23318979794634
"nets","IBM",10,333,0.52712051333467,1.35427019147949
"nets","IBM",10,340,0.529656764351666,1.42757706330792
"nets","IBM",10,347,0.530111412225233,2.01108603292618
"nets","IBM",10,354,0.527603355603557,1.55370801463252
"nets","IBM",10,361,0.531301772177318,1.57861467828864
"nets","IBM",10,365,0.53178784685634,2.20903165735568
"irs","IBM",10,4,0.547448953741703,2.40964257135236
"irs","IBM",10,11,0.548494983277592,2.24300313940285
"irs","IBM",10,18,0.548427927699863,2.0270993643359
"irs","IBM",10,25,0.549365552803195,2.03022383058571
"irs","IBM",10,32,0.546785101443424,2.00616663315236
"irs","IBM",10,39,0.54650636349917,2.29559748427673
"irs","IBM",10,46,0.547804657244883,1.90702659253801
"irs","IBM",10,53,0.546388637050469,2.25202870364161
"irs","IBM",10,60,0.547619047619048,2.30160327362984
"irs","IBM",10,67,0.552249344361509,2.50083965876268
"irs","IBM",10,74,0.549969715324046,2.49363697253851
"irs","IBM",10,81,0.547362049833552,1.68563014523794
"irs","IBM",10,88,0.5455877153104,2.20277610138805
"irs","IBM",10,95,0.546333316463384,1.98316340220016
"irs","IBM",10,102,0.546853642484686,2.20840336134454
"irs","IBM",10,109,0.549863318821505,2.13536413153117
"irs","IBM",10,116,0.548552045362495,2.18254501478097
"irs","IBM",10,123,0.552068545933888,1.93848739495798
"irs","IBM",10,130,0.553684637622356,1.74148242725623
"irs","IBM",10,137,0.558309259540824,2.3290569586244
"irs","IBM",10,144,0.558643381422425,1.98396188431083
"irs","IBM",10,151,0.560424564063685,1.83503150556375
"irs","IBM",10,158,0.562127487625013,2.25747899159664
"irs","IBM",10,165,0.56509890997174,2.0603454068947
"irs","IBM",10,172,0.566482765602065,1.69219915339649
"irs","IBM",10,179,0.562861491628615,2.10727712137487
"irs","IBM",10,186,0.558134809772947,2.2795648378215
"irs","IBM",10,193,0.564580897677019,1.86437260568587
"irs","IBM",10,200,0.567000865183979,2.4312050057189
"irs","IBM",10,207,0.570773463772547,1.89272004848811
"irs","IBM",10,214,0.568596473346244,1.77375809935205
"irs","IBM",10,221,0.565690077582687,2.07316248563121
"irs","IBM",10,228,0.567439248519502,1.65572105619499
"irs","IBM",10,235,0.568920643021179,1.95068326342849
"irs","IBM",10,242,0.566082110537349,1.67872844098749
"irs","IBM",10,249,0.566637741820224,1.55413625304136
"irs","IBM",10,256,0.568909276248726,1.79900074269124
"irs","IBM",10,263,0.562923696416739,2.12309773419006
"irs","IBM",10,270,0.565028828001429,1.50836664182643
"irs","IBM",10,277,0.567588286400572,2.3227946652224
"irs","IBM",10,284,0.562976220915367,1.99777011960268
"irs","IBM",10,291,0.564040920716113,1.60239092259895
"irs","IBM",10,298,0.558064516129032,1.80326204656199
"irs","IBM",10,305,0.555333640600195,2.36852778153305
"irs","IBM",10,312,0.55745508522291,1.84579596790506
"irs","IBM",10,319,0.563592679685104,1.64991229253812
"irs","IBM",10,326,0.564977241344039,1.32960064759849
"irs","IBM",10,333,0.563561924257932,1.79609032692956
"irs","IBM",10,340,0.562934560327198,1.82315221059737
"irs","IBM",10,347,0.567584160442034,1.89706378670267
"irs","IBM",10,354,0.569936514437846,1.94752127515872
"irs","IBM",10,361,0.56215773581043,1.58211987809008
"irs","IBM",10,365,0.55945558739255,1.55908875177978
"pev","IBM",10,4,0.512385250525668,1.20334959778452
"pev","IBM",10,11,0.508425959125134,1.20589401347958
"pev","IBM",10,18,0.506161476709107,1.25338440203394
"pev","IBM",10,25,0.50153311529027,0.747555496828753
"pev","IBM",10,32,0.50276271359869,1.06125685587788
"pev","IBM",10,39,0.503170382491307,1.2286317734803
"pev","IBM",10,46,0.498824491464786,1.00901731060357
"pev","IBM",10,53,0.500535468407364,1.32141916798315
"pev","IBM",10,60,0.498394904458599,1.01114702196425
"pev","IBM",10,67,0.492117575264443,1.20589401347958
"pev","IBM",10,74,0.495574320887171,1.20788933748097
"pev","IBM",10,81,0.498344117796912,1.08674077014688
"pev","IBM",10,88,0.50438730741761,1.18302685540415
"pev","IBM",10,95,0.498188498239526,1.18632263199788
"pev","IBM",10,102,0.498568214358765,0.749734958918632
"pev","IBM",10,109,0.498593853863067,1.11568875008306
"pev","IBM",10,116,0.497936936478019,1.09427048634244
"pev","IBM",10,123,0.493181355587218,1.14473508608034
"pev","IBM",10,130,0.494261046216353,1.19496225028396
"pev","IBM",10,137,0.495492301458671,1.435475269964
"pev","IBM",10,144,0.495395202914685,1.11873667377399
"pev","IBM",10,151,0.494710735435542,1.26415345677368
"pev","IBM",10,158,0.494588854050774,1.55525965379494
"pev","IBM",10,165,0.494231936854888,1.33370980600585
"pev","IBM",10,172,0.495130364208177,1.52851635203403
"pev","IBM",10,179,0.496346290469908,0.973333333333333
"pev","IBM",10,186,0.496956477630111,1.096901295579
"pev","IBM",10,193,0.497818808968246,1.29164719236162
"pev","IBM",10,200,0.503596757852077,1.07439122290607
"pev","IBM",10,207,0.507732089438726,1.07619111438719
"pev","IBM",10,214,0.50367107195301,1.0272733364605
"pev","IBM",10,221,0.503493670886076,1.05004348698736
"pev","IBM",10,228,0.507145028884159,1.44027554842162
"pev","IBM",10,235,0.507247845919919,1.27118076485165
"pev","IBM",10,242,0.510770946322672,0.977765871952853
"pev","IBM",10,249,0.512460743592341,1.10101890333825
"pev","IBM",10,256,0.514362293921311,1.1488748995446
"pev","IBM",10,263,0.512008899226374,1.1971218206158
"pev","IBM",10,270,0.506901956818527,1.43892823733797
"pev","IBM",10,277,0.502300884955752,1.48959657456346
"pev","IBM",10,284,0.500960566228514,1.31707317073171
"pev","IBM",10,291,0.504273504273504,1.26440610219173
"pev","IBM",10,298,0.500379343482879,1.47969694955805
"pev","IBM",10,305,0.500986093552465,1.09049263046076
"pev","IBM",10,312,0.498381222177256,1.28129553583256
"pev","IBM",10,319,0.499671169120251,1.25712014836402
"pev","IBM",10,326,0.50214939564052,1.06477491215275
"pev","IBM",10,333,0.497526751463759,1.11354291020029
"pev","IBM",10,340,0.496496446035187,1.01813110181311
"pev","IBM",10,347,0.500377928949358,1.30841741901221
"pev","IBM",10,354,0.501363223265677,0.992703150912106
"pev","IBM",10,361,0.500378577557922,1.33388704318937
"pev","IBM",10,365,0.49841381741276,1.35750813575081
"treatment","IBM",10,4,0.387051792828685,1.19034941763727
"treatment","IBM",10,11,0.386130733260372,1.45844432605221
"treatment","IBM",10,18,0.389162561576355,1.21601812366738
"treatment","IBM",10,25,0.383846421644204,1.24083455539261
"treatment","IBM",10,32,0.383616830796777,1.67788141239174
"treatment","IBM",10,39,0.382341230340434,1.50715950715951
"treatment","IBM",10,46,0.381051898293278,1.36421277447774
"treatment","IBM",10,53,0.380743764623886,1.19312875250167
"treatment","IBM",10,60,0.380883598147133,1.07159538266498
"treatment","IBM",10,67,0.382084641842381,1.72663068825371
"treatment","IBM",10,74,0.387322186174195,1.1194079605307
"treatment","IBM",10,81,0.388727890476666,1.679
"treatment","IBM",10,88,0.384396383797013,1.46058423369348
"treatment","IBM",10,95,0.384039900249377,1.34110495023048
"treatment","IBM",10,102,0.387569102046915,1.36997319034853
"treatment","IBM",10,109,0.392177379172895,1.27545191855386
"treatment","IBM",10,116,0.394199570708331,1.49942757088019
"treatment","IBM",10,123,0.395119755987799,1.57327586206897
"treatment","IBM",10,130,0.391750513090054,1.37356360459647
"treatment","IBM",10,137,0.388916675002501,1.61547746781116
"treatment","IBM",10,144,0.389695971244571,1.39350301406564
"treatment","IBM",10,151,0.388863897635827,0.927139037433155
"treatment","IBM",10,158,0.385349522810173,1.53392035221133
"treatment","IBM",10,165,0.383885782747604,1.09587670136109
"treatment","IBM",10,172,0.387024273299371,1.70412859334356
"treatment","IBM",10,179,0.385658045547416,1.50947171824973
"treatment","IBM",10,186,0.386285372061686,1.58071823572523
"treatment","IBM",10,193,0.387529399989991,1.77325968321576
"treatment","IBM",10,200,0.390625784112009,1.33851180157354
"treatment","IBM",10,207,0.396138415245737,1.31584217905067
"treatment","IBM",10,214,0.394170089151558,1.60932594027657
"treatment","IBM",10,221,0.393165395423525,1.31813014110881
"treatment","IBM",10,228,0.391988770241139,1.44162538492435
"treatment","IBM",10,235,0.39824517422913,1.24823979078656
"treatment","IBM",10,242,0.393185125708837,1.44491411701557
"treatment","IBM",10,249,0.389788856010833,1.44607843137255
"treatment","IBM",10,256,0.385583237255,1.12866361925249
"treatment","IBM",10,263,0.386172344689379,1.39518508583691
"treatment","IBM",10,270,0.38531237484982,1.36942248425566
"treatment","IBM",10,277,0.392605193375694,1.85937395267779
"treatment","IBM",10,284,0.391854705558613,1.43940913040572
"treatment","IBM",10,291,0.383673877204376,1.48423438437438
"treatment","IBM",10,298,0.385280735963202,1.31190095846645
"treatment","IBM",10,305,0.388511148885112,1.31190095846645
"treatment","IBM",10,312,0.387974588564854,1.50746069810818
"treatment","IBM",10,319,0.38704352176088,1.60653551183728
"treatment","IBM",10,326,0.388825028737068,1.36339381003202
"treatment","IBM",10,333,0.387906930297583,1.50645719611237
"treatment","IBM",10,340,0.38898339003402,1.43080194007043
"treatment","IBM",10,347,0.386896724181045,1.62729571466596
"treatment","IBM",10,354,0.387193596798399,1.72398882384247
"treatment","IBM",10,361,0.385243847426194,1.38423153692615
"treatment","IBM",10,365,0.381352961794602,2.37785016286645
"smc","IBM",1,4,0.298592100117325,0.175011987122406
"smc","IBM",1,11,0.290704500978474,0.299671592775041
"smc","IBM",1,18,0.279259476357952,0.0499965755770153
"smc","IBM",1,25,0.27098098636297,0.0750256937307297
"smc","IBM",1,32,0.255827591262278,0
"smc","IBM",1,39,0.244550874792298,0
"smc","IBM",1,46,0.235529917872507,0.0250772930264514
"smc","IBM",1,53,0.227757658803954,0
"smc","IBM",1,60,0.222646497283008,0.0500411296956402
"smc","IBM",1,67,0.218088235294118,0.0249623854465873
"smc","IBM",1,74,0.209570552147239,0
"smc","IBM",1,81,0.201679434295816,0.0248841014453232
"smc","IBM",1,88,0.194185704480831,0
"smc","IBM",1,95,0.185502842579886,0.0248722316865417
"smc","IBM",1,102,0.176617647058824,0
"smc","IBM",1,109,0.169100352802822,0
"smc","IBM",1,116,0.162178043286652,0.024732348556715
"smc","IBM",1,123,0.15671970624235,0
"smc","IBM",1,130,0.147811200782587,0.0247239720923931
"smc","IBM",1,137,0.144550575557188,0.0987955068344837
"smc","IBM",1,144,0.146294844148206,0.247038917089679
"smc","IBM",1,151,0.147270854788877,0.469660029798185
"smc","IBM",1,158,0.155816801371541,0.668770358306189
"smc","IBM",1,165,0.16718979892104,0.991107188921322
"smc","IBM",1,172,0.180094321084692,0.994550408719346
"smc","IBM",1,179,0.193657650581709,1.31625501803089
"smc","IBM",1,186,0.204312668463612,1.0179579620434
"smc","IBM",1,193,0.216832118930021,1.29185951538252
"smc","IBM",1,200,0.226683683487139,0.891512314268268
"smc","IBM",1,207,0.194087024850211,0.321956846247795
"smc","IBM",1,214,0.187582887175205,0.545627505605762
"smc","IBM",1,221,0.195754716981132,0.420963364993216
"smc","IBM",1,228,0.208114089009098,0.545108953906727
"smc","IBM",1,235,0.198908608229684,0.222335025380711
"smc","IBM",1,242,0.195871717818612,0.443080658214189
"smc","IBM",1,249,0.205986608901142,0.466846179737462
"smc","IBM",1,256,0.219120760104367,1.10501883745963
"smc","IBM",1,263,0.223184838789072,0.392948459157583
"smc","IBM",1,270,0.227382418123615,0.492278643199137
"smc","IBM",1,277,0.239006113192664,0.885086892092146
"smc","IBM",1,284,0.255207819133182,0.933755217449845
"smc","IBM",1,291,0.26433435310372,0.614519496262375
"smc","IBM",1,298,0.259089339450446,0.933503836317136
"smc","IBM",1,305,0.260442866301721,0.884610206005117
"smc","IBM",1,312,0.265148153626189,0.690400594474093
"smc","IBM",1,319,0.269118879739658,1.45664231601732
"smc","IBM",1,326,0.281492080722357,1.97577643954259
"smc","IBM",1,333,0.294332543443918,2.42393440401166
"smc","IBM",1,340,0.30116554721454,1.38651471984805
"smc","IBM",1,347,0.306242289661979,1.31634458356015
"smc","IBM",1,354,0.307885906040268,1.04264435829423
"smc","IBM",1,361,0.305359696267442,0.94059405940594
"smc","IBM",1,365,0.300448430493274,0.692599620493359
"smc","IBM",2,4,0.306498740554156,0.318991596638655
"smc","IBM",2,11,0.299082846200363,0.2207809664628
"smc","IBM",2,18,0.291968964127368,0.122854257825648
"smc","IBM",2,25,0.282262935373465,0.0491648706896552
"smc","IBM",2,32,0.270817591053347,0.0492710583153348
"smc","IBM",2,39,0.262688821752266,0.0246521680399838
"smc","IBM",2,46,0.252945916003626,0.0495049504950495
"smc","IBM",2,53,0.244224090199829,0.0247978802907806
"smc","IBM",2,60,0.236089469716009,0
"smc","IBM",2,67,0.223512263771612,0.0248756218905473
"smc","IBM",2,74,0.214996982498491,0.024906175366769
"smc","IBM",2,81,0.20599929538477,0
"smc","IBM",2,88,0.199859218663583,0
"smc","IBM",2,95,0.194255822141743,0
"smc","IBM",2,102,0.184434270765206,0
"smc","IBM",2,109,0.176314205457464,0.0247206230951575
"smc","IBM",2,116,0.168021272325908,0
"smc","IBM",2,123,0.160587613825024,0.024757512039612
"smc","IBM",2,130,0.156405738736471,0.0247172750050789
"smc","IBM",2,137,0.153958648512355,0.197778379842861
"smc","IBM",2,144,0.155305514909935,0.370533297238766
"smc","IBM",2,151,0.158961431812453,0.641823346408765
"smc","IBM",2,158,0.16527428283845,0.838853589292957
"smc","IBM",2,165,0.176159806782731,0.984955811913918
"smc","IBM",2,172,0.191363934095833,0.910899770673142
"smc","IBM",2,179,0.199607230978398,0.960980220076959
"smc","IBM",2,186,0.207090771938647,1.01135365276745
"smc","IBM",2,193,0.218511450381679,1.1332343412527
"smc","IBM",2,200,0.222640562248996,1.01032946259789
"smc","IBM",2,207,0.199708747614743,0.295168138014691
"smc","IBM",2,214,0.188533239535702,0.368985038414881
"smc","IBM",2,221,0.188910672095712,0.540522347872913
"smc","IBM",2,228,0.196823482106956,0.809095183717337
"smc","IBM",2,235,0.198622561833903,0.2449335659643
"smc","IBM",2,242,0.198139768728004,0.269879680043019
"smc","IBM",2,249,0.206288613190015,0.587761674718196
"smc","IBM",2,256,0.214648368772935,0.930997449322057
"smc","IBM",2,263,0.22007935312139,0.441948069420153
"smc","IBM",2,270,0.227352660402954,0.441769768692846
"smc","IBM",2,277,0.236277808466831,0.662788351604008
"smc","IBM",2,284,0.247485921158488,1.05477150537634
"smc","IBM",2,291,0.26237002059577,1.3267366720517
"smc","IBM",2,298,0.25950637102438,0.515640766902119
"smc","IBM",2,305,0.261368764101279,0.539034704974156
"smc","IBM",2,312,0.269651092841388,0.906375838926174
"smc","IBM",2,319,0.281714829468623,1.47207098205283
"smc","IBM",2,326,0.293867120954003,1.98729582577132
"smc","IBM",2,333,0.30775784303899,2.03650174778166
"smc","IBM",2,340,0.315755143000502,1.84045986284792
"smc","IBM",2,347,0.320042130604875,1.35103304394643
"smc","IBM",2,354,0.31707561342013,1.10688051755509
"smc","IBM",2,361,0.315599639314698,0.469056476158269
"smc","IBM",2,365,0.313814866760168,0.691287878787879
"smc","IBM",3,4,0.306660064372369,0.372702518720218
"smc","IBM",3,11,0.296765885790699,0.198788208863776
"smc","IBM",3,18,0.284787239312429,0.0248282429766683
"smc","IBM",3,25,0.271791318121071,0.0495620883970399
"smc","IBM",3,32,0.260425953442298,0
"smc","IBM",3,39,0.254944728101918,0.0743683781581092
"smc","IBM",3,46,0.248102396189909,0
"smc","IBM",3,53,0.239599345465364,0.0247860926252886
"smc","IBM",3,60,0.230979069536752,0.0248333106545108
"smc","IBM",3,67,0.221544413033775,0.0248113656447556
"smc","IBM",3,74,0.211844197138315,0
"smc","IBM",3,81,0.203170816559813,0
"smc","IBM",3,88,0.196177012295286,0
"smc","IBM",3,95,0.185861003091036,0
"smc","IBM",3,102,0.175814837032593,0.024680505781324
"smc","IBM",3,109,0.167174619035723,0
"smc","IBM",3,116,0.160173808810309,0.0246738322179409
"smc","IBM",3,123,0.154340355595398,0
"smc","IBM",3,130,0.147165679589907,0.0741618692854724
"smc","IBM",3,137,0.143829153215793,0.22245547504571
"smc","IBM",3,144,0.145330951672125,0.543927386032649
"smc","IBM",3,151,0.149846489056155,0.370784234051199
"smc","IBM",3,158,0.156253099276009,0.593616588737548
"smc","IBM",3,165,0.166377128108403,0.74181965991464
"smc","IBM",3,172,0.178606866441754,1.04066254836739
"smc","IBM",3,179,0.190388811743702,1.16336633663366
"smc","IBM",3,186,0.202190395956192,0.987888219771297
"smc","IBM",3,193,0.214483714483714,0.938493808782732
"smc","IBM",3,200,0.221897593344558,0.642518618821936
"smc","IBM",3,207,0.196865575715628,0.296627387240959
"smc","IBM",3,214,0.190377395771587,0.370809346427362
"smc","IBM",3,221,0.197415153906867,0.567498141012641
"smc","IBM",3,228,0.20233520543896,0.443768996960486
"smc","IBM",3,235,0.205892496428044,0.246638286370701
"smc","IBM",3,242,0.205230496453901,0.41871921182266
"smc","IBM",3,249,0.210243517696934,0.46782245008095
"smc","IBM",3,256,0.222452504317789,1.05676003231888
"smc","IBM",3,263,0.230632411067194,0.466437987624428
"smc","IBM",3,270,0.23238914429779,0.443649132284422
"smc","IBM",3,277,0.239614719683873,0.863584127627932
"smc","IBM",3,284,0.251110891675718,0.965673970558307
"smc","IBM",3,291,0.257898894154818,1.03925157616433
"smc","IBM",3,298,0.255410613697006,0.913116970926301
"smc","IBM",3,305,0.258927244812045,0.889882161722877
"smc","IBM",3,312,0.26635629736021,0.838853589292957
"smc","IBM",3,319,0.273240832507433,1.13576405330447
"smc","IBM",3,326,0.289564958874244,1.60249915569064
"smc","IBM",3,333,0.301246537396122,2.39142181695373
"smc","IBM",3,340,0.314550042052145,1.89872990136468
"smc","IBM",3,347,0.314504571287373,1.65024630541872
"smc","IBM",3,354,0.3185049866693,1.10844918342556
"smc","IBM",3,361,0.312814442142646,0.665968374104609
"smc","IBM",3,365,0.31042817679558,1.21032685930838
"smc","IBM",4,4,0.303413400758533,0.267666666666667
"smc","IBM",4,11,0.293529440318431,0.194770544290288
"smc","IBM",4,18,0.283894803363959,0.0486051002064052
"smc","IBM",4,25,0.271112192747627,0.0243641946465523
"smc","IBM",4,32,0.263773768893223,0
"smc","IBM",4,39,0.250401831376942,0
"smc","IBM",4,46,0.243042039704165,0
"smc","IBM",4,53,0.237044988777203,0
"smc","IBM",4,60,0.226182350073135,0
"smc","IBM",4,67,0.217652224824356,0
"smc","IBM",4,74,0.211224340533424,0
"smc","IBM",4,81,0.201521654311354,0
"smc","IBM",4,88,0.197005170227295,0
"smc","IBM",4,95,0.18980100718721,0
"smc","IBM",4,102,0.180436381466046,0
"smc","IBM",4,109,0.172090971473385,0
"smc","IBM",4,116,0.168797452853294,0
"smc","IBM",4,123,0.161261879102577,0.0243853554249065
"smc","IBM",4,130,0.153240015661707,0
"smc","IBM",4,137,0.148262359275575,0.19501769852401
"smc","IBM",4,144,0.149017493997158,0.341989024227011
"smc","IBM",4,151,0.15141121128969,0.709831008583691
"smc","IBM",4,158,0.16306907378336,0.661231884057971
"smc","IBM",4,165,0.170914100167273,1.00469956361195
"smc","IBM",4,172,0.18021740199695,1.35094212651413
"smc","IBM",4,179,0.192665060714812,1.10837438423645
"smc","IBM",4,186,0.203830436709172,1.20453933189655
"smc","IBM",4,193,0.212941987589875,1.27983816587997
"smc","IBM",4,200,0.218451384100089,0.959619792368882
"smc","IBM",4,207,0.193935502987802,0.220988900100908
"smc","IBM",4,214,0.186557198674514,0.269825268817204
"smc","IBM",4,221,0.189317507418398,0.294394407850518
"smc","IBM",4,228,0.192738260352685,0.66314514501043
"smc","IBM",4,235,0.191695192737014,0.221674876847291
"smc","IBM",4,242,0.19263371833639,0.295526617637137
"smc","IBM",4,249,0.202468279143537,0.542567567567568
"smc","IBM",4,256,0.210544571626778,1.03777416734362
"smc","IBM",4,263,0.214094558429973,0.395315778785622
"smc","IBM",4,270,0.218306024454235,0.544628323385784
"smc","IBM",4,277,0.229176983262355,0.569461402794736
"smc","IBM",4,284,0.239278100054539,0.940657850118684
"smc","IBM",4,291,0.259255583126551,0.88982190018284
"smc","IBM",4,298,0.247702320035769,0.616345829111786
"smc","IBM",4,305,0.248346511512258,0.61427128912824
"smc","IBM",4,312,0.260084346316051,0.809965705063546
"smc","IBM",4,319,0.268523566437032,1.57242864835757
"smc","IBM",4,326,0.282611929198275,1.96540351349532
"smc","IBM",4,333,0.290507769969316,2.21435793731041
"smc","IBM",4,340,0.297807039255482,1.99157965644998
"smc","IBM",4,347,0.30310392701309,1.13140161725067
"smc","IBM",4,354,0.303152146934723,1.08213732228286
"smc","IBM",4,361,0.302305975700471,0.663636363636364
"smc","IBM",4,365,0.293055555555556,0.344339622641509
"smc","IBM",5,4,0.295890686225259,0.485049833887043
"smc","IBM",5,11,0.285728618008528,0.218577416993812
"smc","IBM",5,18,0.276035383996783,0.0485469176032453
"smc","IBM",5,25,0.266773724092939,0.048530780481319
"smc","IBM",5,32,0.257659467604219,0.0242235200424741
"smc","IBM",5,39,0.24998742517982,0.0483956510209493
"smc","IBM",5,46,0.243525921456228,0.0241561879549967
"smc","IBM",5,53,0.232374931005068,0
"smc","IBM",5,60,0.223197272089058,0
"smc","IBM",5,67,0.21767479185475,0.0241641840450182
"smc","IBM",5,74,0.210267476288453,0
"smc","IBM",5,81,0.202106318956871,0
"smc","IBM",5,88,0.193993180906538,0
"smc","IBM",5,95,0.185936951836817,0
"smc","IBM",5,102,0.178569638650829,0
"smc","IBM",5,109,0.170175438596491,0.024071753610763
"smc","IBM",5,116,0.164827447833066,0
"smc","IBM",5,123,0.158468025298665,0
"smc","IBM",5,130,0.151102627216557,0.048181638175698
"smc","IBM",5,137,0.147024855636455,0.192155830481706
"smc","IBM",5,144,0.147225994668276,0.33572038630839
"smc","IBM",5,151,0.151461782317718,0.741772649796775
"smc","IBM",5,158,0.159418832637876,0.62200956937799
"smc","IBM",5,165,0.169733534439417,0.623030462184874
"smc","IBM",5,172,0.180313018972372,0.961158657011192
"smc","IBM",5,179,0.189433962264151,1.01101365165205
"smc","IBM",5,186,0.202926976463488,1.010813662139
"smc","IBM",5,193,0.215502940732921,1.06027596223675
"smc","IBM",5,200,0.225121938955096,1.13466499107084
"smc","IBM",5,207,0.194041867954911,0.289433687966695
"smc","IBM",5,214,0.183100010071508,0.289797538705836
"smc","IBM",5,221,0.181918856337461,0.410872732088465
"smc","IBM",5,228,0.189547738693467,0.386985620568551
"smc","IBM",5,235,0.18433064152079,0.218113007104442
"smc","IBM",5,242,0.184639294129443,0.363642401700319
"smc","IBM",5,249,0.189101117962601,0.484438250713385
"smc","IBM",5,256,0.198817516785249,0.921166234973766
"smc","IBM",5,263,0.208571142485231,0.581441656710474
"smc","IBM",5,270,0.213141025641026,0.630690503090317
"smc","IBM",5,277,0.223624255169996,0.945470244420829
"smc","IBM",5,284,0.236380933306629,1.04140402096742
"smc","IBM",5,291,0.250850680544436,0.921839691612389
"smc","IBM",5,298,0.250300661455201,0.509742634834076
"smc","IBM",5,305,0.247605676177105,0.65581952485526
"smc","IBM",5,312,0.255908271580212,1.11605955862802
"smc","IBM",5,319,0.267447681986583,1.14206777178617
"smc","IBM",5,326,0.277649884896407,2.09057609057609
"smc","IBM",5,333,0.295283254304966,2.33865047053327
"smc","IBM",5,340,0.301903717731486,2.28352745424293
"smc","IBM",5,347,0.308669023552258,1.28709248170326
"smc","IBM",5,354,0.309029334130186,1.21214133900106
"smc","IBM",5,361,0.303615897997809,0.655252659574468
"smc","IBM",5,365,0.299860529986053,0.509776536312849
"smc","IBM",6,4,0.290179008118947,0.141299438673463
"smc","IBM",6,11,0.284387525662333,0.188253497517891
"smc","IBM",6,18,0.271118498240125,0.0941024814695456
"smc","IBM",6,25,0.263314620453991,0.0235180412371134
"smc","IBM",6,32,0.252283049274796,0.0234862621452931
"smc","IBM",6,39,0.241502246532526,0.046900096370061
"smc","IBM",6,46,0.231189883306479,0
"smc","IBM",6,53,0.219420600858369,0
"smc","IBM",6,60,0.213335931031124,0
"smc","IBM",6,67,0.206035531759552,0
"smc","IBM",6,74,0.200447275025524,0
"smc","IBM",6,81,0.192472073822244,0.0233674775928297
"smc","IBM",6,88,0.187054199621525,0
"smc","IBM",6,95,0.179913470419523,0
"smc","IBM",6,102,0.173642808585025,0
"smc","IBM",6,109,0.167264965557388,0
"smc","IBM",6,116,0.162698220260899,0
"smc","IBM",6,123,0.157833430401864,0
"smc","IBM",6,130,0.153678077203205,0
"smc","IBM",6,137,0.151304938391385,0.139570454400612
"smc","IBM",6,144,0.151851492826677,0.396131256384065
"smc","IBM",6,151,0.154647668895997,0.51293516448419
"smc","IBM",6,158,0.159769055358789,0.584411425643653
"smc","IBM",6,165,0.170469994173626,0.678090967328635
"smc","IBM",6,172,0.177973525403932,0.723882029300749
"smc","IBM",6,179,0.187338941022026,1.16874799871918
"smc","IBM",6,186,0.204523393515822,1.14588672475654
"smc","IBM",6,193,0.222820550138262,1.54393385887329
"smc","IBM",6,200,0.229295965865012,0.935178068152703
"smc","IBM",6,207,0.198264578990741,0.210671455140127
"smc","IBM",6,214,0.191964718425899,0.280877260484802
"smc","IBM",6,221,0.194982009141301,0.561610462879856
"smc","IBM",6,228,0.202608653331387,0.67957113507961
"smc","IBM",6,235,0.20155755658311,0.257586450247001
"smc","IBM",6,242,0.203839968812436,0.631366519315779
"smc","IBM",6,249,0.211336940098455,0.88858991607406
"smc","IBM",6,256,0.222828204129334,0.844255975327679
"smc","IBM",6,263,0.225209021971612,0.468970833868688
"smc","IBM",6,270,0.229969894143925,0.422317927621007
"smc","IBM",6,277,0.23696613381274,0.610014784341454
"smc","IBM",6,284,0.248335843739371,0.797660367656511
"smc","IBM",6,291,0.259052247873633,0.93836364804936
"smc","IBM",6,298,0.250922867689916,0.540288325395804
"smc","IBM",6,305,0.255202255931544,0.657276995305164
"smc","IBM",6,312,0.263267986573916,1.03239907431216
"smc","IBM",6,319,0.269505962521295,1.40754547207404
"smc","IBM",6,326,0.282733742809788,1.75762439807384
"smc","IBM",6,333,0.294447697111632,1.9962038347703
"smc","IBM",6,340,0.303438185808339,2.14733643651409
"smc","IBM",6,347,0.305398281921125,1.41784280719927
"smc","IBM",6,354,0.301523735104513,1.20610340806013
"smc","IBM",6,361,0.295098806495793,0.591150557139155
"smc","IBM",6,365,0.289284491612461,0.826539855072464
"smc","IBM",7,4,0.329390267359108,0.369159193581013
"smc","IBM",7,11,0.318210247774838,0.171868693663393
"smc","IBM",7,18,0.308489610953093,0.0489965769514732
"smc","IBM",7,25,0.301230398069964,0
"smc","IBM",7,32,0.290665635423213,0.0732588479293504
"smc","IBM",7,39,0.280878802510864,0.0244376004284949
"smc","IBM",7,46,0.271994594855461,0
"smc","IBM",7,53,0.26248127205065,0
"smc","IBM",7,60,0.254569190600522,0
"smc","IBM",7,67,0.243495502466389,0
"smc","IBM",7,74,0.234787239192526,0
"smc","IBM",7,81,0.22356700232378,0
"smc","IBM",7,88,0.218247821878025,0.0490756302521008
"smc","IBM",7,95,0.206721224153794,0
"smc","IBM",7,102,0.199361424217503,0
"smc","IBM",7,109,0.194788242119513,0.0246222342147868
"smc","IBM",7,116,0.188035014750689,0
"smc","IBM",7,123,0.179858896298444,0.0246471740158012
"smc","IBM",7,130,0.172370395469287,0.0492843640291655
"smc","IBM",7,137,0.168378718868107,0.123077960615053
"smc","IBM",7,144,0.169436345966958,0.319981118079439
"smc","IBM",7,151,0.17228118002142,0.393265993265993
"smc","IBM",7,158,0.181999707787464,0.836309724374958
"smc","IBM",7,165,0.191967324710688,0.836140681848807
"smc","IBM",7,172,0.200972762645914,1.22895622895623
"smc","IBM",7,179,0.21552689218788,1.1553744612069
"smc","IBM",7,186,0.223823901821369,0.960396707596816
"smc","IBM",7,193,0.232468733271692,1.67510292231896
"smc","IBM",7,200,0.240213955750061,0.739415220474036
"smc","IBM",7,207,0.215366705471478,0.197577643954259
"smc","IBM",7,214,0.207686335403727,0.247122545700745
"smc","IBM",7,221,0.214445091191308,0.56899823776603
"smc","IBM",7,228,0.221156175800746,0.641476274165202
"smc","IBM",7,235,0.217254408060453,0.320694782373614
"smc","IBM",7,242,0.220004843787842,0.418973666441594
"smc","IBM",7,249,0.227415991853756,0.566961572229351
"smc","IBM",7,256,0.235179974774425,1.00951160280626
"smc","IBM",7,263,0.243063316973614,0.49217907227616
"smc","IBM",7,270,0.243833479574924,0.514256960751426
"smc","IBM",7,277,0.251305323769092,0.709022707482082
"smc","IBM",7,284,0.256197540503611,0.880815122670599
"smc","IBM",7,291,0.269570306784373,0.905464297686892
"smc","IBM",7,298,0.268417712249182,0.710402684563758
"smc","IBM",7,305,0.27289144865287,0.808389261744966
"smc","IBM",7,312,0.276079312365696,0.953768844221105
"smc","IBM",7,319,0.288745477657182,1.51280165786483
"smc","IBM",7,326,0.307902839548409,2.28718085460969
"smc","IBM",7,333,0.319231145456324,2.11207183239109
"smc","IBM",7,340,0.327782947255008,1.94407456724368
"smc","IBM",7,347,0.327061590474791,1.57766990291262
"smc","IBM",7,354,0.325688522983436,1.36030879808332
"smc","IBM",7,361,0.318259677971908,0.583416583416583
"smc","IBM",7,365,0.310616438356164,0.34032634032634
"smc","IBM",8,4,0.319980119284294,0.316819122654737
"smc","IBM",8,11,0.310626025558152,0.194939582081581
"smc","IBM",8,18,0.30005974310465,0.121772202575565
"smc","IBM",8,25,0.287042561654733,0.0243967649221309
"smc","IBM",8,32,0.275286497259591,0.024352815585802
"smc","IBM",8,39,0.264198884017537,0
"smc","IBM",8,46,0.255955347353733,0.0243268461743535
"smc","IBM",8,53,0.24772104607721,0.0243155019652255
"smc","IBM",8,60,0.235944425078432,0
"smc","IBM",8,67,0.227148057647235,0
"smc","IBM",8,74,0.217534410532615,0
"smc","IBM",8,81,0.207483331674794,0
"smc","IBM",8,88,0.196018072588253,0
"smc","IBM",8,95,0.189178456192604,0
"smc","IBM",8,102,0.181277270924236,0
"smc","IBM",8,109,0.176353898036104,0
"smc","IBM",8,116,0.170369637290316,0
"smc","IBM",8,123,0.165225554622264,0
"smc","IBM",8,130,0.159222150930359,0.0243609424013882
"smc","IBM",8,137,0.157733688678314,0.195239368815191
"smc","IBM",8,144,0.158506429277943,0.585913985686576
"smc","IBM",8,151,0.164759498687274,0.537015983414699
"smc","IBM",8,158,0.172576245970741,0.828935942822791
"smc","IBM",8,165,0.182080206728619,0.683109417819665
"smc","IBM",8,172,0.191858442268502,0.805470108332219
"smc","IBM",8,179,0.211887590151704,1.19512195121951
"smc","IBM",8,186,0.227333831217326,1.46009733982265
"smc","IBM",8,193,0.240332868247957,1.11732215345711
"smc","IBM",8,200,0.245627186406797,0.89770007976602
"smc","IBM",8,207,0.21375724855029,0.315240499601382
"smc","IBM",8,214,0.205167855539482,0.364174537714514
"smc","IBM",8,221,0.208566293929712,0.315450073128573
"smc","IBM",8,228,0.212539373031348,0.436341900777047
"smc","IBM",8,235,0.208170817081708,0.314905760552164
"smc","IBM",8,242,0.212092418483697,0.339444665869536
"smc","IBM",8,249,0.221588635454182,0.412539059902932
"smc","IBM",8,256,0.235658604837098,0.680109136886937
"smc","IBM",8,263,0.246379706381704,0.36519477054429
"smc","IBM",8,270,0.243755943740928,0.536262855616402
"smc","IBM",8,277,0.246715474877144,0.462888799893205
"smc","IBM",8,284,0.257587899429029,1.21772202575565
"smc","IBM",8,291,0.269603920784157,1.04612410851163
"smc","IBM",8,298,0.261346558461076,0.608739159439626
"smc","IBM",8,305,0.264129181084198,0.924235356833478
"smc","IBM",8,312,0.276548783546526,0.897938829787234
"smc","IBM",8,319,0.287943404746375,1.5769358590894
"smc","IBM",8,326,0.298695434019067,1.60066445182724
"smc","IBM",8,333,0.308403699236027,2.17852642748193
"smc","IBM",8,340,0.324249585197848,2.08225538971808
"smc","IBM",8,347,0.332029094557311,1.66810173532918
"smc","IBM",8,354,0.322779111644658,1.28019323671498
"smc","IBM",8,361,0.313511892864281,0.845858438720784
"smc","IBM",8,365,0.312565628281414,0.508120649651972
"smc","IBM",9,4,0.309331189387468,0.249675080374855
"smc","IBM",9,11,0.295518488745981,0.149518672765754
"smc","IBM",9,18,0.283294803497839,0.0997335883598606
"smc","IBM",9,25,0.273700613250226,0.0498736079797773
"smc","IBM",9,32,0.263787642652456,0.0497987584419128
"smc","IBM",9,39,0.256308434703931,0.0497987584419128
"smc","IBM",9,46,0.248718721736509,0
"smc","IBM",9,53,0.240926912636976,0
"smc","IBM",9,60,0.232188646990799,0
"smc","IBM",9,67,0.223762476056054,0
"smc","IBM",9,74,0.216978751324888,0
"smc","IBM",9,81,0.20882783697793,0
"smc","IBM",9,88,0.205519611807521,0.0245130960376091
"smc","IBM",9,95,0.197978266363407,0
"smc","IBM",9,102,0.187262501899985,0
"smc","IBM",9,109,0.180835954144263,0
"smc","IBM",9,116,0.174472830494728,0
"smc","IBM",9,123,0.168180203947035,0
"smc","IBM",9,130,0.16452807222194,0.0489900006710959
"smc","IBM",9,137,0.162899138367968,0.171338519313305
"smc","IBM",9,144,0.16355258494101,0.269517352487078
"smc","IBM",9,151,0.165124627129784,0.39316009155783
"smc","IBM",9,158,0.168934986086517,0.809258263907552
"smc","IBM",9,165,0.1782037628683,0.612868560682383
"smc","IBM",9,172,0.189628050946364,1.05279044808157
"smc","IBM",9,179,0.201307587045766,1.02631050411729
"smc","IBM",9,186,0.214835443037975,1.17190635451505
"smc","IBM",9,193,0.225579867603214,1.17049706039551
"smc","IBM",9,200,0.236292889989388,0.974047634932284
"smc","IBM",9,207,0.208071385114581,0.145970805838832
"smc","IBM",9,214,0.198996146826202,0.340394351185718
"smc","IBM",9,221,0.196500126807,0.291863796894782
"smc","IBM",9,228,0.20091231626964,0.67956646053594
"smc","IBM",9,235,0.195236888776286,0.218272425249169
"smc","IBM",9,242,0.197862858300415,0.486212867989876
"smc","IBM",9,249,0.205441280778194,0.48780487804878
"smc","IBM",9,256,0.214357937310415,0.85388677227458
"smc","IBM",9,263,0.21936689049326,0.463910629473543
"smc","IBM",9,270,0.220067666515174,0.633892191570369
"smc","IBM",9,277,0.229895502044525,0.752977972981966
"smc","IBM",9,284,0.241412406546777,0.970873786407767
"smc","IBM",9,291,0.253528965342778,1.01772555267875
"smc","IBM",9,298,0.251757802620264,0.581943798578356
"smc","IBM",9,305,0.251099762350205,0.363545816733068
"smc","IBM",9,312,0.252776655896607,0.871988851284093
"smc","IBM",9,319,0.266108702228497,1.64131728607327
"smc","IBM",9,326,0.280238071219611,1.61932194411336
"smc","IBM",9,333,0.289842646762155,1.83732944760895
"smc","IBM",9,340,0.302016129032258,1.83818169770062
"smc","IBM",9,347,0.31144976535298,1.33079217765993
"smc","IBM",9,354,0.310054032217341,0.994087950046499
"smc","IBM",9,361,0.305988597951667,0.655557772899621
"smc","IBM",9,365,0.297249647390691,0.340009315323707
"smc","IBM",10,4,0.305675357772986,0.450793031721269
"smc","IBM",10,11,0.295088389403065,0.118691467221644
"smc","IBM",10,18,0.284860362567369,0.118799635464132
"smc","IBM",10,25,0.275904323105578,0.0947375251443774
"smc","IBM",10,32,0.266454144188328,0.0474087543836862
"smc","IBM",10,39,0.256923983500295,0.0236889927310488
"smc","IBM",10,46,0.247379042181424,0
"smc","IBM",10,53,0.239552533017938,0
"smc","IBM",10,60,0.229752392226497,0
"smc","IBM",10,67,0.222727048249296,0
"smc","IBM",10,74,0.214585493507135,0
"smc","IBM",10,81,0.206845458586457,0
"smc","IBM",10,88,0.199249605055292,0.0237382934443288
"smc","IBM",10,95,0.193330039525692,0.0237367496910971
"smc","IBM",10,102,0.185457960555583,0
"smc","IBM",10,109,0.177098256187324,0
"smc","IBM",10,116,0.17059289320004,0
"smc","IBM",10,123,0.164799206742687,0.0236444905098141
"smc","IBM",10,130,0.156468661604883,0
"smc","IBM",10,137,0.153910974521662,0.118822840028648
"smc","IBM",10,144,0.152792204580304,0.308959499934887
"smc","IBM",10,151,0.155468827190989,0.451703250179118
"smc","IBM",10,158,0.160686966391946,0.59551001762057
"smc","IBM",10,165,0.168708020545239,1.00097943192948
"smc","IBM",10,172,0.179782501235788,0.835513407455853
"smc","IBM",10,179,0.193813006523028,1.26520601700458
"smc","IBM",10,186,0.206874445211559,1.33883539660706
"smc","IBM",10,193,0.218614505321246,1.09752908876977
"smc","IBM",10,200,0.225850943303286,0.859329017068864
"smc","IBM",10,207,0.202807881773399,0.143081144649157
"smc","IBM",10,214,0.196036975120464,0.382850399895109
"smc","IBM",10,221,0.205293135618187,0.622907778142435
"smc","IBM",10,228,0.209777864953661,0.552520731867843
"smc","IBM",10,235,0.207485162113111,0.120342894823607
"smc","IBM",10,242,0.205869340805191,0.409057947129013
"smc","IBM",10,249,0.213825655145287,0.577683988393564
"smc","IBM",10,256,0.226875061437137,0.815964231704912
"smc","IBM",10,263,0.234840294840295,0.383907441493558
"smc","IBM",10,270,0.235282555282555,0.455740290464612
"smc","IBM",10,277,0.241186290876952,0.62360362728348
"smc","IBM",10,284,0.247094591281322,0.984474705611473
"smc","IBM",10,291,0.255161590897945,0.744848923704825
"smc","IBM",10,298,0.25352733686067,0.553431340233371
"smc","IBM",10,305,0.255061124694377,0.746815391723319
"smc","IBM",10,312,0.258377640115116,0.79431548404115
"smc","IBM",10,319,0.270349262019582,1.20493859764954
"smc","IBM",10,326,0.282690155238698,2.14961619904711
"smc","IBM",10,333,0.297893046567077,1.8147166058999
"smc","IBM",10,340,0.308609529371684,1.50265604249668
"smc","IBM",10,347,0.313347921225383,1.96588868940754
"smc","IBM",10,354,0.315144441202218,1.0691698289062
"smc","IBM",10,361,0.308640171439704,0.776905680457629
"smc","IBM",10,365,0.307508532423208,0.510727611940298
"eir_20","IBM",1,4,0.538611639592175,1.58299382310422
"eir_20","IBM",1,11,0.538104316370924,1.46297391418621
"eir_20","IBM",1,18,0.539483322752356,1.58413888340896
"eir_20","IBM",1,25,0.539223338862328,1.44183290539206
"eir_20","IBM",1,32,0.546319796954315,1.78119229754682
"eir_20","IBM",1,39,0.548281585627807,1.37109529458284
"eir_20","IBM",1,46,0.552032004683612,1.73088322465916
"eir_20","IBM",1,53,0.555240931504174,1.61206328279499
"eir_20","IBM",1,60,0.556244507372327,1.75503886181004
"eir_20","IBM",1,67,0.556565064478312,1.20049993421918
"eir_20","IBM",1,74,0.55493700556695,1.51213257052673
"eir_20","IBM",1,81,0.55843267539574,1.77931488801054
"eir_20","IBM",1,88,0.558642277218038,1.7588619710872
"eir_20","IBM",1,95,0.559061290480623,1.3955174686882
"eir_20","IBM",1,102,0.56049769765847,1.63752721514812
"eir_20","IBM",1,109,0.561280517697814,1.29841897233202
"eir_20","IBM",1,116,0.558549730524253,1.70886910649522
"eir_20","IBM",1,123,0.558777429467085,1.63958250759678
"eir_20","IBM",1,130,0.554342504650935,1.73225232351196
"eir_20","IBM",1,137,0.548483220165112,1.66127968337731
"eir_20","IBM",1,144,0.548756048682731,1.2781631978857
"eir_20","IBM",1,151,0.554042136207741,1.73488249273832
"eir_20","IBM",1,158,0.551485731097382,1.6644636838279
"eir_20","IBM",1,165,0.550053926855574,1.35247799907365
"eir_20","IBM",1,172,0.551223579029964,1.6194291768757
"eir_20","IBM",1,179,0.545904612518994,1.71565706719629
"eir_20","IBM",1,186,0.546779478652125,1.69037380086007
"eir_20","IBM",1,193,0.550291509480182,1.83757286698463
"eir_20","IBM",1,200,0.550807635829662,1.38064901453315
"eir_20","IBM",1,207,0.54686354080086,1.40711199734131
"eir_20","IBM",1,214,0.545547794656377,1.42975700438189
"eir_20","IBM",1,221,0.54853515625,1.52912621359223
"eir_20","IBM",1,228,0.552023826961574,1.57882478205896
"eir_20","IBM",1,235,0.552495360875085,1.1912215265752
"eir_20","IBM",1,242,0.554778782693718,1.62729571466596
"eir_20","IBM",1,249,0.555299652080168,1.33353261591604
"eir_20","IBM",1,256,0.556405728860114,1.59790395330326
"eir_20","IBM",1,263,0.554476330635271,1.64414414414414
"eir_20","IBM",1,270,0.553848419399175,1.40180108594888
"eir_20","IBM",1,277,0.550166732051785,1.20589401347958
"eir_20","IBM",1,284,0.55593137254902,1.25471012097574
"eir_20","IBM",1,291,0.551867626181035,1.47255291005291
"eir_20","IBM",1,298,0.555805756804386,1.47342995169082
"eir_20","IBM",1,305,0.557198100739145,1.76433584955635
"eir_20","IBM",1,312,0.556829877959124,1.61825039703547
"eir_20","IBM",1,319,0.553329404832057,1.03905991393578
"eir_20","IBM",1,326,0.550569520816968,1.49897330595483
"eir_20","IBM",1,333,0.55374416891726,1.69283773934937
"eir_20","IBM",1,340,0.55565371024735,1.76375190309128
"eir_20","IBM",1,347,0.556224899598394,1.49372937293729
"eir_20","IBM",1,354,0.55606105077781,1.58747940691928
"eir_20","IBM",1,361,0.555963392551265,1.54059223108883
"eir_20","IBM",1,365,0.557191780821918,1.85621821544152
"demography","IBM",1,4,0.487921202695697,1.1436345646438
"demography","IBM",1,11,0.488234684357831,1.39013081636032
"demography","IBM",1,18,0.483717071147065,0.908261446582615
"demography","IBM",1,25,0.483850867172084,1.5100115836505
"demography","IBM",1,32,0.486846209836747,1.08577094695092
"demography","IBM",1,39,0.490899635985439,1.27346735338096
"demography","IBM",1,46,0.490324594257179,0.78781338203553
"demography","IBM",1,53,0.496310921749974,0.788598969586173
"demography","IBM",1,60,0.498806187065296,1.51628447989365
"demography","IBM",1,67,0.495283507826267,1.64359573048699
"demography","IBM",1,74,0.489743058433485,1.15834307666611
"demography","IBM",1,81,0.488782717075197,1.34056761268781
"demography","IBM",1,88,0.481959030882812,1.03537460370432
"demography","IBM",1,95,0.47550192447727,1.15602600433406
"demography","IBM",1,102,0.481862592246128,1.21686947824637
"demography","IBM",1,109,0.486064891846922,0.670171924553497
"demography","IBM",1,116,0.484886387325412,1.21951219512195
"demography","IBM",1,123,0.480074914160857,0.729878353607732
"demography","IBM",1,130,0.480815223042529,1.33788737087637
"demography","IBM",1,137,0.47783558792924,1.15506329113924
"demography","IBM",1,144,0.479558930614792,1.15544818393869
"demography","IBM",1,151,0.488921252470613,1.33632884007322
"demography","IBM",1,158,0.490990521820644,1.08828888520788
"demography","IBM",1,165,0.492764185320146,1.33145415354004
"demography","IBM",1,172,0.493967131266902,0.910375789823745
"demography","IBM",1,179,0.492568340089388,1.57588840916639
"demography","IBM",1,186,0.491946378468253,1.21202058774697
"demography","IBM",1,193,0.494202898550725,0.97171381031614
"demography","IBM",1,200,0.492750621375311,1.09208776595745
"demography","IBM",1,207,0.499689247980112,1.14951102270844
"demography","IBM",1,214,0.497253601409473,0.660253247821082
"demography","IBM",1,221,0.493993371996686,1.01804757998359
"demography","IBM",1,228,0.499741388227992,0.956123117223314
"demography","IBM",1,235,0.504443066749328,1.73609972117435
"demography","IBM",1,242,0.503620190318577,1.25841405352159
"demography","IBM",1,249,0.496573920265781,1.62302371541502
"demography","IBM",1,256,0.488142292490119,1.02173555079862
"demography","IBM",1,263,0.489101100269878,1.32311748228703
"demography","IBM",1,270,0.48730175183995,1.32420844327177
"demography","IBM",1,277,0.480809128630705,1.44268774703557
"demography","IBM",1,284,0.484094912444306,1.14100032905561
"demography","IBM",1,291,0.487373214655351,1.44292538296821
"demography","IBM",1,298,0.485193621867882,1.56574822636529
"demography","IBM",1,305,0.491066818134876,1.43771541112752
"demography","IBM",1,312,0.486904516395133,1.13856509604334
"demography","IBM",1,319,0.490875347974018,1.14231592818317
"demography","IBM",1,326,0.487248322147651,0.964332892998679
"demography","IBM",1,333,0.486589643078193,1.20860927152318
"demography","IBM",1,340,0.484291029350971,1.69570267131243
"demography","IBM",1,347,0.48137417218543,1.08882996353994
"demography","IBM",1,354,0.483990910968808,1.57405871620501
"demography","IBM",1,361,0.490179863551788,1.21646392267955
"demography","IBM",1,365,0.494577006507592,0.852803738317757
"eir_20","IBM",2,4,0.523904581295539,1.59410745233969
"eir_20","IBM",2,11,0.526979223755667,1.64848526959422
"eir_20","IBM",2,18,0.527067369887551,1.54833101529903
"eir_20","IBM",2,25,0.532115116510655,1.24521339553018
"eir_20","IBM",2,32,0.535778443113772,1.42568180232964
"eir_20","IBM",2,39,0.534234279160225,1.37639664804469
"eir_20","IBM",2,46,0.544261477045908,1.98203842940685
"eir_20","IBM",2,53,0.545450009978048,1.75517457662555
"eir_20","IBM",2,60,0.550274862568716,1.37198941946262
"eir_20","IBM",2,67,0.545558996902788,1.34864751812605
"eir_20","IBM",2,74,0.540918862170674,1.57821326452333
"eir_20","IBM",2,81,0.542938787787637,1.62878259656952
"eir_20","IBM",2,88,0.537651659480598,1.70441873431837
"eir_20","IBM",2,95,0.532124378359371,1.60299756012548
"eir_20","IBM",2,102,0.530503712622918,1.75578639152259
"eir_20","IBM",2,109,0.536310329273793,1.32421684225215
"eir_20","IBM",2,116,0.538719695451813,1.58141160027952
"eir_20","IBM",2,123,0.541606059086121,1.93836908671651
"eir_20","IBM",2,130,0.544391468005019,1.68732927085522
"eir_20","IBM",2,137,0.54614882178566,1.43539325842697
"eir_20","IBM",2,144,0.552446498543153,1.53878583473862
"eir_20","IBM",2,151,0.551882045088567,1.58662273014092
"eir_20","IBM",2,158,0.548474644418757,1.5101683029453
"eir_20","IBM",2,165,0.547172656446343,1.60894206549118
"eir_20","IBM",2,172,0.549212895438314,2.14675815712085
"eir_20","IBM",2,179,0.550047712319823,1.68437980702
"eir_20","IBM",2,186,0.544766392620814,1.42947059234912
"eir_20","IBM",2,193,0.544581687253088,1.48332399103139
"eir_20","IBM",2,200,0.547702297702298,1.73760851302156
"eir_20","IBM",2,207,0.552770843734398,1.45530218242865
"eir_20","IBM",2,214,0.552232834925239,1.60299756012548
"eir_20","IBM",2,221,0.549572521373931,1.77999163996099
"eir_20","IBM",2,228,0.549465907956474,1.6296916422492
"eir_20","IBM",2,235,0.551500648120451,1.62730755834204
"eir_20","IBM",2,242,0.548913857677903,1.27266387726639
"eir_20","IBM",2,249,0.543130990415335,1.52794251029094
"eir_20","IBM",2,256,0.544932601098353,1.44932079414838
"eir_20","IBM",2,263,0.543895610438956,1.78086011012755
"eir_20","IBM",2,270,0.540114971257186,1.47618715570741
"eir_20","IBM",2,277,0.545055164495033,1.88446242935882
"eir_20","IBM",2,284,0.546502920473266,1.29974863845832
"eir_20","IBM",2,291,0.544142614601019,1.73469387755102
"eir_20","IBM",2,298,0.544146304901814,1.52836904180334
"eir_20","IBM",2,305,0.547165090326778,1.39681324798219
"eir_20","IBM",2,312,0.548058179637127,1.21827411167513
"eir_20","IBM",2,319,0.549627481374069,1.39187408999515
"eir_20","IBM",2,326,0.551844815518448,1.24175518989099
"eir_20","IBM",2,333,0.552917062440634,1.52231336021132
"eir_20","IBM",2,340,0.554499303205256,1.52549456673168
"eir_20","IBM",2,347,0.549454382380786,1.6751269035533
"eir_20","IBM",2,354,0.548403143965774,1.77541519004934
"eir_20","IBM",2,361,0.549044902009427,1.54693253664976
"eir_20","IBM",2,365,0.541854810698159,1.06413994169096
"demography","IBM",2,4,0.509396325459318,1.30547878393757
"demography","IBM",2,11,0.502520478890989,1.18815104166667
"demography","IBM",2,18,0.502571098751181,0.889231768718532
"demography","IBM",2,25,0.501988695834206,1.54108476778175
"demography","IBM",2,32,0.49979040033536,1.48181227671322
"demography","IBM",2,39,0.49800629590766,1.59569300518135
"demography","IBM",2,46,0.497058205505358,1.17628101836932
"demography","IBM",2,53,0.498842105263158,1.34902780009642
"demography","IBM",2,60,0.496993353729296,1.52719665271967
"demography","IBM",2,67,0.500369237261314,1.53311793214863
"demography","IBM",2,74,0.500158044463176,1.296834625323
"demography","IBM",2,81,0.505105800610591,1.48205294786422
"demography","IBM",2,88,0.508056872037915,1.60322108345534
"demography","IBM",2,95,0.516694666106678,1.2502038819116
"demography","IBM",2,102,0.519244887257472,1.19105890031
"demography","IBM",2,109,0.516902145473574,0.717209759292615
"demography","IBM",2,116,0.519488683989941,1.31423895253682
"demography","IBM",2,123,0.513970588235294,1.31252043151357
"demography","IBM",2,130,0.51832350463353,0.955497382198953
"demography","IBM",2,137,0.509121585995993,0.95831965868067
"demography","IBM",2,144,0.508369302031793,1.44150074049696
"demography","IBM",2,151,0.51382028376248,1.20184392492591
"demography","IBM",2,158,0.509232060428032,1.32311748228703
"demography","IBM",2,165,0.507660020986359,1.50354259350799
"demography","IBM",2,172,0.502979613173027,1.20006575702778
"demography","IBM",2,179,0.501149425287356,0.901976935749588
"demography","IBM",2,186,0.4967122429809,1.62731175693527
"demography","IBM",2,193,0.497079682937005,1.50677014531044
"demography","IBM",2,200,0.49874686716792,1.49663769066754
"demography","IBM",2,207,0.494358545758462,1.50057556322973
"demography","IBM",2,214,0.490893866443375,1.26380873866447
"demography","IBM",2,221,0.489196559681141,1.0906374501992
"demography","IBM",2,228,0.483487589398401,1.26799007444169
"demography","IBM",2,235,0.482200987083902,1.56111202500411
"demography","IBM",2,242,0.482758620689655,1.01821463734821
"demography","IBM",2,249,0.480906420478389,1.79655455291222
"demography","IBM",2,256,0.478635170603675,1.19829284307288
"demography","IBM",2,263,0.485386879730866,1.55982905982906
"demography","IBM",2,270,0.49093018350559,1.38257575757576
"demography","IBM",2,277,0.491100579252238,0.965768149495618
"demography","IBM",2,284,0.494045737169354,1.75248344370861
"demography","IBM",2,291,0.497151898734177,1.14893969516236
"demography","IBM",2,298,0.491039426523298,1.02680787688234
"demography","IBM",2,305,0.495466048080979,1.08720834022836
"demography","IBM",2,312,0.495998315080034,1.14590218109716
"demography","IBM",2,319,0.493457154917687,1.20601354700149
"demography","IBM",2,326,0.493406477476527,0.722414646214745
"demography","IBM",2,333,0.494625922023182,1.44626052501238
"demography","IBM",2,340,0.499894581488509,1.33035122597747
"demography","IBM",2,347,0.500528429507504,1.02868037135279
"demography","IBM",2,354,0.504274406332454,1.39521356157554
"demography","IBM",2,361,0.506689139365848,1.76829268292683
"demography","IBM",2,365,0.507363770250368,1.7096018735363
"eir_20","IBM",3,4,0.546240656602667,1.58356862475036
"eir_20","IBM",3,11,0.544703928082861,1.58236994219653
"eir_20","IBM",3,18,0.545547844785456,1.10355253212396
"eir_20","IBM",3,25,0.552476213710661,1.70642832588518
"eir_20","IBM",3,32,0.551565782402658,1.60241459733846
"eir_20","IBM",3,39,0.554883698249378,1.47712463131902
"eir_20","IBM",3,46,0.554609169668062,1.80655805320685
"eir_20","IBM",3,53,0.550636602196521,2.01629609170004
"eir_20","IBM",3,60,0.547067976271516,1.79255723870789
"eir_20","IBM",3,67,0.542136469673406,1.41014142807865
"eir_20","IBM",3,74,0.546330543118552,1.66183774834437
"eir_20","IBM",3,81,0.542978267225417,1.5328743545611
"eir_20","IBM",3,88,0.547255428153208,1.60759755006538
"eir_20","IBM",3,95,0.550095163730418,1.65760682584463
"eir_20","IBM",3,102,0.549373384697908,1.40471445261494
"eir_20","IBM",3,109,0.551737564489438,1.70771982936563
"eir_20","IBM",3,116,0.552950333219828,1.33349417522575
"eir_20","IBM",3,123,0.55314702308627,1.9103367536671
"eir_20","IBM",3,130,0.554153726708075,1.55789618614897
"eir_20","IBM",3,137,0.561541448262473,2.08945444513415
"eir_20","IBM",3,144,0.563264711594484,1.28388164701014
"eir_20","IBM",3,151,0.559730110188826,1.76389368312047
"eir_20","IBM",3,158,0.555075489101413,1.33764347946342
"eir_20","IBM",3,165,0.553754307625103,1.69133411715886
"eir_20","IBM",3,172,0.552722327456409,1.31267722525763
"eir_20","IBM",3,179,0.555016024084685,1.79528922757187
"eir_20","IBM",3,186,0.557223355678617,1.89328445950619
"eir_20","IBM",3,193,0.557168519687333,1.58728515220543
"eir_20","IBM",3,200,0.558041347180433,2.04037267080745
"eir_20","IBM",3,207,0.557534578985683,1.36099986189753
"eir_20","IBM",3,214,0.5584,1.63880638253782
"eir_20","IBM",3,221,0.557725862737495,1.48814871121553
"eir_20","IBM",3,228,0.558021221958428,1.41306602143104
"eir_20","IBM",3,235,0.55729292733698,1.66632081344677
"eir_20","IBM",3,242,0.559229316938568,1.49320482596034
"eir_20","IBM",3,249,0.557564593533375,1.44459102902375
"eir_20","IBM",3,256,0.556594631262719,1.69449833702882
"eir_20","IBM",3,263,0.559747817652764,1.36618839675608
"eir_20","IBM",3,270,0.560149282667701,1.64517023784758
"eir_20","IBM",3,277,0.562427353738861,1.59510266370699
"eir_20","IBM",3,284,0.561239332816137,1.43909524797676
"eir_20","IBM",3,291,0.563479357686897,0.93706633361088
"eir_20","IBM",3,298,0.562375757575758,1.2161599333611
"eir_20","IBM",3,305,0.557375460360535,1.59366553468709
"eir_20","IBM",3,312,0.556202114246921,1.4663711297361
"eir_20","IBM",3,319,0.560832443970117,1.56414155377385
"eir_20","IBM",3,326,0.555630903366433,1.51410398230089
"eir_20","IBM",3,333,0.561228444099981,1.61571448333103
"eir_20","IBM",3,340,0.564393388589986,1.86726581403387
"eir_20","IBM",3,347,0.562827733540493,1.49041456156135
"eir_20","IBM",3,354,0.56100757134537,1.51274435311183
"eir_20","IBM",3,361,0.560692236643819,1.76170447493622
"eir_20","IBM",3,365,0.559795570698467,1.05593056894889
"demography","IBM",3,4,0.462216753819338,1.23908826382153
"demography","IBM",3,11,0.464062339792884,0.827128520556814
"demography","IBM",3,18,0.465573770491803,1.23449830890643
"demography","IBM",3,25,0.468650590046178,0.940570140119182
"demography","IBM",3,32,0.472108285479902,1.52768834513844
"demography","IBM",3,39,0.473808303434136,1.41244759754918
"demography","IBM",3,46,0.474840829739166,0.94406724862593
"demography","IBM",3,53,0.468589611989325,1.37061224489796
"demography","IBM",3,60,0.467936898176603,1.01388888888889
"demography","IBM",3,67,0.473227944926058,1.01704638583839
"demography","IBM",3,74,0.466218281870987,1.19554536521454
"demography","IBM",3,81,0.464668094218415,1.3211582757486
"demography","IBM",3,88,0.46493374108053,0.961316872427984
"demography","IBM",3,95,0.46493824640196,1.20164609053498
"demography","IBM",3,102,0.472372587069758,1.38030253206182
"demography","IBM",3,109,0.475329451425069,1.25552825552826
"demography","IBM",3,116,0.481655595298927,1.2549115913556
"demography","IBM",3,123,0.483481640585047,1.85431006227466
"demography","IBM",3,130,0.481636828644501,1.13987508218277
"demography","IBM",3,137,0.479134782165085,1.32617671345995
"demography","IBM",3,144,0.483318028772574,1.4484126984127
"demography","IBM",3,151,0.484734378180338,1.267570696213
"demography","IBM",3,158,0.478296228524957,1.08487450462351
"demography","IBM",3,165,0.469290217612365,1.68981481481481
"demography","IBM",3,172,0.47692777834369,1.81712578825091
"demography","IBM",3,179,0.489496226799918,0.727333111922949
"demography","IBM",3,186,0.48817774154097,1.03572024703722
"demography","IBM",3,193,0.489207900631236,1.28305992634751
"demography","IBM",3,200,0.497708990937786,1.58536585365854
"demography","IBM",3,207,0.500355293878794,1.64661654135338
"demography","IBM",3,214,0.493147903766115,1.40080093442349
"demography","IBM",3,221,0.49060245860002,1.27537437603993
"demography","IBM",3,228,0.486437061871381,1.0906374501992
"demography","IBM",3,235,0.48965307364577,1.08523290386521
"demography","IBM",3,242,0.486875443397183,1.50230490615739
"demography","IBM",3,249,0.497923630102299,1.02308326463314
"demography","IBM",3,256,0.500355366027008,1.38462807191159
"demography","IBM",3,263,0.499340837643241,1.08523290386521
"demography","IBM",3,270,0.497769215169337,1.38668648827222
"demography","IBM",3,277,0.488864142538976,1.32486388384755
"demography","IBM",3,284,0.481834787903389,0.905557393317896
"demography","IBM",3,291,0.479403409090909,1.14741892786234
"demography","IBM",3,298,0.484367095011636,1.75190334326382
"demography","IBM",3,305,0.48266451025978,1.21141719216728
"demography","IBM",3,312,0.475232511120097,0.971067509145328
"demography","IBM",3,319,0.470594159113797,0.913413413413413
"demography","IBM",3,326,0.475538554459432,1.40150250417362
"demography","IBM",3,333,0.476037051953282,1.76446074345724
"demography","IBM",3,340,0.473625819465456,1.27813906953477
"demography","IBM",3,347,0.469128329297821,1.21971595655806
"demography","IBM",3,354,0.467569205900182,1.22380553227158
"demography","IBM",3,361,0.465527699150829,1.22874936879313
"demography","IBM",3,365,0.46671388101983,1.28975265017668
"eir_20","IBM",4,4,0.549202587271022,1.32388500806018
"eir_20","IBM",4,11,0.545899935665858,1.44724462365591
"eir_20","IBM",4,18,0.542119093658585,1.61656153536438
"eir_20","IBM",4,25,0.537755962120085,1.69710242587601
"eir_20","IBM",4,32,0.535054253579745,1.69836131903702
"eir_20","IBM",4,39,0.532514486652469,1.47594015365952
"eir_20","IBM",4,46,0.53485725594973,1.69710242587601
"eir_20","IBM",4,53,0.538705206889725,1.3049784133837
"eir_20","IBM",4,60,0.538404397563512,1.94345218035991
"eir_20","IBM",4,67,0.535957119460023,1.35130586968228
"eir_20","IBM",4,74,0.532105080200626,1.18067255205876
"eir_20","IBM",4,81,0.539720321332937,1.55130540376442
"eir_20","IBM",4,88,0.547813598771852,1.8456715210356
"eir_20","IBM",4,95,0.550089003164557,1.72611809214971
"eir_20","IBM",4,102,0.546912907857603,1.55392620624409
"eir_20","IBM",4,109,0.543014214253876,1.37949652426267
"eir_20","IBM",4,116,0.541776038829181,1.30788993306741
"eir_20","IBM",4,123,0.544369614737051,1.18602761982128
"eir_20","IBM",4,130,0.544178691440996,1.30868624002165
"eir_20","IBM",4,137,0.543221469875945,1.45546093538794
"eir_20","IBM",4,144,0.545625030844396,1.38323069635244
"eir_20","IBM",4,151,0.543336623889437,1.4106997558991
"eir_20","IBM",4,158,0.544772435581005,1.48494711147274
"eir_20","IBM",4,165,0.546612680229113,1.7789210045353
"eir_20","IBM",4,172,0.547757803239826,1.85153872167738
"eir_20","IBM",4,179,0.542464262749171,1.40346735024285
"eir_20","IBM",4,186,0.542031566968483,1.52165142549758
"eir_20","IBM",4,193,0.542262228596864,1.32415183070205
"eir_20","IBM",4,200,0.538370253164557,1.32290757768978
"eir_20","IBM",4,207,0.538126577267554,1.49389425657542
"eir_20","IBM",4,214,0.541148491304563,1.29867078410311
"eir_20","IBM",4,221,0.546558303186481,1.54246042393346
"eir_20","IBM",4,228,0.546604494270549,1.34388807069219
"eir_20","IBM",4,235,0.551883510585429,1.63578595317726
"eir_20","IBM",4,242,0.557451253481894,1.61569416498994
"eir_20","IBM",4,249,0.555031290354624,1.91099476439791
"eir_20","IBM",4,256,0.556394713306171,1.29797369833602
"eir_20","IBM",4,263,0.555334592820921,1.52134453781513
"eir_20","IBM",4,270,0.551282051282051,1.55130540376442
"eir_20","IBM",4,277,0.543918918918919,1.20852760321643
"eir_20","IBM",4,284,0.540146708961142,1.62594492440605
"eir_20","IBM",4,291,0.533267277681447,1.4494850912028
"eir_20","IBM",4,298,0.537235885001732,1.64757798288756
"eir_20","IBM",4,305,0.541652246996589,1.49801520554397
"eir_20","IBM",4,312,0.540413997042878,1.27871724045004
"eir_20","IBM",4,319,0.538817733990148,1.3055949247486
"eir_20","IBM",4,326,0.537745146348674,1.33112716958195
"eir_20","IBM",4,333,0.536449610875776,1.01237992152618
"eir_20","IBM",4,340,0.538814135738578,1.30983817455481
"eir_20","IBM",4,347,0.543803366072751,1.18314424635332
"eir_20","IBM",4,354,0.545346593439216,1.40450955242017
"eir_20","IBM",4,361,0.544922939689776,1.33256710161585
"eir_20","IBM",4,365,0.542678695350451,1.03595080416272
"demography","IBM",4,4,0.449977158519872,1.04075813485408
"demography","IBM",4,11,0.452481460353679,1.22874936879313
"demography","IBM",4,18,0.458219178082192,1.78861101723555
"demography","IBM",4,25,0.459919954259577,1.23624047417443
"demography","IBM",4,32,0.447109892620516,1.29498226051698
"demography","IBM",4,39,0.454296473810339,1.72664301402264
"demography","IBM",4,46,0.460539801844892,0.740239986479635
"demography","IBM",4,53,0.460978384527873,1.72751859364435
"demography","IBM",4,60,0.467159090909091,0.6166582192938
"demography","IBM",4,67,0.468051299511974,1.2341504649197
"demography","IBM",4,74,0.467429477738756,0.804782903663501
"demography","IBM",4,81,0.46467853498129,0.992016307117377
"demography","IBM",4,88,0.472562358276644,1.48499745719613
"demography","IBM",4,95,0.475039530155862,0.993028396531202
"demography","IBM",4,102,0.478437112937732,0.993873383253914
"demography","IBM",4,109,0.476163705869125,1.23144399460189
"demography","IBM",4,116,0.469967441338273,1.40737636211232
"demography","IBM",4,123,0.467270896273917,1.15969899665552
"demography","IBM",4,130,0.466331096196868,0.85394385026738
"demography","IBM",4,137,0.465665957208469,0.85723871833585
"demography","IBM",4,144,0.458930170098478,0.675016812373907
"demography","IBM",4,151,0.460505705974491,0.920322743318205
"demography","IBM",4,158,0.461357789956381,1.59308376699681
"demography","IBM",4,165,0.467673378076063,0.732809101555964
"demography","IBM",4,172,0.473354231974922,1.28672150411281
"demography","IBM",4,179,0.480857238531086,1.04163169380561
"demography","IBM",4,186,0.474871565780657,1.22278056951424
"demography","IBM",4,193,0.474132138857783,1.28456510809452
"demography","IBM",4,200,0.474826583128217,1.03831994645248
"demography","IBM",4,207,0.474935804398794,0.790438114276195
"demography","IBM",4,214,0.478270559393804,0.971067509145328
"demography","IBM",4,221,0.47734375,0.730486991327552
"demography","IBM",4,228,0.479680213191206,0.914328657314629
"demography","IBM",4,235,0.472779687326755,1.28327473631341
"demography","IBM",4,242,0.465631929046563,0.915092762828013
"demography","IBM",4,249,0.465255458273302,1.15737650200267
"demography","IBM",4,256,0.467293857221915,1.15776293823038
"demography","IBM",4,263,0.464668804600243,1.16300519872547
"demography","IBM",4,270,0.464518985940441,1.04163169380561
"demography","IBM",4,277,0.460319219685214,0.919704350747522
"demography","IBM",4,284,0.465610809613468,1.17085936180989
"demography","IBM",4,291,0.470699014068904,0.739365293720459
"demography","IBM",4,298,0.467545414266726,1.29258010118044
"demography","IBM",4,305,0.471050592272778,1.04778790949004
"demography","IBM",4,312,0.474961223133171,1.23082110942505
"demography","IBM",4,319,0.476316954404604,1.66020889487871
"demography","IBM",4,326,0.47868925052585,1.22647849462366
"demography","IBM",4,333,0.476816074188563,1.35185185185185
"demography","IBM",4,340,0.471381215469613,1.41639952758563
"demography","IBM",4,347,0.467967191310131,1.17165061665822
"demography","IBM",4,354,0.467281413176314,1.29018683723279
"demography","IBM",4,361,0.46265006669631,1.40714046262152
"demography","IBM",4,365,0.470358814352574,2.56740914419695
"eir_20","IBM",5,4,0.550926151003938,1.69945570201325
"eir_20","IBM",5,11,0.553079692517272,1.43493644345433
"eir_20","IBM",5,18,0.549321134848411,1.79402319942329
"eir_20","IBM",5,25,0.545980363565665,1.48422640519446
"eir_20","IBM",5,32,0.543611435239207,1.55624795014759
"eir_20","IBM",5,39,0.547474649459027,1.85071776636376
"eir_20","IBM",5,46,0.54892914380069,1.41985890419991
"eir_20","IBM",5,53,0.54528237750692,1.37290484360565
"eir_20","IBM",5,60,0.545771578029643,1.71270900799683
"eir_20","IBM",5,67,0.541224174551072,1.23106937371867
"eir_20","IBM",5,74,0.53685580677819,1.37526441036489
"eir_20","IBM",5,81,0.539084337349398,1.3292061179898
"eir_20","IBM",5,88,0.54417796651064,1.39865221987315
"eir_20","IBM",5,95,0.542881977979525,1.22903736960254
"eir_20","IBM",5,102,0.537926705615373,1.29961756560728
"eir_20","IBM",5,109,0.537629214568641,1.46847381611925
"eir_20","IBM",5,116,0.53850982664542,1.75342195314556
"eir_20","IBM",5,123,0.537659831121834,1.39340485750016
"eir_20","IBM",5,130,0.544696239151398,1.37109529458284
"eir_20","IBM",5,137,0.547947841986239,1.92739273927393
"eir_20","IBM",5,144,0.552935537982267,1.51382488479263
"eir_20","IBM",5,151,0.552188713621326,1.4869570931073
"eir_20","IBM",5,158,0.55288369419429,1.53674100388132
"eir_20","IBM",5,165,0.556432706569064,1.6080352446081
"eir_20","IBM",5,172,0.556788293242791,1.29441124318645
"eir_20","IBM",5,179,0.551626929141383,1.4173357904436
"eir_20","IBM",5,186,0.548636645814431,1.4918583954117
"eir_20","IBM",5,193,0.552631578947368,1.49195675105485
"eir_20","IBM",5,200,0.546122994652406,1.44573541061526
"eir_20","IBM",5,207,0.550501672240803,1.53795509908486
"eir_20","IBM",5,214,0.550849485522852,1.32342277012328
"eir_20","IBM",5,221,0.552982355197545,1.61397835269271
"eir_20","IBM",5,228,0.557059868452638,1.56704095112285
"eir_20","IBM",5,235,0.562277751081211,1.41939098339046
"eir_20","IBM",5,242,0.56094509407632,1.51612052482363
"eir_20","IBM",5,249,0.56067750938312,1.53795509908486
"eir_20","IBM",5,256,0.560103901101544,1.62775445960126
"eir_20","IBM",5,263,0.562509033097268,1.38755980861244
"eir_20","IBM",5,270,0.563093688220261,1.48598069472717
"eir_20","IBM",5,277,0.560967384496796,1.61302024932392
"eir_20","IBM",5,284,0.55845531587057,1.71056105610561
"eir_20","IBM",5,291,0.55632649127879,1.75979129515884
"eir_20","IBM",5,298,0.553366727675561,1.10971579643093
"eir_20","IBM",5,305,0.556020187454939,1.52335210334548
"eir_20","IBM",5,312,0.556313337495797,1.66501388337961
"eir_20","IBM",5,319,0.558990112316406,1.25554012039426
"eir_20","IBM",5,326,0.560353099213203,1.45061932834338
"eir_20","IBM",5,333,0.562859884836852,1.91378509325015
"eir_20","IBM",5,340,0.562946621265167,1.9169658290121
"eir_20","IBM",5,347,0.561453184239574,1.55339805825243
"eir_20","IBM",5,354,0.562166834750036,1.3821165216236
"eir_20","IBM",5,361,0.557935174069628,1.33176330104816
"eir_20","IBM",5,365,0.559811827956989,0.847654435671157
"demography","IBM",5,4,0.479171282960337,1.16086374288584
"demography","IBM",5,11,0.48755832037325,1.46586345381526
"demography","IBM",5,18,0.488070136499834,1.40267335004177
"demography","IBM",5,25,0.490909090909091,0.669389796598866
"demography","IBM",5,32,0.49256711781673,0.9734955825971
"demography","IBM",5,39,0.491292290626733,1.15756968786513
"demography","IBM",5,46,0.486474501108647,1.33677376394207
"demography","IBM",5,53,0.482257706808605,1.39730359520639
"demography","IBM",5,60,0.48293817859517,1.27643630308077
"demography","IBM",5,67,0.48132183908046,0.974795526623268
"demography","IBM",5,74,0.474737423991155,1.27177700348432
"demography","IBM",5,81,0.470309050772627,1.38944058258855
"demography","IBM",5,88,0.476096056400088,1.32859033752482
"demography","IBM",5,95,0.481583287520616,0.846587143803844
"demography","IBM",5,102,0.481970096745822,1.09027547295055
"demography","IBM",5,109,0.480673934588702,1.32881019361244
"demography","IBM",5,116,0.47492266902342,1.02511151495126
"demography","IBM",5,123,0.476085275599249,1.20581433762801
"demography","IBM",5,130,0.472433985195006,1.20382585751979
"demography","IBM",5,137,0.468268911285857,1.20085540384932
"demography","IBM",5,144,0.47255291005291,0.963696369636964
"demography","IBM",5,151,0.473481514084507,1.08577094695092
"demography","IBM",5,158,0.470005503577325,1.26631422435156
"demography","IBM",5,165,0.465211158892932,0.905557393317896
"demography","IBM",5,172,0.469266358228685,0.965289256198347
"demography","IBM",5,179,0.476374050005507,1.50701899256813
"demography","IBM",5,186,0.47199558985667,1.26360039564787
"demography","IBM",5,193,0.472655392049198,0.961158657011192
"demography","IBM",5,200,0.472589167767503,1.38714474553866
"demography","IBM",5,207,0.476951918835465,1.32991056641272
"demography","IBM",5,214,0.47393417274133,1.21646392267955
"demography","IBM",5,221,0.467549668874172,1.52108684780797
"demography","IBM",5,228,0.476763439673253,0.969938548413885
"demography","IBM",5,235,0.482652274479568,0.846026490066225
"demography","IBM",5,242,0.482197802197802,1.14951102270844
"demography","IBM",5,249,0.47741013520941,0.849684070502162
"demography","IBM",5,256,0.471035242290749,1.08774834437086
"demography","IBM",5,263,0.465536225500991,1.39382367590902
"demography","IBM",5,270,0.472757292239956,1.45514950166113
"demography","IBM",5,277,0.47839982367203,1.28070175438596
"demography","IBM",5,284,0.472274280674678,0.978388339755403
"demography","IBM",5,291,0.462983425414365,0.975609756097561
"demography","IBM",5,298,0.459501385041551,0.974632843791722
"demography","IBM",5,305,0.463347011201065,1.52260971132988
"demography","IBM",5,312,0.466585257548845,1.70788770053476
"demography","IBM",5,319,0.469419469419469,0.913413413413413
"demography","IBM",5,326,0.469636524822695,1.39800166527893
"demography","IBM",5,333,0.474454172669844,1.45829865157316
"demography","IBM",5,340,0.474856003544528,1.27537437603993
"demography","IBM",5,347,0.468971631205674,1.58563074352548
"demography","IBM",5,354,0.469258889996677,1.34528396716368
"demography","IBM",5,361,0.470399468850282,1.28434986595174
"demography","IBM",5,365,0.468677494199536,0.428403755868545
"eir_20","IBM",6,4,0.551889830088671,1.75160527205137
"eir_20","IBM",6,11,0.552825796225667,1.57816511282259
"eir_20","IBM",6,18,0.547108995338689,1.28130696010261
"eir_20","IBM",6,25,0.54520194502332,1.77771764865048
"eir_20","IBM",6,32,0.540387762185749,1.43554621278904
"eir_20","IBM",6,39,0.536409088658977,1.21131053166272
"eir_20","IBM",6,46,0.54064075941857,1.35761141543247
"eir_20","IBM",6,53,0.542895243739813,1.01176391048611
"eir_20","IBM",6,60,0.544497702228591,1.48042993307646
"eir_20","IBM",6,67,0.546840958605665,1.20689655172414
"eir_20","IBM",6,74,0.545386941648902,1.89450623525447
"eir_20","IBM",6,81,0.549232293214463,1.59624571082554
"eir_20","IBM",6,88,0.548914924118839,1.50003368591255
"eir_20","IBM",6,95,0.546228469609978,1.47355672184094
"eir_20","IBM",6,102,0.544035287703821,1.41994768260782
"eir_20","IBM",6,109,0.539739203728494,1.63841618652017
"eir_20","IBM",6,116,0.539619651347068,2.0075122409283
"eir_20","IBM",6,123,0.53783716901757,1.12458137977227
"eir_20","IBM",6,130,0.53802761146024,1.34550938337802
"eir_20","IBM",6,137,0.535118048009483,1.05264922870557
"eir_20","IBM",6,144,0.541306602143104,1.56599852517262
"eir_20","IBM",6,151,0.544611133043822,1.42118689581096
"eir_20","IBM",6,158,0.54174268948173,1.45036368534483
"eir_20","IBM",6,165,0.539355156288457,1.47405263512149
"eir_20","IBM",6,172,0.54267033723331,1.37457969065232
"eir_20","IBM",6,179,0.543524207421971,1.67453784914317
"eir_20","IBM",6,186,0.541861265424512,1.38126773888363
"eir_20","IBM",6,193,0.538938662991041,1.55729378301503
"eir_20","IBM",6,200,0.537691662968989,1.57997970916469
"eir_20","IBM",6,207,0.538961038961039,1.23569639108944
"eir_20","IBM",6,214,0.537374233128834,1.62946428571429
"eir_20","IBM",6,221,0.535733529267695,1.33419075340148
"eir_20","IBM",6,228,0.537357307334281,1.85066252028123
"eir_20","IBM",6,235,0.541866379731977,1.87192118226601
"eir_20","IBM",6,242,0.544764795144158,1.43030876292142
"eir_20","IBM",6,249,0.547090464547677,1.57869838480773
"eir_20","IBM",6,256,0.549628398200665,1.57646106087191
"eir_20","IBM",6,263,0.54685669660289,1.69607380968415
"eir_20","IBM",6,270,0.548152486942939,1.59689035471495
"eir_20","IBM",6,277,0.546466224131199,1.59667541557305
"eir_20","IBM",6,284,0.547041896307857,1.54952830188679
"eir_20","IBM",6,291,0.547474058557022,1.45251585053285
"eir_20","IBM",6,298,0.547031874451701,1.57635467980296
"eir_20","IBM",6,305,0.544501341136308,1.82204533189423
"eir_20","IBM",6,312,0.542626953125,1.47942984530163
"eir_20","IBM",6,319,0.541936741556606,1.50724343352288
"eir_20","IBM",6,326,0.540080892744018,1.38379256651547
"eir_20","IBM",6,333,0.537662717566184,1.43001891380708
"eir_20","IBM",6,340,0.538998778998779,1.65158371040724
"eir_20","IBM",6,347,0.54856220657277,1.8991148050544
"eir_20","IBM",6,354,0.55340186000979,1.33193674820922
"eir_20","IBM",6,361,0.552297165200391,1.2852983002641
"eir_20","IBM",6,365,0.554072553045859,2.25308641975309
"demography","IBM",6,4,0.512357618740598,1.13003095975232
"demography","IBM",6,11,0.509940891993552,1.06945880730782
"demography","IBM",6,18,0.503280628159621,1.13569576490925
"demography","IBM",6,25,0.503601763251263,1.64101677330105
"demography","IBM",6,32,0.498819995709075,1.26166609056343
"demography","IBM",6,39,0.49855134671102,1.38591646530894
"demography","IBM",6,46,0.501073883161512,1.45242214532872
"demography","IBM",6,53,0.502638096263594,1.38927335640138
"demography","IBM",6,60,0.50672115281213,1.38376701706014
"demography","IBM",6,67,0.510359634997316,1.00257510729614
"demography","IBM",6,74,0.513667059706292,1.63142513323019
"demography","IBM",6,81,0.51088238447518,1.31768953068592
"demography","IBM",6,88,0.509793428235042,1.31746304572018
"demography","IBM",6,95,0.509675338636852,1.63423454451524
"demography","IBM",6,102,0.507890499194847,0.944454027945489
"demography","IBM",6,109,0.512092873266688,0.757392356908179
"demography","IBM",6,116,0.51103693334769,1.68894601542416
"demography","IBM",6,123,0.506464124111183,1.12828438948995
"demography","IBM",6,130,0.494673410093619,1.13080895008606
"demography","IBM",6,137,0.489341085271318,1.50593089221248
"demography","IBM",6,144,0.493956399740989,1.2504282288455
"demography","IBM",6,151,0.496316359696641,1.00051396265205
"demography","IBM",6,158,0.494358863093947,1.24957206436152
"demography","IBM",6,165,0.497344173441734,1.0650532097494
"demography","IBM",6,172,0.500812303693274,1.06341045415596
"demography","IBM",6,179,0.500757411815624,0.998802804857192
"demography","IBM",6,186,0.510875446380262,1.67744680851064
"demography","IBM",6,193,0.51621271076524,1.4974358974359
"demography","IBM",6,200,0.516599978371364,1.30958482829318
"demography","IBM",6,207,0.505572989936154,0.995228357191547
"demography","IBM",6,214,0.504768097095795,1.18324518000341
"demography","IBM",6,221,0.50422718404509,1.11772711806737
"demography","IBM",6,228,0.496047644829453,1.29915254237288
"demography","IBM",6,235,0.491082045184304,0.924831081081081
"demography","IBM",6,242,0.495410862757802,1.23206751054852
"demography","IBM",6,249,0.49258417235033,0.859545836837679
"demography","IBM",6,256,0.486720867208672,1.59254908541702
"demography","IBM",6,263,0.491646778042959,1.16613418530351
"demography","IBM",6,270,0.495995670995671,1.29432624113475
"demography","IBM",6,277,0.487320599978418,1.23248353874726
"demography","IBM",6,284,0.484734059769123,1.11035997971945
"demography","IBM",6,291,0.477705627705628,0.557724957555178
"demography","IBM",6,298,0.478572203536943,1.41783482519845
"demography","IBM",6,305,0.481368821292776,1.04461279461279
"demography","IBM",6,312,0.479986948009571,1.10475870186649
"demography","IBM",6,319,0.482695020071607,0.798821548821549
"demography","IBM",6,326,0.478632478632479,1.35344682285522
"demography","IBM",6,333,0.481598089241125,0.981842636180229
"demography","IBM",6,340,0.489204730389498,1.53697153444501
"demography","IBM",6,347,0.493600867678959,1.23144399460189
"demography","IBM",6,354,0.500976138828633,0.925143629604596
"demography","IBM",6,361,0.498103392218489,1.05116042690158
"demography","IBM",6,365,0.497342444950645,0
"eir_20","IBM",7,4,0.543610144206862,1.53205605578498
"eir_20","IBM",7,11,0.539137776894805,1.6055356296948
"eir_20","IBM",7,18,0.533621374652364,1.23444264069264
"eir_20","IBM",7,25,0.528743050039714,1.35586924219911
"eir_20","IBM",7,32,0.529590062111801,1.79693822497977
"eir_20","IBM",7,39,0.529712555230105,1.22870800511681
"eir_20","IBM",7,46,0.536293723641776,1.59356528747985
"eir_20","IBM",7,53,0.542253521126761,1.3493984002151
"eir_20","IBM",7,60,0.546899762282092,1.76506145476526
"eir_20","IBM",7,67,0.55169680455784,1.59196135006375
"eir_20","IBM",7,74,0.554228214533558,1.32148843446195
"eir_20","IBM",7,81,0.553677636796194,1.15003016692364
"eir_20","IBM",7,88,0.551190476190476,1.41966201716738
"eir_20","IBM",7,95,0.549764443342425,1.53874464668094
"eir_20","IBM",7,102,0.546843227694291,1.39135959339263
"eir_20","IBM",7,109,0.549737181394426,1.75809472839176
"eir_20","IBM",7,116,0.544739575604689,1.4661578630247
"eir_20","IBM",7,123,0.546070863024545,1.56620851491787
"eir_20","IBM",7,130,0.548441365660564,1.567049037365
"eir_20","IBM",7,137,0.548122529644269,1.32219762527672
"eir_20","IBM",7,144,0.546043201028125,1.22581945190758
"eir_20","IBM",7,151,0.544673284931101,1.74206776015058
"eir_20","IBM",7,158,0.54572854390039,1.49590163934426
"eir_20","IBM",7,165,0.549605133267522,1.59689035471495
"eir_20","IBM",7,172,0.548633718062543,1.57401792332053
"eir_20","IBM",7,179,0.553272412941467,1.72530218110608
"eir_20","IBM",7,186,0.551959282502347,1.38397995802018
"eir_20","IBM",7,193,0.549225609154582,1.46158544862223
"eir_20","IBM",7,200,0.54838550653192,1.68191366808972
"eir_20","IBM",7,207,0.548226600985222,1.85467479674797
"eir_20","IBM",7,214,0.544272628779671,1.26126431330036
"eir_20","IBM",7,221,0.545588814493895,1.38773847511712
"eir_20","IBM",7,228,0.550868730619678,1.26460597826087
"eir_20","IBM",7,235,0.556427337774488,1.46188310365895
"eir_20","IBM",7,242,0.55421211074372,1.61043985881075
"eir_20","IBM",7,249,0.551440531888697,1.56375382522951
"eir_20","IBM",7,256,0.551652892561983,1.79031269160025
"eir_20","IBM",7,263,0.552441717791411,1.44377003341745
"eir_20","IBM",7,270,0.549378486835666,1.64504233815897
"eir_20","IBM",7,277,0.551933134561807,1.42033042053523
"eir_20","IBM",7,284,0.556865430709778,1.99453551912568
"eir_20","IBM",7,291,0.556512378902045,1.69790669038172
"eir_20","IBM",7,298,0.557265708980749,1.75143953934741
"eir_20","IBM",7,305,0.552806246949732,1.72760323775552
"eir_20","IBM",7,312,0.554526397894018,1.60153571918278
"eir_20","IBM",7,319,0.555739864370396,1.62655971479501
"eir_20","IBM",7,326,0.551079206953804,1.4028826355525
"eir_20","IBM",7,333,0.54711618562258,1.4298969072165
"eir_20","IBM",7,340,0.547830350576122,1.58335054740756
"eir_20","IBM",7,347,0.549094656263801,1.4309787468189
"eir_20","IBM",7,354,0.556677779956854,1.33019322010589
"eir_20","IBM",7,361,0.559306256430356,1.65430572723527
"eir_20","IBM",7,365,0.558641975308642,1.57780979827089
"demography","IBM",7,4,0.467783230211223,0.968330293483668
"demography","IBM",7,11,0.458293384467881,0.911740216486261
"demography","IBM",7,18,0.454883622063981,1.46194926568758
"demography","IBM",7,25,0.451623203831825,1.21951219512195
"demography","IBM",7,32,0.451228592702904,0.975609756097561
"demography","IBM",7,39,0.455057373565661,0.855087014725569
"demography","IBM",7,46,0.454342747929497,1.03416666666667
"demography","IBM",7,53,0.450784896054306,0.972360972360972
"demography","IBM",7,60,0.452948025828305,1.15314266711008
"demography","IBM",7,67,0.453640982218459,0.78781338203553
"demography","IBM",7,74,0.456291109696584,1.02936297279363
"demography","IBM",7,81,0.454054054054054,1.76211087065091
"demography","IBM",7,88,0.44578313253012,0.973657885961987
"demography","IBM",7,95,0.443433167530956,1.0295337647254
"demography","IBM",7,102,0.441223150989313,0.969616470197576
"demography","IBM",7,109,0.443892645815723,1.33699633699634
"demography","IBM",7,116,0.43615449556775,1.46341463414634
"demography","IBM",7,123,0.43984407922461,1.52184789859907
"demography","IBM",7,130,0.449022715266772,1.15718338061071
"demography","IBM",7,137,0.453698804106255,1.27920560747664
"demography","IBM",7,144,0.455279371149352,1.40431582469053
"demography","IBM",7,151,0.445544554455446,1.10290414638241
"demography","IBM",7,158,0.448224537529237,1.16242038216561
"demography","IBM",7,165,0.454110898661568,1.16105809475975
"demography","IBM",7,172,0.45388865278368,1.52873178086782
"demography","IBM",7,179,0.456876456876457,1.34957983193277
"demography","IBM",7,186,0.46161177591867,1.59710535173342
"demography","IBM",7,193,0.463329452852154,0.859256768118379
"demography","IBM",7,200,0.460863126718849,0.920168067226891
"demography","IBM",7,207,0.465572033898305,1.28585807750377
"demography","IBM",7,214,0.473136547037588,1.28672150411281
"demography","IBM",7,221,0.470844397238449,0.674903345100017
"demography","IBM",7,228,0.462339317964517,0.860124558155193
"demography","IBM",7,235,0.462599469496021,1.16652649285114
"demography","IBM",7,242,0.466031746031746,1.53232577665827
"demography","IBM",7,249,0.462229265715795,1.35116944304223
"demography","IBM",7,256,0.465364308342133,1.09976565115501
"demography","IBM",7,263,0.466342597484941,1.4104502688172
"demography","IBM",7,270,0.468326271186441,1.41377568204783
"demography","IBM",7,277,0.472617278709404,1.47325933400605
"demography","IBM",7,284,0.478918228279387,1.10216406643181
"demography","IBM",7,291,0.477551455689453,1.28155826784819
"demography","IBM",7,298,0.479000531632111,1.03364984174579
"demography","IBM",7,305,0.481260010678057,1.15352628077179
"demography","IBM",7,312,0.485000533788833,1.21991978609626
"demography","IBM",7,319,0.483484767504009,1.65491183879093
"demography","IBM",7,326,0.477413830014986,1.35048772283888
"demography","IBM",7,333,0.478563027905485,1.29192651272543
"demography","IBM",7,340,0.481612144537096,1.10643314247221
"demography","IBM",7,347,0.475813356164384,1.17105707531239
"demography","IBM",7,354,0.480394257553032,1.23289984799865
"demography","IBM",7,361,0.480274442538594,0.739739908799189
"demography","IBM",7,365,0.480812641083521,1.29585798816568
"eir_20","IBM",8,4,0.540729286177483,1.29571332886805
"eir_20","IBM",8,11,0.541949660407511,1.44114301010507
"eir_20","IBM",8,18,0.540841831633673,1.83049147442327
"eir_20","IBM",8,25,0.540101877746704,1.29233749749482
"eir_20","IBM",8,32,0.531655682045137,1.43883209728068
"eir_20","IBM",8,39,0.532319960129579,1.26837743918738
"eir_20","IBM",8,46,0.524013764899506,1.58515400547872
"eir_20","IBM",8,53,0.527232789176776,1.48909844836811
"eir_20","IBM",8,60,0.532906581316263,1.85427807486631
"eir_20","IBM",8,67,0.538338177808961,1.49039427003146
"eir_20","IBM",8,74,0.540293866907377,1.89964636017882
"eir_20","IBM",8,81,0.544170673076923,1.26499600106638
"eir_20","IBM",8,88,0.540629685157421,1.43537959074852
"eir_20","IBM",8,95,0.539122185050182,1.06981081801226
"eir_20","IBM",8,102,0.537993010484274,1.6037547433593
"eir_20","IBM",8,109,0.536089173248026,1.50445419492089
"eir_20","IBM",8,116,0.535961133927677,1.45718277995875
"eir_20","IBM",8,123,0.541216657457176,1.43156285315429
"eir_20","IBM",8,130,0.54438583270535,1.69812574770703
"eir_20","IBM",8,137,0.548497164935521,1.50365448504983
"eir_20","IBM",8,144,0.547676402689953,1.33264737121614
"eir_20","IBM",8,151,0.548578318095047,1.69429708222812
"eir_20","IBM",8,158,0.551130085384229,1.5965272715223
"eir_20","IBM",8,165,0.545481927710843,1.47323496327665
"eir_20","IBM",8,172,0.541760835718949,1.35167305911916
"eir_20","IBM",8,179,0.544463971880492,1.68568978029953
"eir_20","IBM",8,186,0.548455162019593,1.63257251858186
"eir_20","IBM",8,193,0.553929702820938,1.46663592648706
"eir_20","IBM",8,200,0.559726619428112,1.85266974291365
"eir_20","IBM",8,207,0.558820574643359,0.986681611393156
"eir_20","IBM",8,214,0.557287215323513,1.32490760295671
"eir_20","IBM",8,221,0.559253124529438,1.42135832618309
"eir_20","IBM",8,228,0.558972812704156,1.70673076923077
"eir_20","IBM",8,235,0.555997182531696,1.58549427405555
"eir_20","IBM",8,242,0.557895265855865,1.43993687947926
"eir_20","IBM",8,249,0.556781701444623,1.39029355749655
"eir_20","IBM",8,256,0.556802244039271,1.63182117028271
"eir_20","IBM",8,263,0.554793491864831,1.80276588738887
"eir_20","IBM",8,270,0.555978560336623,1.63569263213391
"eir_20","IBM",8,277,0.55222160997846,1.6107890923462
"eir_20","IBM",8,284,0.553194688048108,1.3953335090957
"eir_20","IBM",8,291,0.551070551070551,1.13062677123838
"eir_20","IBM",8,298,0.550408173486252,1.61174454623344
"eir_20","IBM",8,305,0.557262989288217,1.48989400223846
"eir_20","IBM",8,312,0.554382101206267,1.60877573843826
"eir_20","IBM",8,319,0.550858917213402,1.68036829990135
"eir_20","IBM",8,326,0.552821489425679,1.34872979214781
"eir_20","IBM",8,333,0.554787313993687,1.49284253578732
"eir_20","IBM",8,340,0.553352740413572,1.39846743295019
"eir_20","IBM",8,347,0.552502502502503,2.07140029035238
"eir_20","IBM",8,354,0.555867040448538,1.58925979680697
"eir_20","IBM",8,361,0.552668469009713,1.39671438939104
"eir_20","IBM",8,365,0.552327616380819,2.18865313653137
"demography","IBM",8,4,0.4875851231011,0.995827315037715
"demography","IBM",8,11,0.482217573221757,1.34427542033627
"demography","IBM",8,18,0.487021142976764,1.28356777493606
"demography","IBM",8,25,0.486667363797971,1.28111040204212
"demography","IBM",8,32,0.489350595113802,0.932907348242811
"demography","IBM",8,39,0.491617202957409,1.22268304354762
"demography","IBM",8,46,0.491447642886942,0.928753180661578
"demography","IBM",8,53,0.494991652754591,1.56801909307876
"demography","IBM",8,60,0.495461658841941,1.0458452722063
"demography","IBM",8,67,0.498174611453009,0.989317602040816
"demography","IBM",8,74,0.504847284478265,1.51138716356108
"demography","IBM",8,81,0.503915631199749,1.62583518930958
"demography","IBM",8,88,0.500052099614463,0.989948947032546
"demography","IBM",8,95,0.497709764730377,0.870844599968188
"demography","IBM",8,102,0.500415973377704,1.10482714672614
"demography","IBM",8,109,0.502436495593572,1.04935313847628
"demography","IBM",8,116,0.502744691869498,0.876140182429189
"demography","IBM",8,123,0.504768816089571,1.99485613245459
"demography","IBM",8,130,0.514431063122924,0.995827315037715
"demography","IBM",8,137,0.514101363305235,1.05508270435202
"demography","IBM",8,144,0.515652626105044,1.29058180649309
"demography","IBM",8,151,0.516313383208645,0.998069808589352
"demography","IBM",8,158,0.513151055203244,1.12107985774329
"demography","IBM",8,165,0.513608975690837,1.35490639122014
"demography","IBM",8,172,0.51955074875208,1.77155800032357
"demography","IBM",8,179,0.513899010931806,1.3037830816691
"demography","IBM",8,186,0.513549994808431,0.710347064547519
"demography","IBM",8,193,0.514054558655741,1.00469559585492
"demography","IBM",8,200,0.506737147595357,1.4190831038393
"demography","IBM",8,207,0.504243427861726,1.2412955465587
"demography","IBM",8,214,0.507354464470686,1.00453294479521
"demography","IBM",8,221,0.511389521640091,1.35929404145078
"demography","IBM",8,228,0.515110603385606,1.48205294786422
"demography","IBM",8,235,0.512479201331115,1.12947882736156
"demography","IBM",8,242,0.509215870040612,1.42485361093038
"demography","IBM",8,249,0.511465499270377,1.30314832846478
"demography","IBM",8,256,0.509174311926605,1.24553136171596
"demography","IBM",8,263,0.508361898826218,1.310164790341
"demography","IBM",8,270,0.511664074650078,1.31359398004253
"demography","IBM",8,277,0.513292645081204,1.61345776031434
"demography","IBM",8,284,0.512336120573965,1.07669616519174
"demography","IBM",8,291,0.514827018121911,1.61742983751846
"demography","IBM",8,298,0.521332373804873,1.25429553264605
"demography","IBM",8,305,0.524588477366255,1.72985781990521
"demography","IBM",8,312,0.522208513263418,1.07917214191853
"demography","IBM",8,319,0.523362558019598,1.73042341016838
"demography","IBM",8,326,0.519686662543805,1.1315059552945
"demography","IBM",8,333,0.517380092831356,1.43324607329843
"demography","IBM",8,340,0.517742933773468,1.31102040816327
"demography","IBM",8,347,0.510948151208428,1.85431006227466
"demography","IBM",8,354,0.518472652218782,1.01754673663496
"demography","IBM",8,361,0.513151108818979,1.13483881525119
"demography","IBM",8,365,0.514430014430014,2.09529276693456
"eir_20","IBM",9,4,0.538296628337556,1.47206611570248
"eir_20","IBM",9,11,0.536993769470405,1.25479307153246
"eir_20","IBM",9,18,0.537636505460218,1.63687924553189
"eir_20","IBM",9,25,0.537658536585366,1.49363078344664
"eir_20","IBM",9,32,0.539403362161112,1.22871287128713
"eir_20","IBM",9,39,0.538502621868324,1.5164204695331
"eir_20","IBM",9,46,0.542844630431609,1.29961756560728
"eir_20","IBM",9,53,0.544661991038379,1.3981903440988
"eir_20","IBM",9,60,0.541587764020393,1.64055786899332
"eir_20","IBM",9,67,0.544567370404367,1.59209569757452
"eir_20","IBM",9,74,0.546626744579128,1.13279186476492
"eir_20","IBM",9,81,0.548711016703679,1.93096151302738
"eir_20","IBM",9,88,0.552607458150417,1.47616521912086
"eir_20","IBM",9,95,0.556177876490754,1.21077423207059
"eir_20","IBM",9,102,0.556876963983563,1.40683147262095
"eir_20","IBM",9,109,0.559420570708784,1.72410351939325
"eir_20","IBM",9,116,0.559763657497094,1.4330871098689
"eir_20","IBM",9,123,0.55866246668282,1.28469916323549
"eir_20","IBM",9,130,0.556922182945136,1.59885843233557
"eir_20","IBM",9,137,0.556661192155347,1.38184112646121
"eir_20","IBM",9,144,0.555319559760572,1.5769358590894
"eir_20","IBM",9,151,0.555496548061604,1.5769358590894
"eir_20","IBM",9,158,0.559766059258543,1.57819463846205
"eir_20","IBM",9,165,0.557879988404677,1.50515463917526
"eir_20","IBM",9,172,0.555657507123195,1.60835892642542
"eir_20","IBM",9,179,0.553163762729861,1.80705158225731
"eir_20","IBM",9,186,0.552713962336849,1.46970002013288
"eir_20","IBM",9,193,0.553637543876521,1.47286300356446
"eir_20","IBM",9,200,0.554284065775555,1.47207098205283
"eir_20","IBM",9,207,0.554700649194518,1.47435034334186
"eir_20","IBM",9,214,0.549906290547359,1.74476536726587
"eir_20","IBM",9,221,0.548048698330206,1.66700248505608
"eir_20","IBM",9,228,0.542594641396893,1.34605069062626
"eir_20","IBM",9,235,0.538601794539609,1.49459622742834
"eir_20","IBM",9,242,0.538852160582543,1.61688703939862
"eir_20","IBM",9,249,0.540152276971699,1.61601931978265
"eir_20","IBM",9,256,0.540034479455991,1.27101051362754
"eir_20","IBM",9,263,0.540172579098754,1.68811582545747
"eir_20","IBM",9,270,0.538095466999952,1.56442539512456
"eir_20","IBM",9,277,0.543551491819057,1.0995447851118
"eir_20","IBM",9,284,0.543132530120482,1.27237380170276
"eir_20","IBM",9,291,0.543835087380516,1.86324556689952
"eir_20","IBM",9,298,0.545358038988612,1.27348362855609
"eir_20","IBM",9,305,0.544175739473938,1.59206817876795
"eir_20","IBM",9,312,0.546948017536253,1.37098396941445
"eir_20","IBM",9,319,0.546124927703875,1.56883814640698
"eir_20","IBM",9,326,0.548217726396917,1.15389789466604
"eir_20","IBM",9,333,0.543490811122871,1.10435016472803
"eir_20","IBM",9,340,0.541324102120294,1.3743024272171
"eir_20","IBM",9,347,0.541105769230769,1.49469656283566
"eir_20","IBM",9,354,0.535886088127766,1.74031294070244
"eir_20","IBM",9,361,0.535652424942263,1.59527972027972
"eir_20","IBM",9,365,0.534680134680135,1.03155911446067
"demography","IBM",9,4,0.493876689189189,0.910678642714571
"demography","IBM",9,11,0.482864072550881,1.33477393617021
"demography","IBM",9,18,0.480706550310167,0.912043978010995
"demography","IBM",9,25,0.481983401617817,0.914634146341463
"demography","IBM",9,32,0.478010471204188,1.34258485203143
"demography","IBM",9,39,0.472841444270016,1.95187165775401
"demography","IBM",9,46,0.472289156626506,1.03710513120508
"demography","IBM",9,53,0.470983314093819,1.09719438877756
"demography","IBM",9,60,0.475013150973172,1.6422262956174
"demography","IBM",9,67,0.476842105263158,1.57615014117256
"demography","IBM",9,74,0.475252737994945,1.33588421227749
"demography","IBM",9,81,0.476692680869015,1.39846743295019
"demography","IBM",9,88,0.472310293806806,1.51830282861897
"demography","IBM",9,95,0.472225161358586,1.09081852897227
"demography","IBM",9,102,0.473165040305473,1.27664890073284
"demography","IBM",9,109,0.472924187725632,1.40267335004177
"demography","IBM",9,116,0.473857598299681,1.39846743295019
"demography","IBM",9,123,0.47275045150324,1.51779773785762
"demography","IBM",9,130,0.474832393317016,1.69345484672742
"demography","IBM",9,137,0.482106828076882,0.906456953642384
"demography","IBM",9,144,0.480883602378929,0.84226141420801
"demography","IBM",9,151,0.479995755067388,1.56445763270689
"demography","IBM",9,158,0.481414613423959,1.43984220907298
"demography","IBM",9,165,0.480720338983051,0.95831965868067
"demography","IBM",9,172,0.478583545377439,1.31833853226071
"demography","IBM",9,179,0.481210966444374,1.44055254070054
"demography","IBM",9,186,0.478775079197466,1.08201581027668
"demography","IBM",9,193,0.47988140618382,1.37848932676519
"demography","IBM",9,200,0.475277924827951,1.08076986346439
"demography","IBM",9,207,0.481551961095253,1.0802367642223
"demography","IBM",9,214,0.479695431472081,0.961158657011192
"demography","IBM",9,221,0.475361401287327,1.20283407480639
"demography","IBM",9,228,0.47073737587154,1.26443418013857
"demography","IBM",9,235,0.466990598922573,1.08290753255316
"demography","IBM",9,242,0.467735132855335,1.19789957335084
"demography","IBM",9,249,0.471935007385524,1.85309531608254
"demography","IBM",9,256,0.474022552429128,0.89724680432645
"demography","IBM",9,263,0.4704337779645,0.95409246855089
"demography","IBM",9,270,0.468403431680268,1.07511045655376
"demography","IBM",9,277,0.458694516971279,1.25142857142857
"demography","IBM",9,284,0.466123812506525,1.01355766089513
"demography","IBM",9,291,0.465887752973086,1.31380890052356
"demography","IBM",9,298,0.467841134160325,1.31833853226071
"demography","IBM",9,305,0.468805332777836,1.62329105583924
"demography","IBM",9,312,0.46801627882709,1.02561983471074
"demography","IBM",9,319,0.46861663370459,1.08559153998678
"demography","IBM",9,326,0.47280116715298,1.39289862286378
"demography","IBM",9,333,0.479612055480238,1.45635910224439
"demography","IBM",9,340,0.481050773543765,0.849260428785109
"demography","IBM",9,347,0.479022065679063,1.2755866200699
"demography","IBM",9,354,0.47311271975181,1.15756968786513
"demography","IBM",9,361,0.467758656437902,1.52796383121232
"demography","IBM",9,365,0.467005076142132,2.56140350877193
"eir_20","IBM",10,4,0.52077328297386,1.43751318658133
"eir_20","IBM",10,11,0.525465035312842,1.12457110846579
"eir_20","IBM",10,18,0.525993426949507,1.66036811533347
"eir_20","IBM",10,25,0.524537890488765,1.25420757363254
"eir_20","IBM",10,32,0.524667695524469,1.53954305799649
"eir_20","IBM",10,39,0.525287184842608,0.948651306546783
"eir_20","IBM",10,46,0.518774900398406,1.22732049036778
"eir_20","IBM",10,53,0.520455567211149,1.07292833146697
"eir_20","IBM",10,60,0.522217774219376,1.65967121371109
"eir_20","IBM",10,67,0.522250588176403,1.50720884658455
"eir_20","IBM",10,74,0.52168469551282,1.30138422818792
"eir_20","IBM",10,81,0.523210346901945,1.4538784067086
"eir_20","IBM",10,88,0.526028358134175,1.37572415718573
"eir_20","IBM",10,95,0.528671679197995,1.35185185185185
"eir_20","IBM",10,102,0.531342238231027,1.45713685390111
"eir_20","IBM",10,109,0.530972125087421,1.42997061704212
"eir_20","IBM",10,116,0.536525567897528,1.55557884440718
"eir_20","IBM",10,123,0.538106929899283,1.32412445932747
"eir_20","IBM",10,130,0.539759036144578,1.63094323814843
"eir_20","IBM",10,137,0.537245256500351,1.57909427116042
"eir_20","IBM",10,144,0.537085296181217,1.24721059972106
"eir_20","IBM",10,151,0.537486218302095,1.39778582370143
"eir_20","IBM",10,158,0.5423915768363,1.6259483538665
"eir_20","IBM",10,165,0.544852830567116,1.27381866406086
"eir_20","IBM",10,172,0.54767873257796,1.47742340707656
"eir_20","IBM",10,179,0.551648241708769,1.73275621334823
"eir_20","IBM",10,186,0.546422146711973,1.834042850164
"eir_20","IBM",10,193,0.544703644373248,1.7860887801468
"eir_20","IBM",10,200,0.541963300912464,1.42857142857143
"eir_20","IBM",10,207,0.537540696218382,1.4538784067086
"eir_20","IBM",10,214,0.534650988241181,1.60837938028957
"eir_20","IBM",10,221,0.533566958698373,1.24965064281722
"eir_20","IBM",10,228,0.534405048076923,1.48114461624571
"eir_20","IBM",10,235,0.533883470867717,1.86628843594593
"eir_20","IBM",10,242,0.529744333816981,1.22714856062198
"eir_20","IBM",10,249,0.52614706471649,1.63003279603656
"eir_20","IBM",10,256,0.527733199598796,1.55145982858337
"eir_20","IBM",10,263,0.52476391400442,1.4249860568879
"eir_20","IBM",10,270,0.52723989164242,1.32690156599553
"eir_20","IBM",10,277,0.527819624384855,1.47866173080953
"eir_20","IBM",10,284,0.527208835341365,1.4507356530228
"eir_20","IBM",10,291,0.525774230788536,1.29603843208243
"eir_20","IBM",10,298,0.526276163228429,1.47279810769445
"eir_20","IBM",10,305,0.527336683417085,1.5196724724169
"eir_20","IBM",10,312,0.52659172253869,1.34368271167604
"eir_20","IBM",10,319,0.530439172135285,1.44288785630071
"eir_20","IBM",10,326,0.529218481447781,1.41727915684371
"eir_20","IBM",10,333,0.532573043346622,1.48907481676117
"eir_20","IBM",10,340,0.532290615539859,1.48742920292858
"eir_20","IBM",10,347,0.530204390613172,1.89119170984456
"eir_20","IBM",10,354,0.530624620982414,1.38124397963396
"eir_20","IBM",10,361,0.529361272405958,1.43245662351969
"eir_20","IBM",10,365,0.527503526093089,0.880791505791506
"demography","IBM",10,4,0.490094745908699,1.58951612903226
"demography","IBM",10,11,0.488412202220545,1.52621421678996
"demography","IBM",10,18,0.491085899513776,1.28892455858748
"demography","IBM",10,25,0.48768898488121,1.17628101836932
"demography","IBM",10,32,0.484655284201426,1.47248668710666
"demography","IBM",10,39,0.493780421849648,1.64971751412429
"demography","IBM",10,46,0.495175105713976,1.23589164785553
"demography","IBM",10,53,0.484358027373452,1.00323362974939
"demography","IBM",10,60,0.479404412563852,1.24109455958549
"demography","IBM",10,67,0.479943625325238,0.946515397082658
"demography","IBM",10,74,0.483389243588356,1.48061009248742
"demography","IBM",10,81,0.490323278192237,1.12107985774329
"demography","IBM",10,88,0.484354769097972,1.70863599677159
"demography","IBM",10,95,0.484149234418805,1.47153684889534
"demography","IBM",10,102,0.482233502538071,1.12017444677758
"demography","IBM",10,109,0.48568341437061,0.827798477239592
"demography","IBM",10,116,0.488510087388068,1.36149854038274
"demography","IBM",10,123,0.489297297297297,0.831164606376057
"demography","IBM",10,130,0.490441732368506,1.01190476190476
"demography","IBM",10,137,0.490177029360967,1.13095238095238
"demography","IBM",10,144,0.487406766836018,0.835650040883074
"demography","IBM",10,151,0.494690073688773,1.13039934800326
"demography","IBM",10,158,0.495436766623207,1.43113870282634
"demography","IBM",10,165,0.493600867678959,1.60766721044046
"demography","IBM",10,172,0.491558441558442,1.66476624857469
"demography","IBM",10,179,0.490162162162162,1.12544628367413
"demography","IBM",10,186,0.48361276365603,1.60113728675873
"demography","IBM",10,193,0.479010738691832,1.43067123958844
"demography","IBM",10,200,0.474176361857127,1.0142203334423
"demography","IBM",10,207,0.479028216581327,1.60400390625
"demography","IBM",10,214,0.482751091703057,1.18815104166667
"demography","IBM",10,221,0.483937937062937,1.249185136897
"demography","IBM",10,228,0.487580698107014,1.0693359375
"demography","IBM",10,235,0.491349102058695,0.657119476268412
"demography","IBM",10,242,0.494202581492015,1.43677218304084
"demography","IBM",10,249,0.488316226250273,1.19534959882102
"demography","IBM",10,256,0.487300197065908,1.13856509604334
"demography","IBM",10,263,0.487409678125684,1.50057556322973
"demography","IBM",10,270,0.49443474465299,1.14156378600823
"demography","IBM",10,277,0.490917049682644,1.14269237106607
"demography","IBM",10,284,0.495227646736149,1.26485148514851
"demography","IBM",10,291,0.495457033388068,0.96481083760119
"demography","IBM",10,298,0.498303971988183,1.38875103391232
"demography","IBM",10,305,0.497157227203149,1.15027367722674
"demography","IBM",10,312,0.490755934799256,1.26799007444169
"demography","IBM",10,319,0.486126283591872,0.902720527617477
"demography","IBM",10,326,0.492638237539535,1.26652346331791
"demography","IBM",10,333,0.486286460600784,1.56833581226244
"demography","IBM",10,340,0.486457086913956,1.38166556945359
"demography","IBM",10,347,0.489660426643448,1.26152073732719
"demography","IBM",10,354,0.486979166666667,0.959737058340181
"demography","IBM",10,361,0.486413043478261,1.25696949819613
"demography","IBM",10,365,0.481368821292776,0
"eir_1","IBM",1,4,0.111663024041327,0.418549747048904
"eir_1","IBM",1,11,0.111988478347239,0.0985820391627279
"eir_1","IBM",1,18,0.113196306225797,0.172506920532037
"eir_1","IBM",1,25,0.113244047619048,0.172483629244582
"eir_1","IBM",1,32,0.115272059917663,0.0492743840701991
"eir_1","IBM",1,39,0.115149405856908,0.123144399460189
"eir_1","IBM",1,46,0.115658451580782,0.221869512359854
"eir_1","IBM",1,53,0.117161059128011,0.172693477526191
"eir_1","IBM",1,60,0.116910851750683,0.123603115475787
"eir_1","IBM",1,67,0.116262907069102,0.148545072237672
"eir_1","IBM",1,74,0.112309297818417,0.0495890224848855
"eir_1","IBM",1,81,0.110270700636943,0.123837958879012
"eir_1","IBM",1,88,0.108820160366552,0.0990434841598263
"eir_1","IBM",1,95,0.111133270179987,0.222772277227723
"eir_1","IBM",1,102,0.111709286675639,0.049511665762344
"eir_1","IBM",1,109,0.108627314006287,0.222304933342356
"eir_1","IBM",1,116,0.10965,0.221839546191248
"eir_1","IBM",1,123,0.110186901838954,0.221540329107095
"eir_1","IBM",1,130,0.110670747002458,0.196699225328393
"eir_1","IBM",1,137,0.108351349992458,0.147058823529412
"eir_1","IBM",1,144,0.108234701586502,0.122228919697274
"eir_1","IBM",1,151,0.108872998287844,0.146684527796383
"eir_1","IBM",1,158,0.108736106221395,0.146449110605858
"eir_1","IBM",1,165,0.109444975595028,0.170777354454916
"eir_1","IBM",1,172,0.110686254779634,0.122040925504882
"eir_1","IBM",1,179,0.111910270596519,0.244638069705094
"eir_1","IBM",1,186,0.111295848448206,0.122499664384481
"eir_1","IBM",1,193,0.110321540167322,0.146881287726358
"eir_1","IBM",1,200,0.108390022675737,0.0490459553883365
"eir_1","IBM",1,207,0.108338374672313,0.244950003355479
"eir_1","IBM",1,214,0.108956276445698,0.122294444816726
"eir_1","IBM",1,221,0.109269521410579,0.146517695858701
"eir_1","IBM",1,228,0.108053623626651,0.146439317953862
"eir_1","IBM",1,235,0.109102842429444,0.195265480807811
"eir_1","IBM",1,242,0.109343434343434,0.194536975349767
"eir_1","IBM",1,249,0.110555302915467,0.339941458222459
"eir_1","IBM",1,256,0.110193953511926,0.170265227242436
"eir_1","IBM",1,263,0.111291550367927,0.145844432605221
"eir_1","IBM",1,270,0.111370439900553,0.145912452528483
"eir_1","IBM",1,277,0.109244976659225,0.170208513756579
"eir_1","IBM",1,284,0.11073417721519,0.12173159018143
"eir_1","IBM",1,291,0.110049539985846,0.170537978908023
"eir_1","IBM",1,298,0.110162211329527,0.194861528194862
"eir_1","IBM",1,305,0.109932302717995,0.121877921731
"eir_1","IBM",1,312,0.107856998586144,0.170651883515896
"eir_1","IBM",1,319,0.104721030042918,0.146576534368516
"eir_1","IBM",1,326,0.104187689202825,0.0980260507586948
"eir_1","IBM",1,333,0.103036712494335,0.146950278467423
"eir_1","IBM",1,340,0.10136737474141,0.12247500167774
"eir_1","IBM",1,347,0.102267562244331,0.146714008173109
"eir_1","IBM",1,354,0.102659869782466,0.0979011600616911
"eir_1","IBM",1,361,0.10328827920113,0.0978814695628855
"eir_1","IBM",1,365,0.104298801973221,0
"eir_3","IBM",1,4,0.235698393077874,0.310272673772314
"eir_3","IBM",1,11,0.237394439231567,0.453386506276151
"eir_3","IBM",1,18,0.239096112097888,0.310923268462093
"eir_3","IBM",1,25,0.239766948106453,0.479884301866947
"eir_3","IBM",1,32,0.237839436203243,0.504741209008297
"eir_3","IBM",1,39,0.235801192059504,0.26444049265626
"eir_3","IBM",1,46,0.234824202376843,0.312994722955145
"eir_3","IBM",1,53,0.232907143209755,0.577303281929616
"eir_3","IBM",1,60,0.234161275986371,0.288556558403057
"eir_3","IBM",1,67,0.235340572556762,0.553906043811032
"eir_3","IBM",1,74,0.232809721398933,0.410573678290214
"eir_3","IBM",1,81,0.230294350059265,0.459423650215303
"eir_3","IBM",1,88,0.230081942936124,0.434897729529357
"eir_3","IBM",1,95,0.229626338911101,0.508120649651972
"eir_3","IBM",1,102,0.230545418680343,0.387165208167595
"eir_3","IBM",1,109,0.232001972386588,0.386703747847967
"eir_3","IBM",1,116,0.232309285467725,0.386780581495463
"eir_3","IBM",1,123,0.231794922259398,0.314363323174771
"eir_3","IBM",1,130,0.232921851177888,0.434926519263869
"eir_3","IBM",1,137,0.231615120274914,0.459667263206734
"eir_3","IBM",1,144,0.231708513142409,0.411417583874818
"eir_3","IBM",1,151,0.232219827586207,0.339151788677242
"eir_3","IBM",1,158,0.232929758345179,0.290181529084404
"eir_3","IBM",1,165,0.22963362597479,0.484181203157127
"eir_3","IBM",1,172,0.22797648211661,0.339174299747776
"eir_3","IBM",1,179,0.230810652046211,0.509200823756062
"eir_3","IBM",1,186,0.22952823270594,0.436052299727882
"eir_3","IBM",1,193,0.228445747800587,0.557177938541183
"eir_3","IBM",1,200,0.233858344746625,0.412319755465479
"eir_3","IBM",1,207,0.234300817385346,0.412292358803987
"eir_3","IBM",1,214,0.236043956043956,0.364247222407025
"eir_3","IBM",1,221,0.232421588295738,0.242976967114898
"eir_3","IBM",1,228,0.228392341217374,0.51069358384969
"eir_3","IBM",1,235,0.23028313902224,0.485566050286018
"eir_3","IBM",1,242,0.230464159811986,0.339670300452007
"eir_3","IBM",1,249,0.233039647577093,0.461410512308716
"eir_3","IBM",1,256,0.236713559984369,0.340394351185718
"eir_3","IBM",1,263,0.238183684442055,0.364902692615303
"eir_3","IBM",1,270,0.236368966191128,0.340530454484873
"eir_3","IBM",1,277,0.235219574011795,0.485727593319582
"eir_3","IBM",1,284,0.234754610205874,0.388814913448735
"eir_3","IBM",1,291,0.236337932043095,0.388323691734823
"eir_3","IBM",1,298,0.234827082318558,0.339873628200865
"eir_3","IBM",1,305,0.237654621603195,0.510319573901465
"eir_3","IBM",1,312,0.235566382460414,0.339219330855019
"eir_3","IBM",1,319,0.234187701003801,0.266282000265287
"eir_3","IBM",1,326,0.231725752182182,0.26654716855872
"eir_3","IBM",1,333,0.229835761976705,0.387807955375523
"eir_3","IBM",1,340,0.226416934933177,0.290527991509684
"eir_3","IBM",1,347,0.229165651940967,0.314592587681496
"eir_3","IBM",1,354,0.229126024190402,0.338567547869873
"eir_3","IBM",1,361,0.230243569092595,0.386703747847967
"eir_3","IBM",1,365,0.233162393162393,0.169452181987001
"eir_10","IBM",1,4,0.421494167287168,0.986086721599352
"eir_10","IBM",1,11,0.421034363068379,1.10972231605973
"eir_10","IBM",1,18,0.416918429003021,1.10934756179927
"eir_10","IBM",1,25,0.413482032218092,1.0354609929078
"eir_10","IBM",1,32,0.408933174697601,1.10800053966541
"eir_10","IBM",1,39,0.411167261196988,0.809639040129058
"eir_10","IBM",1,46,0.412310286677909,0.980392156862745
"eir_10","IBM",1,53,0.412394645513138,1.39415667091067
"eir_10","IBM",1,60,0.411997820379452,1.22098079882251
"eir_10","IBM",1,67,0.408535075993861,1.19616104868914
"eir_10","IBM",1,74,0.406610261738657,1.02445870088212
"eir_10","IBM",1,81,0.408076409165141,1.12135176651306
"eir_10","IBM",1,88,0.410318559556787,1.16807787185812
"eir_10","IBM",1,95,0.411662960217445,1.04542729634317
"eir_10","IBM",1,102,0.41198243103193,0.874251497005988
"eir_10","IBM",1,109,0.411605339638442,1.38202471104026
"eir_10","IBM",1,116,0.412321340561853,1.23704146730463
"eir_10","IBM",1,123,0.413969755184474,0.826506826506827
"eir_10","IBM",1,130,0.414896755162242,1.12037902041906
"eir_10","IBM",1,137,0.41150464213784,0.805631730319042
"eir_10","IBM",1,144,0.412261326265155,1.00268006700168
"eir_10","IBM",1,151,0.418665097346869,0.808823529411765
"eir_10","IBM",1,158,0.417247130383597,0.808769220439132
"eir_10","IBM",1,165,0.416875030641761,1.22656092479333
"eir_10","IBM",1,172,0.419217395562956,1.02899718082964
"eir_10","IBM",1,179,0.421111982741714,1.22220733994107
"eir_10","IBM",1,186,0.417586189985778,1.00368879946345
"eir_10","IBM",1,193,0.420482930890924,0.661365009059795
"eir_10","IBM",1,200,0.421415643496551,1.02810006035812
"eir_10","IBM",1,207,0.416576647353432,0.929811624321244
"eir_10","IBM",1,214,0.416847077346979,1.15080163681492
"eir_10","IBM",1,221,0.419291338582677,0.736035491026417
"eir_10","IBM",1,228,0.418402008565943,0.858765797257327
"eir_10","IBM",1,235,0.418864947487796,0.783629654478363
"eir_10","IBM",1,242,0.415189125295508,1.02603574057961
"eir_10","IBM",1,249,0.413628065327873,0.681469627258785
"eir_10","IBM",1,256,0.410754810064134,0.824968423851625
"eir_10","IBM",1,263,0.412199448167127,1.21294696264788
"eir_10","IBM",1,270,0.408334973430427,1.06860070530308
"eir_10","IBM",1,277,0.408312838170192,0.947799454024902
"eir_10","IBM",1,284,0.413341215883338,1.23926502895946
"eir_10","IBM",1,291,0.416342603987202,0.754182496833967
"eir_10","IBM",1,298,0.412356392682807,1.04626358242784
"eir_10","IBM",1,305,0.407043851428008,0.99746717323202
"eir_10","IBM",1,312,0.403999012589484,1.11910951143105
"eir_10","IBM",1,319,0.408151152438421,1.07052393014265
"eir_10","IBM",1,326,0.406741906741907,0.898297193029134
"eir_10","IBM",1,333,0.405783443281583,0.969326782631789
"eir_10","IBM",1,340,0.407221863994842,0.944028118575502
"eir_10","IBM",1,347,0.409664801703223,1.13609271523179
"eir_10","IBM",1,354,0.410120696478037,1.28070175438596
"eir_10","IBM",1,361,0.412291996830428,0.940224570673712
"eir_10","IBM",1,365,0.414008321775312,0.845298749421028
"eir_50","IBM",1,4,0.668598084949669,2.27513404825737
"eir_50","IBM",1,11,0.667697139211934,2.15151718132494
"eir_50","IBM",1,18,0.664570333611753,2.37060595915634
"eir_50","IBM",1,25,0.662021077514035,2.32421744084724
"eir_50","IBM",1,32,0.66289860795735,2.22471533824514
"eir_50","IBM",1,39,0.660530990919858,2.2678380545163
"eir_50","IBM",1,46,0.660386688424072,2.26405655972787
"eir_50","IBM",1,53,0.665,2.09798155326828
"eir_50","IBM",1,60,0.668071393158156,2.72642390289449
"eir_50","IBM",1,67,0.669722497522299,2.11756468391571
"eir_50","IBM",1,74,0.673379296661872,2.01657458563536
"eir_50","IBM",1,81,0.670714179511325,2.45602931379081
"eir_50","IBM",1,88,0.672437673130194,2.1891243502599
"eir_50","IBM",1,95,0.67367639782286,2.62397656926047
"eir_50","IBM",1,102,0.674026038314935,2.29940318302387
"eir_50","IBM",1,109,0.679863244475275,2.34703347696387
"eir_50","IBM",1,116,0.685591035303451,2.35077352101454
"eir_50","IBM",1,123,0.685009675978763,2.42347785671602
"eir_50","IBM",1,130,0.686673954089238,2.17924903807881
"eir_50","IBM",1,137,0.684702141402097,2.35389934179908
"eir_50","IBM",1,144,0.68416087388282,2.06434227160822
"eir_50","IBM",1,151,0.684770186335404,2.14176168567047
"eir_50","IBM",1,158,0.693167701863354,2.55108833122545
"eir_50","IBM",1,165,0.693114069952305,2.13691703812122
"eir_50","IBM",1,172,0.690963257199603,2.06709307748684
"eir_50","IBM",1,179,0.688865713150576,2.50716905635212
"eir_50","IBM",1,186,0.686881741810409,2.38498466462195
"eir_50","IBM",1,193,0.688338134498858,2.72678762006403
"eir_50","IBM",1,200,0.68822216712125,1.969162115359
"eir_50","IBM",1,207,0.684051210797936,2.04481792717087
"eir_50","IBM",1,214,0.683332505833871,2.29298937378868
"eir_50","IBM",1,221,0.691102073207023,2.14361986118526
"eir_50","IBM",1,228,0.695727511262934,2.14190450786877
"eir_50","IBM",1,235,0.690557620817844,2.31274594810912
"eir_50","IBM",1,242,0.694766141458323,2.09182993469279
"eir_50","IBM",1,249,0.693440095489133,2.25968579416855
"eir_50","IBM",1,256,0.684014130056222,2.08723984307467
"eir_50","IBM",1,263,0.677422567473359,1.94058616335482
"eir_50","IBM",1,270,0.679793158313445,2.20624377283295
"eir_50","IBM",1,277,0.682373993438712,2.30413980995415
"eir_50","IBM",1,284,0.679303329529102,2.32994215040894
"eir_50","IBM",1,291,0.679779740053577,2.13082128167706
"eir_50","IBM",1,298,0.68392803896233,2.2730886444945
"eir_50","IBM",1,305,0.686446157672221,2.10117117713227
"eir_50","IBM",1,312,0.682536527184177,1.83429213780335
"eir_50","IBM",1,319,0.687692460514552,2.39304635761589
"eir_50","IBM",1,326,0.689161655816727,2.65999734994037
"eir_50","IBM",1,333,0.688223890242084,2.39146260754467
"eir_50","IBM",1,340,0.682091555246285,1.85891924069052
"eir_50","IBM",1,347,0.684111127677551,2.19240924092409
"eir_50","IBM",1,354,0.689005911868449,2.29074453326287
"eir_50","IBM",1,361,0.68694701262551,2.36058866231109
"eir_50","IBM",1,365,0.687760778859527,0.843345656192237
"eir_120","IBM",1,4,0.79432804018061,3.1926362896664
"eir_120","IBM",1,11,0.794305400749823,2.72351105684439
"eir_120","IBM",1,18,0.791466315736195,3.31009745533297
"eir_120","IBM",1,25,0.790445827640302,3.03406095830236
"eir_120","IBM",1,32,0.795675511444197,2.70406788793103
"eir_120","IBM",1,39,0.79518316130338,2.96887604194676
"eir_120","IBM",1,46,0.793892355298534,2.69589740146378
"eir_120","IBM",1,53,0.788791789452291,2.8742091802396
"eir_120","IBM",1,60,0.783845567691135,2.72736452372938
"eir_120","IBM",1,67,0.781774702350666,2.87614493534483
"eir_120","IBM",1,74,0.786412213740458,2.68273769386379
"eir_120","IBM",1,81,0.787353986795328,2.78625954198473
"eir_120","IBM",1,88,0.780476650236293,2.82964810570311
"eir_120","IBM",1,95,0.780371217899822,2.75527397721911
"eir_120","IBM",1,102,0.777320111873888,2.92590097675985
"eir_120","IBM",1,109,0.776281008540057,3.39511997843084
"eir_120","IBM",1,116,0.775444839857651,2.70607265619734
"eir_120","IBM",1,123,0.779411764705882,3.04801670146138
"eir_120","IBM",1,130,0.787955851686079,2.66959672549151
"eir_120","IBM",1,137,0.79205203780872,2.85996517546209
"eir_120","IBM",1,144,0.789866477128497,3.0563370846731
"eir_120","IBM",1,151,0.794235550819506,2.81428092524304
"eir_120","IBM",1,158,0.793140243902439,2.82336718907648
"eir_120","IBM",1,165,0.792730045754957,3.17220238496261
"eir_120","IBM",1,172,0.790431060837664,2.9760781671159
"eir_120","IBM",1,179,0.787722610603664,3.05459944658163
"eir_120","IBM",1,186,0.78748024672478,2.63938636210043
"eir_120","IBM",1,193,0.784038275563699,2.76664861938278
"eir_120","IBM",1,200,0.78366827779191,3.23620981387479
"eir_120","IBM",1,207,0.784205973642701,2.87031387702529
"eir_120","IBM",1,214,0.788474232038588,2.74920268711407
"eir_120","IBM",1,221,0.788092221940714,2.75387438825449
"eir_120","IBM",1,228,0.785121037172086,3.12580710935907
"eir_120","IBM",1,235,0.786126582278481,2.67471841498168
"eir_120","IBM",1,242,0.785301278149726,2.91980204731883
"eir_120","IBM",1,249,0.780731571203896,2.94334891915701
"eir_120","IBM",1,256,0.779100395096748,2.94175414832374
"eir_120","IBM",1,263,0.779474216380182,2.32216582064298
"eir_120","IBM",1,270,0.778299505200444,2.81796017878911
"eir_120","IBM",1,277,0.776724007466075,2.97150610583446
"eir_120","IBM",1,284,0.779400654746915,2.90036674816626
"eir_120","IBM",1,291,0.772486772486772,2.92654753006727
"eir_120","IBM",1,298,0.769486739941515,2.95114825383884
"eir_120","IBM",1,305,0.768695476778781,2.85214377930285
"eir_120","IBM",1,312,0.771961674230963,2.65337319111353
"eir_120","IBM",1,319,0.767231809466142,2.8490463585149
"eir_120","IBM",1,326,0.775049264817341,2.90253517297628
"eir_120","IBM",1,333,0.781866963652931,3.19762308998302
"eir_120","IBM",1,340,0.788140734000607,3.04910350448248
"eir_120","IBM",1,347,0.792595964193597,3.17132772196579
"eir_120","IBM",1,354,0.789021431459765,2.92654753006727
"eir_120","IBM",1,361,0.788069786204115,3.31638188228912
"eir_120","IBM",1,365,0.789213958406768,1.21204933586338
"seasonal","IBM",1,4,0.630942091616249,0.493076663289429
"seasonal","IBM",1,11,0.608543096872616,0.221764666171606
"seasonal","IBM",1,18,0.589584498804862,0.073976489663559
"seasonal","IBM",1,25,0.56960480138345,0.0492710583153348
"seasonal","IBM",1,32,0.549525308422602,0.0246571640883605
"seasonal","IBM",1,39,0.529974554707379,0
"seasonal","IBM",1,46,0.516471188169301,0
"seasonal","IBM",1,53,0.496632996632997,0
"seasonal","IBM",1,60,0.479106076840655,0
"seasonal","IBM",1,67,0.463387195745551,0
"seasonal","IBM",1,74,0.45017884517118,0
"seasonal","IBM",1,81,0.43494480784955,0
"seasonal","IBM",1,88,0.418805603844974,0
"seasonal","IBM",1,95,0.402592744414839,0
"seasonal","IBM",1,102,0.38443806986989,0.0491317808587966
"seasonal","IBM",1,109,0.372100168996774,0.0492378254417915
"seasonal","IBM",1,116,0.357903357903358,0
"seasonal","IBM",1,123,0.34478521325073,0
"seasonal","IBM",1,130,0.333931133428981,0.0492610837438424
"seasonal","IBM",1,137,0.326699153629136,0.147753339630279
"seasonal","IBM",1,144,0.322661741316505,0.468612744104331
"seasonal","IBM",1,151,0.322974985874981,0.418662708319277
"seasonal","IBM",1,158,0.33028841219337,0.985687280583311
"seasonal","IBM",1,165,0.339176790199395,1.08660351826793
"seasonal","IBM",1,172,0.353109949789937,0.965346534653465
"seasonal","IBM",1,179,0.363049823339649,1.43613052031748
"seasonal","IBM",1,186,0.375716332378224,1.46039603960396
"seasonal","IBM",1,193,0.38569238630557,1.45960417513895
"seasonal","IBM",1,200,0.393665850673195,1.38604461924459
"seasonal","IBM",1,207,0.403597268928972,1.56152383539318
"seasonal","IBM",1,214,0.416896094626287,1.95544554455446
"seasonal","IBM",1,221,0.428884695802948,1.85769543973941
"seasonal","IBM",1,228,0.441594860551675,1.96263272529268
"seasonal","IBM",1,235,0.459463593718132,2.33496665305567
"seasonal","IBM",1,242,0.477917579338801,2.45849775479657
"seasonal","IBM",1,249,0.495869033047736,2.73650490730643
"seasonal","IBM",1,256,0.521408522582291,3.13732178184051
"seasonal","IBM",1,263,0.547636066578168,2.88970788970789
"seasonal","IBM",1,270,0.561225011503656,3.56061122859677
"seasonal","IBM",1,277,0.579867143587123,4.15309668188322
"seasonal","IBM",1,284,0.600061355966868,3.57429445766746
"seasonal","IBM",1,291,0.619006192108899,4.15785191212368
"seasonal","IBM",1,298,0.63488812656802,4.07255883148499
"seasonal","IBM",1,305,0.649050033287243,4.16480993855918
"seasonal","IBM",1,312,0.660608232643867,3.94274912233324
"seasonal","IBM",1,319,0.67150179395182,3.4231833209635
"seasonal","IBM",1,326,0.672034764826176,3.46099529253531
"seasonal","IBM",1,333,0.667346730592676,2.9131455399061
"seasonal","IBM",1,340,0.669247618562478,2.47299926209163
"seasonal","IBM",1,347,0.666751488625375,2.2296435523931
"seasonal","IBM",1,354,0.659709849834563,1.24974823766365
"seasonal","IBM",1,361,0.645762280478493,0.783997852060679
"seasonal","IBM",1,365,0.638085030367989,0.342401500938086
"eir_1","IBM",2,4,0.112460795539404,0.124649955604125
"eir_1","IBM",2,11,0.113035687621323,0.124344212032432
"eir_1","IBM",2,18,0.112991538078646,0.173703174926916
"eir_1","IBM",2,25,0.112814895947426,0.0495923913043478
"eir_1","IBM",2,32,0.110408995919992,0.123804355199783
"eir_1","IBM",2,39,0.109916367980884,0.0989964740981828
"eir_1","IBM",2,46,0.11018721370245,0.1731733767114
"eir_1","IBM",2,53,0.108819875776398,0.0991376383513275
"eir_1","IBM",2,60,0.109050223769269,0.0989763405870788
"eir_1","IBM",2,67,0.108487048177795,0.148083034687944
"eir_1","IBM",2,74,0.110746595088975,0.123745592622729
"eir_1","IBM",2,81,0.108808032607615,0.0248265542103115
"eir_1","IBM",2,88,0.109011338770639,0.248722316865417
"eir_1","IBM",2,95,0.106687898089172,0.124099007207942
"eir_1","IBM",2,102,0.107181935740575,0.124023105674482
"eir_1","IBM",2,109,0.106135822081017,0.198923632400027
"eir_1","IBM",2,116,0.106010223832448,0.0994957066921085
"eir_1","IBM",2,123,0.105450764889351,0.24831621198721
"eir_1","IBM",2,130,0.10647026839998,0.0495890224848855
"eir_1","IBM",2,137,0.108260697305864,0.148313693620479
"eir_1","IBM",2,144,0.10744907568023,0.148534997287032
"eir_1","IBM",2,151,0.109162083147515,0.148666078338198
"eir_1","IBM",2,158,0.109942970493429,0.173114709668677
"eir_1","IBM",2,165,0.110367395507958,0.222802495930548
"eir_1","IBM",2,172,0.114904825803886,0.173091253980083
"eir_1","IBM",2,179,0.113663484486874,0.173420213126994
"eir_1","IBM",2,186,0.112298136645963,0.149020141535112
"eir_1","IBM",2,193,0.110022869643035,0.17397521448999
"eir_1","IBM",2,200,0.110458459853651,0.149141923181694
"eir_1","IBM",2,207,0.110773219003938,0.27296213202801
"eir_1","IBM",2,214,0.110414801551776,0.0742775742775743
"eir_1","IBM",2,221,0.108890214797136,0.17324382967182
"eir_1","IBM",2,228,0.108101391650099,0.0744796626309346
"eir_1","IBM",2,235,0.106983212476408,0.149253731343284
"eir_1","IBM",2,242,0.107839729904176,0.148959325261869
"eir_1","IBM",2,249,0.10862651560326,0.14916223947691
"eir_1","IBM",2,256,0.107375865331939,0.149243560038163
"eir_1","IBM",2,263,0.105801366788048,0.0993467610234077
"eir_1","IBM",2,270,0.106671993607671,0.223211252293266
"eir_1","IBM",2,277,0.109382014065539,0.149081007488087
"eir_1","IBM",2,284,0.107454935836621,0.124217261094473
"eir_1","IBM",2,291,0.103892215568862,0.0496193583469277
"eir_1","IBM",2,298,0.102518075292944,0.123997825791548
"eir_1","IBM",2,305,0.102857711839092,0.124099007207942
"eir_1","IBM",2,312,0.104538450067107,0.0744442178258209
"eir_1","IBM",2,319,0.10254115072853,0.0992454625790225
"eir_1","IBM",2,326,0.102892295480478,0.174176835503443
"eir_1","IBM",2,333,0.103477313255399,0.17420058635031
"eir_1","IBM",2,340,0.101944637364818,0.149010002041233
"eir_1","IBM",2,347,0.102041830195241,0.148333784882146
"eir_1","IBM",2,354,0.102279514234521,0.0494278556435778
"eir_1","IBM",2,361,0.100069596341221,0.123594744683733
"eir_1","IBM",2,365,0.100278551532033,0.346299810246679
"eir_3","IBM",2,4,0.240392234548336,0.365146058423369
"eir_3","IBM",2,11,0.23814708502425,0.413887406616862
"eir_3","IBM",2,18,0.237701672770464,0.414191308991389
"eir_3","IBM",2,25,0.23857716922161,0.413501266160203
"eir_3","IBM",2,32,0.236958356082791,0.339692880409493
"eir_3","IBM",2,39,0.229318644236018,0.533058948486458
"eir_3","IBM",2,46,0.230616696410867,0.266352660209632
"eir_3","IBM",2,53,0.230189053738897,0.338567547869873
"eir_3","IBM",2,60,0.228817354097219,0.409922705952302
"eir_3","IBM",2,67,0.232075283808006,0.38575863663386
"eir_3","IBM",2,74,0.232930528619026,0.602429523998151
"eir_3","IBM",2,81,0.230032266070985,0.481657429400897
"eir_3","IBM",2,88,0.231501686173378,0.312602938269978
"eir_3","IBM",2,95,0.232525882994006,0.336604966734734
"eir_3","IBM",2,102,0.232897732897733,0.192802905249257
"eir_3","IBM",2,109,0.232882815980989,0.265139008122565
"eir_3","IBM",2,116,0.231656599663333,0.360671936758893
"eir_3","IBM",2,123,0.227439145062339,0.409004020829214
"eir_3","IBM",2,130,0.228601097759976,0.360957278481013
"eir_3","IBM",2,137,0.229806598407281,0.409273794604578
"eir_3","IBM",2,144,0.231372742524425,0.55284820546592
"eir_3","IBM",2,151,0.235456381459041,0.481117774995057
"eir_3","IBM",2,158,0.234210267021381,0.360790774299835
"eir_3","IBM",2,165,0.231969674592625,0.4578162133615
"eir_3","IBM",2,172,0.232428978669026,0.289242554315525
"eir_3","IBM",2,179,0.236302042419482,0.433205855202426
"eir_3","IBM",2,186,0.236994219653179,0.432379072063179
"eir_3","IBM",2,193,0.240920215369555,0.505140371688414
"eir_3","IBM",2,200,0.244245963586396,0.457665148815416
"eir_3","IBM",2,207,0.24629793076395,0.360767000527148
"eir_3","IBM",2,214,0.24451732915606,0.264597337551074
"eir_3","IBM",2,221,0.24417411695735,0.480674260881017
"eir_3","IBM",2,228,0.242082662372517,0.599146421536441
"eir_3","IBM",2,235,0.245479425276122,0.359700413901846
"eir_3","IBM",2,242,0.244096797848937,0.432123125493291
"eir_3","IBM",2,249,0.243906013384788,0.576923076923077
"eir_3","IBM",2,256,0.244064484611627,0.408815390697062
"eir_3","IBM",2,263,0.240495180310222,0.481498581887738
"eir_3","IBM",2,270,0.237142158062148,0.362127124809842
"eir_3","IBM",2,277,0.235178929847751,0.289931819686238
"eir_3","IBM",2,284,0.233212607674237,0.55573944128161
"eir_3","IBM",2,291,0.231816623402067,0.410845527378667
"eir_3","IBM",2,298,0.231638141809291,0.338747099767981
"eir_3","IBM",2,305,0.229536236133509,0.265577457335626
"eir_3","IBM",2,312,0.230675146771037,0.386294483397275
"eir_3","IBM",2,319,0.22695903284225,0.314342497515734
"eir_3","IBM",2,326,0.227673325499412,0.508423985141947
"eir_3","IBM",2,333,0.227658218540125,0.290239215426413
"eir_3","IBM",2,340,0.228835978835979,0.435878723545412
"eir_3","IBM",2,347,0.230049936355625,0.435618618220395
"eir_3","IBM",2,354,0.232040406021674,0.533058948486458
"eir_3","IBM",2,361,0.234850340469309,0.437038515266414
"eir_3","IBM",2,365,0.238095238095238,0
"eir_10","IBM",2,4,0.423901738398296,1.22073578595318
"eir_10","IBM",2,11,0.423406468228419,1.05132233568997
"eir_10","IBM",2,18,0.421451948824755,0.884471805619228
"eir_10","IBM",2,25,0.417825223435948,0.669724770642202
"eir_10","IBM",2,32,0.413423883408516,1.26877418508559
"eir_10","IBM",2,39,0.416361113863839,0.838254593175853
"eir_10","IBM",2,46,0.417001040273443,1.09968561697668
"eir_10","IBM",2,53,0.415105560511448,0.859947643979057
"eir_10","IBM",2,60,0.413931780944342,0.977785037569422
"eir_10","IBM",2,67,0.41358423117025,1.14226105098448
"eir_10","IBM",2,74,0.414574858616926,1.21309872922776
"eir_10","IBM",2,81,0.411753037441111,1.1652224900645
"eir_10","IBM",2,88,0.405966598939492,1.23704620999804
"eir_10","IBM",2,95,0.404157158448259,1.0682232049948
"eir_10","IBM",2,102,0.408438149945528,0.877346845968947
"eir_10","IBM",2,109,0.411811218186311,0.972637462628363
"eir_10","IBM",2,116,0.417585678255279,1.25616883116883
"eir_10","IBM",2,123,0.418482567353407,0.662560777957861
"eir_10","IBM",2,130,0.415994057935132,0.898141552807097
"eir_10","IBM",2,137,0.415779307612303,1.03914590747331
"eir_10","IBM",2,144,0.414634146341463,1.10992494824017
"eir_10","IBM",2,151,0.420425785320828,0.942300245256228
"eir_10","IBM",2,158,0.417386984600099,0.871965392561983
"eir_10","IBM",2,165,0.421305944229433,0.70750145377011
"eir_10","IBM",2,172,0.422762211753037,1.15394541583328
"eir_10","IBM",2,179,0.428762376237624,0.989734650397056
"eir_10","IBM",2,186,0.428783750309636,0.918742739124822
"eir_10","IBM",2,193,0.426605277488985,0.896574014221073
"eir_10","IBM",2,200,0.421606922126082,1.08813998703824
"eir_10","IBM",2,207,0.419027839588587,1.20376357992757
"eir_10","IBM",2,214,0.420660013832625,0.992489965039493
"eir_10","IBM",2,221,0.423215787130916,1.1106435323061
"eir_10","IBM",2,228,0.427268220128904,1.32331995338599
"eir_10","IBM",2,235,0.423302223987292,1.03907867494824
"eir_10","IBM",2,242,0.425280508390428,0.944433663238243
"eir_10","IBM",2,249,0.42516247457459,1.18306754829509
"eir_10","IBM",2,256,0.422964322929589,0.899364544157697
"eir_10","IBM",2,263,0.419449123154662,0.875583506224066
"eir_10","IBM",2,270,0.417257624597074,1.13522970258537
"eir_10","IBM",2,277,0.42026396745063,1.30137430312459
"eir_10","IBM",2,284,0.42288064212456,1.18391177424586
"eir_10","IBM",2,291,0.423649952977281,0.80746958162535
"eir_10","IBM",2,298,0.424810727893513,0.901937833268305
"eir_10","IBM",2,305,0.427232142857143,0.736318084206416
"eir_10","IBM",2,312,0.42374565325385,0.734215819868925
"eir_10","IBM",2,319,0.423417155352351,0.780116580310881
"eir_10","IBM",2,326,0.423588369554431,1.18176520106197
"eir_10","IBM",2,333,0.427177251560487,1.25283336571466
"eir_10","IBM",2,340,0.430768469983187,0.82766439909297
"eir_10","IBM",2,347,0.426823832400575,0.780622164614388
"eir_10","IBM",2,354,0.424617517453087,0.99274705349048
"eir_10","IBM",2,361,0.423869532987398,1.25340158092523
"eir_10","IBM",2,365,0.422691110342442,1.16030881017257
"eir_50","IBM",2,4,0.68969881042774,1.95066803699897
"eir_50","IBM",2,11,0.694686676130602,2.02430674426566
"eir_50","IBM",2,18,0.69659788064696,2.29293274155002
"eir_50","IBM",2,25,0.69568297990789,2.49351004235551
"eir_50","IBM",2,32,0.693246253543945,2.62625916535325
"eir_50","IBM",2,39,0.689788053949904,2.5994658631788
"eir_50","IBM",2,46,0.688045021293855,2.24969182303794
"eir_50","IBM",2,53,0.690208016235414,1.84431546602936
"eir_50","IBM",2,60,0.687601296596434,2.31611626637555
"eir_50","IBM",2,67,0.696911392405063,2.71829734900246
"eir_50","IBM",2,74,0.69715066551951,2.12223818318626
"eir_50","IBM",2,81,0.694434615579032,2.64257905880746
"eir_50","IBM",2,88,0.692868350458065,2.09197598253275
"eir_50","IBM",2,95,0.687515826791593,2.32356766376891
"eir_50","IBM",2,102,0.688284730660186,2.5222359058566
"eir_50","IBM",2,109,0.690935805846887,2.47026251025431
"eir_50","IBM",2,116,0.692670077503673,2.19729101108223
"eir_50","IBM",2,123,0.702567218593346,2.64619383079133
"eir_50","IBM",2,130,0.698334767424204,2.47144518158813
"eir_50","IBM",2,137,0.703336703741153,2.54511894995898
"eir_50","IBM",2,144,0.704932101569993,2.2704901223597
"eir_50","IBM",2,151,0.702287384119307,2.07230316711129
"eir_50","IBM",2,158,0.701516602005341,1.89364461738003
"eir_50","IBM",2,165,0.69777509312393,2.26831933346992
"eir_50","IBM",2,172,0.696070044784381,2.5886524822695
"eir_50","IBM",2,179,0.690582959641256,2.46403000340948
"eir_50","IBM",2,186,0.690171370967742,2.23773841961853
"eir_50","IBM",2,193,0.6881931841097,2.47743161609991
"eir_50","IBM",2,200,0.688710653753027,2.31949702541915
"eir_50","IBM",2,207,0.693473663007352,2.59022708840227
"eir_50","IBM",2,214,0.695614919354839,2.36676798378926
"eir_50","IBM",2,221,0.692071482506922,2.11451667228023
"eir_50","IBM",2,228,0.694361868292437,2.08767916021802
"eir_50","IBM",2,235,0.692524540649383,2.2881698685541
"eir_50","IBM",2,242,0.690590192026612,2.58376592732421
"eir_50","IBM",2,249,0.696030588116919,2.38225003364285
"eir_50","IBM",2,256,0.69677906391545,2.74307186472522
"eir_50","IBM",2,263,0.695674069597623,2.15425888665325
"eir_50","IBM",2,270,0.692416225749559,2.00589772803431
"eir_50","IBM",2,277,0.6891204752555,2.15267073252463
"eir_50","IBM",2,284,0.684777682662773,2.39954383846515
"eir_50","IBM",2,291,0.684372477804681,2.32126121301379
"eir_50","IBM",2,298,0.682691822630278,2.24390243902439
"eir_50","IBM",2,305,0.685181451612903,2.58726762070349
"eir_50","IBM",2,312,0.685298120054433,2.56543275989022
"eir_50","IBM",2,319,0.683569162596304,2.80337941628264
"eir_50","IBM",2,326,0.685084541062802,2.555
"eir_50","IBM",2,333,0.686279444332595,2.6050560298826
"eir_50","IBM",2,340,0.681497175141243,2.23583460949464
"eir_50","IBM",2,347,0.689421863165867,2.13365218546566
"eir_50","IBM",2,354,0.685960839725474,2.57418496340652
"eir_50","IBM",2,361,0.690714897475943,2.45586569848778
"eir_50","IBM",2,365,0.679478138222849,2.21728971962617
"eir_120","IBM",2,4,0.785773326202169,2.86605080831409
"eir_120","IBM",2,11,0.784061071671691,2.93849808631384
"eir_120","IBM",2,18,0.787355202959214,2.98647311118443
"eir_120","IBM",2,25,0.788426851265051,2.54925215787046
"eir_120","IBM",2,32,0.789951219512195,2.66318280418063
"eir_120","IBM",2,39,0.786138999902525,2.44211216792391
"eir_120","IBM",2,46,0.7846971618063,2.67679413305396
"eir_120","IBM",2,53,0.786430448749148,3.3743115656963
"eir_120","IBM",2,60,0.790229885057471,2.97215655371684
"eir_120","IBM",2,67,0.785126381921784,2.7796743697479
"eir_120","IBM",2,74,0.786727555382822,3.30533499573463
"eir_120","IBM",2,81,0.786491739552964,2.82093266963584
"eir_120","IBM",2,88,0.783712784588441,2.66927848514528
"eir_120","IBM",2,95,0.781910232693993,3.02479608482871
"eir_120","IBM",2,102,0.788145911459602,3.21785411088617
"eir_120","IBM",2,109,0.782756941061861,3.07283169092214
"eir_120","IBM",2,116,0.787819636931486,2.39491976872604
"eir_120","IBM",2,123,0.793276492082826,2.91053484602917
"eir_120","IBM",2,130,0.780732027414572,2.48863636363636
"eir_120","IBM",2,137,0.776818622696411,3.10910982508616
"eir_120","IBM",2,144,0.781228768319907,3.27758979698074
"eir_120","IBM",2,151,0.782260413632391,2.75346296416726
"eir_120","IBM",2,158,0.780861801242236,2.48476400414938
"eir_120","IBM",2,165,0.78482671585283,2.57724946556973
"eir_120","IBM",2,172,0.781680206255777,2.552943462211
"eir_120","IBM",2,179,0.781240868802961,2.61944785672723
"eir_120","IBM",2,186,0.788261696833683,2.59803287174841
"eir_120","IBM",2,193,0.788762620104375,2.50291111398629
"eir_120","IBM",2,200,0.785257505491823,3.01847783951415
"eir_120","IBM",2,207,0.786031746031746,2.87568614788505
"eir_120","IBM",2,214,0.787106519832375,2.64014466546112
"eir_120","IBM",2,221,0.785145759070267,2.91811734364926
"eir_120","IBM",2,228,0.78478356351569,2.77727624451896
"eir_120","IBM",2,235,0.783353673419575,2.78158098682511
"eir_120","IBM",2,242,0.781182900644154,2.33671753750647
"eir_120","IBM",2,249,0.786296820823363,2.71366692526506
"eir_120","IBM",2,256,0.784664942164088,2.69215838509317
"eir_120","IBM",2,263,0.78488059774381,2.62402849740933
"eir_120","IBM",2,270,0.77897824492789,2.69128775629002
"eir_120","IBM",2,277,0.77992277992278,2.90563717558734
"eir_120","IBM",2,284,0.778500831783932,2.90695415695416
"eir_120","IBM",2,291,0.777832126785365,2.50372096033133
"eir_120","IBM",2,298,0.77715904650254,2.57308239555038
"eir_120","IBM",2,305,0.780146341463415,3.0982310633059
"eir_120","IBM",2,312,0.77793466088904,2.63666536509176
"eir_120","IBM",2,319,0.773834411006855,3.25151180180766
"eir_120","IBM",2,326,0.77761012411779,2.5866328587218
"eir_120","IBM",2,333,0.779600778967868,2.77973052138254
"eir_120","IBM",2,340,0.785108663872917,3.04463994786575
"eir_120","IBM",2,347,0.786975609756098,2.92628079780993
"eir_120","IBM",2,354,0.786403038862375,2.80805841700352
"eir_120","IBM",2,361,0.791092052044247,3.07885960897142
"eir_120","IBM",2,365,0.798227675528289,3.51122308749427
"seasonal","IBM",2,4,0.61808996405324,0.346018418201517
"seasonal","IBM",2,11,0.596417127876493,0.148625721072277
"seasonal","IBM",2,18,0.576103870842249,0.0743229484829974
"seasonal","IBM",2,25,0.55631233276575,0.0248012502548074
"seasonal","IBM",2,32,0.541227857316185,0
"seasonal","IBM",2,39,0.522451750557657,0
"seasonal","IBM",2,46,0.50751770297798,0.0247844095878319
"seasonal","IBM",2,53,0.490298797050834,0
"seasonal","IBM",2,60,0.469290804207669,0
"seasonal","IBM",2,67,0.454337899543379,0
"seasonal","IBM",2,74,0.438330817548814,0
"seasonal","IBM",2,81,0.424623482965346,0
"seasonal","IBM",2,88,0.409361868464771,0
"seasonal","IBM",2,95,0.393045774647887,0
"seasonal","IBM",2,102,0.378334720250624,0
"seasonal","IBM",2,109,0.364953499755262,0.0248282429766683
"seasonal","IBM",2,116,0.348973894303766,0.0248468345813479
"seasonal","IBM",2,123,0.336125808348031,0
"seasonal","IBM",2,130,0.324938755512004,0.124284935984745
"seasonal","IBM",2,137,0.320386445000245,0.273687798227676
"seasonal","IBM",2,144,0.313416009019166,0.423029724570494
"seasonal","IBM",2,151,0.310945395672865,0.423145117294053
"seasonal","IBM",2,158,0.316415270476097,0.673707957342084
"seasonal","IBM",2,165,0.328704612365064,0.998632010943912
"seasonal","IBM",2,172,0.343745395609253,1.39703369557788
"seasonal","IBM",2,179,0.358305068082387,1.24709580429138
"seasonal","IBM",2,186,0.375878853434289,1.47278074134865
"seasonal","IBM",2,193,0.39314139726835,1.49805048224913
"seasonal","IBM",2,200,0.410681851651858,1.59759266858159
"seasonal","IBM",2,207,0.429161138139466,1.62233315098468
"seasonal","IBM",2,214,0.444941720356071,2.07032050843983
"seasonal","IBM",2,221,0.458199911325681,1.92013390722143
"seasonal","IBM",2,228,0.466979038224414,1.92065878493815
"seasonal","IBM",2,235,0.486606482166642,2.14749948689882
"seasonal","IBM",2,242,0.498989301385397,2.52673063742289
"seasonal","IBM",2,249,0.512920406351711,3.22676809210526
"seasonal","IBM",2,256,0.528143653495141,3.07900692682258
"seasonal","IBM",2,263,0.549162921625759,3.63096871569704
"seasonal","IBM",2,270,0.566475701303832,3.77888241343846
"seasonal","IBM",2,277,0.585805815672745,4.15455293472298
"seasonal","IBM",2,284,0.603536597379569,4.16283064239093
"seasonal","IBM",2,291,0.626015859725164,4.95441146226092
"seasonal","IBM",2,298,0.641349378575656,4.04252409926848
"seasonal","IBM",2,305,0.647018201548858,4.35977066411849
"seasonal","IBM",2,312,0.664050932780574,3.87478734263355
"seasonal","IBM",2,319,0.670274812178727,3.87584235246069
"seasonal","IBM",2,326,0.671131982204647,3.35615038823049
"seasonal","IBM",2,333,0.669582406721028,2.78835004433531
"seasonal","IBM",2,340,0.664179104477612,2.5459891951036
"seasonal","IBM",2,347,0.661731319711776,1.72016938733693
"seasonal","IBM",2,354,0.655378093266292,1.29609396339798
"seasonal","IBM",2,361,0.645026332627849,0.946370087336244
"seasonal","IBM",2,365,0.634860489149156,0.17439082656474
"eir_1","IBM",3,4,0.105588791736974,0.226286422814631
"eir_1","IBM",3,11,0.105373378281745,0.201393199531002
"eir_1","IBM",3,18,0.106344996429664,0.202090110042217
"eir_1","IBM",3,25,0.10697176638467,0.252630121816168
"eir_1","IBM",3,32,0.108102605863192,0.252665097604873
"eir_1","IBM",3,39,0.109098310604519,0.101031070514151
"eir_1","IBM",3,46,0.108058608058608,0.252682589131187
"eir_1","IBM",3,53,0.108399979624064,0.15196724724169
"eir_1","IBM",3,60,0.108313369692645,0.177603225357987
"eir_1","IBM",3,67,0.107337440806558,0.0760416666666667
"eir_1","IBM",3,74,0.108009153318078,0.202791860545871
"eir_1","IBM",3,81,0.107360715738105,0.203271841280891
"eir_1","IBM",3,88,0.105142799064946,0.126938860680253
"eir_1","IBM",3,95,0.104653525706157,0.304251180883579
"eir_1","IBM",3,102,0.104698464354724,0.152178444861372
"eir_1","IBM",3,109,0.106004372362601,0.101395930272936
"eir_1","IBM",3,116,0.106955947360398,0.152294853963839
"eir_1","IBM",3,123,0.107966670053856,0.101536963627512
"eir_1","IBM",3,130,0.107006757786698,0.152009439855626
"eir_1","IBM",3,137,0.106874110229815,0.0759098786828423
"eir_1","IBM",3,144,0.107584312528613,0.151893466500208
"eir_1","IBM",3,151,0.109804520464264,0.126446338252616
"eir_1","IBM",3,158,0.111490271977182,0.126306318776386
"eir_1","IBM",3,165,0.111398832190911,0.151609553478712
"eir_1","IBM",3,172,0.115593719831309,0.151725093529167
"eir_1","IBM",3,179,0.115902964959569,0.126323804250017
"eir_1","IBM",3,186,0.116345322277051,0.101010101010101
"eir_1","IBM",3,193,0.113915034342407,0.100926309968201
"eir_1","IBM",3,200,0.113563545745817,0.176049059463929
"eir_1","IBM",3,207,0.112547064210848,0.201379310344828
"eir_1","IBM",3,214,0.11450848494114,0.226473629782833
"eir_1","IBM",3,221,0.114906832298137,0.175964187327824
"eir_1","IBM",3,228,0.116145436053903,0.0754651964162646
"eir_1","IBM",3,235,0.117670947763846,0.175988428158149
"eir_1","IBM",3,242,0.119239543726236,0.201185062698085
"eir_1","IBM",3,249,0.119722236301891,0.226130653266332
"eir_1","IBM",3,256,0.119000557498353,0.150982419855222
"eir_1","IBM",3,263,0.117975531752881,0.0251863096881038
"eir_1","IBM",3,270,0.117049895944368,0.126044616340908
"eir_1","IBM",3,277,0.117244178377556,0.20214607130495
"eir_1","IBM",3,284,0.118909072509234,0.25350743158772
"eir_1","IBM",3,291,0.119625221575082,0.177776231561369
"eir_1","IBM",3,298,0.119179123384849,0.152422048997773
"eir_1","IBM",3,305,0.117581470782018,0.254834880960693
"eir_1","IBM",3,312,0.117957567759618,0.102069351230425
"eir_1","IBM",3,319,0.115844050221115,0.102112183522171
"eir_1","IBM",3,326,0.116694584031267,0.178934099026542
"eir_1","IBM",3,333,0.118438420144177,0.153307665383269
"eir_1","IBM",3,340,0.119632057732378,0.152815574628428
"eir_1","IBM",3,347,0.117123531505874,0.178135675939483
"eir_1","IBM",3,354,0.119605048859935,0.20355524573022
"eir_1","IBM",3,361,0.119185750636132,0.12747083886289
"eir_1","IBM",3,365,0.121482009262558,0
"eir_3","IBM",3,4,0.246459471216589,0.314384151593454
"eir_3","IBM",3,11,0.245949214026602,0.483475726869329
"eir_3","IBM",3,18,0.246829929338883,0.3870112657389
"eir_3","IBM",3,25,0.250121065375303,0.242090601578563
"eir_3","IBM",3,32,0.249782166715074,0.435791987264526
"eir_3","IBM",3,39,0.250314282951359,0.483155734992389
"eir_3","IBM",3,46,0.252307989753009,0.70015875115756
"eir_3","IBM",3,53,0.24809234038443,0.409652076318743
"eir_3","IBM",3,60,0.248561342424682,0.361792109958369
"eir_3","IBM",3,67,0.248053016011222,0.457665148815416
"eir_3","IBM",3,74,0.248741773132017,0.361362286317735
"eir_3","IBM",3,81,0.249140310941057,0.480737569970365
"eir_3","IBM",3,88,0.252810622213607,0.577455504284773
"eir_3","IBM",3,95,0.254238109076819,0.361123936415804
"eir_3","IBM",3,102,0.251876240739844,0.482070923859209
"eir_3","IBM",3,109,0.251245586030088,0.26533174729051
"eir_3","IBM",3,116,0.251088323498114,0.43412184485265
"eir_3","IBM",3,123,0.25231884057971,0.362582781456954
"eir_3","IBM",3,130,0.251871167125404,0.581943798578356
"eir_3","IBM",3,137,0.248359706676959,0.38827205637923
"eir_3","IBM",3,144,0.247337221070895,0.364029255319149
"eir_3","IBM",3,151,0.248724612570989,0.583028286189684
"eir_3","IBM",3,158,0.250301306464832,0.509742634834076
"eir_3","IBM",3,165,0.250929278300748,0.437125748502994
"eir_3","IBM",3,172,0.250882196548557,0.413280937791395
"eir_3","IBM",3,179,0.24922660479505,0.557659093928524
"eir_3","IBM",3,186,0.25185685347738,0.581325900856062
"eir_3","IBM",3,193,0.253105440539239,0.339692880409493
"eir_3","IBM",3,200,0.252234073219948,0.339580010632642
"eir_3","IBM",3,207,0.251910598413843,0.435849807615762
"eir_3","IBM",3,214,0.249723756906077,0.411581321305386
"eir_3","IBM",3,221,0.253933124849651,0.411690552016985
"eir_3","IBM",3,228,0.254013402111556,0.387447754262589
"eir_3","IBM",3,235,0.255847531042449,0.678934431674749
"eir_3","IBM",3,242,0.255590286126473,0.33910677549937
"eir_3","IBM",3,249,0.257424315233061,0.580401510634069
"eir_3","IBM",3,256,0.260054778722791,0.507716764920183
"eir_3","IBM",3,263,0.259463873943121,0.411444864398913
"eir_3","IBM",3,270,0.261281176414052,0.484213319182807
"eir_3","IBM",3,277,0.257924864110828,0.459789166611417
"eir_3","IBM",3,284,0.255901158598144,0.411717868754562
"eir_3","IBM",3,291,0.255650668462056,0.363159989387105
"eir_3","IBM",3,298,0.256141531657132,0.555592322964924
"eir_3","IBM",3,305,0.259910624189131,0.507179249652617
"eir_3","IBM",3,312,0.259627388840872,0.555224867724868
"eir_3","IBM",3,319,0.260938399539436,0.531436135009927
"eir_3","IBM",3,326,0.258838202139397,0.507683136839316
"eir_3","IBM",3,333,0.257368799424874,0.411117736699132
"eir_3","IBM",3,340,0.259305329633528,0.435820895522388
"eir_3","IBM",3,347,0.264648297598013,0.604064610088706
"eir_3","IBM",3,354,0.261203646255906,0.507212811011117
"eir_3","IBM",3,361,0.261335492474757,0.43535882313962
"eir_3","IBM",3,365,0.264402264402264,0.675925925925926
"eir_10","IBM",3,4,0.42027712724434,0.965982442550994
"eir_10","IBM",3,11,0.423110677718186,1.34269119070668
"eir_10","IBM",3,18,0.418301610541728,1.22530664945126
"eir_10","IBM",3,25,0.418978885258692,0.966543951430601
"eir_10","IBM",3,32,0.420793286822462,0.96842037144891
"eir_10","IBM",3,39,0.424112368318377,0.754863310282428
"eir_10","IBM",3,46,0.425309786320617,0.825525040387722
"eir_10","IBM",3,53,0.422718171607169,1.10827572840623
"eir_10","IBM",3,60,0.418695418841782,1.25275223416656
"eir_10","IBM",3,67,0.417565259819468,1.18268420711555
"eir_10","IBM",3,74,0.416451314057243,0.947867298578199
"eir_10","IBM",3,81,0.419412938713917,0.970681714989946
"eir_10","IBM",3,88,0.420973088923557,1.08962294762801
"eir_10","IBM",3,95,0.422330570453437,0.877118919269988
"eir_10","IBM",3,102,0.42106545791295,0.879002863837542
"eir_10","IBM",3,109,0.421881091617934,0.948606328373725
"eir_10","IBM",3,116,0.421388239875389,1.30306374139945
"eir_10","IBM",3,123,0.422324902723735,0.994098955969133
"eir_10","IBM",3,130,0.420737932040251,1.37182477967859
"eir_10","IBM",3,137,0.421466349653064,1.20782507137296
"eir_10","IBM",3,144,0.427634774162215,0.828845779536755
"eir_10","IBM",3,151,0.426744468757598,0.87654962030246
"eir_10","IBM",3,158,0.427281991556267,1.1413680781759
"eir_10","IBM",3,165,0.425014560279557,1.00078339208774
"eir_10","IBM",3,172,0.426768902261477,1.07310858486868
"eir_10","IBM",3,179,0.426476301476302,0.858991959207688
"eir_10","IBM",3,186,0.426123677312882,1.38501799149493
"eir_10","IBM",3,193,0.42871022589264,0.954497907949791
"eir_10","IBM",3,200,0.430856753865603,1.05084080350716
"eir_10","IBM",3,207,0.432778426791277,0.909806493932437
"eir_10","IBM",3,214,0.430484538592647,1.31613453091195
"eir_10","IBM",3,221,0.431419379996101,1.05090956681063
"eir_10","IBM",3,228,0.427132009345794,1.09810333551341
"eir_10","IBM",3,235,0.422175772895197,0.858486867894943
"eir_10","IBM",3,242,0.418824216468756,1.19421541683026
"eir_10","IBM",3,249,0.419049008168028,1.26446172952481
"eir_10","IBM",3,256,0.418675870114719,1.07338909946412
"eir_10","IBM",3,263,0.415480297361644,1.16834334988241
"eir_10","IBM",3,270,0.413287358554708,1.19452807959157
"eir_10","IBM",3,277,0.41236713100034,1.14554727344056
"eir_10","IBM",3,284,0.410768035731624,1.50284295144108
"eir_10","IBM",3,291,0.410219049006751,0.811376266753841
"eir_10","IBM",3,298,0.407411000097003,1.24165903441057
"eir_10","IBM",3,305,0.409132774249842,0.789628949783663
"eir_10","IBM",3,312,0.406188058979937,0.76534958390669
"eir_10","IBM",3,319,0.408197750205185,1.10112801678909
"eir_10","IBM",3,326,0.411263377076171,1.12824728707662
"eir_10","IBM",3,333,0.409587848297214,0.91702479338843
"eir_10","IBM",3,340,0.403758817277032,1.45225464190981
"eir_10","IBM",3,347,0.402532746870318,0.94390292420927
"eir_10","IBM",3,354,0.40380713112378,1.25812011136153
"eir_10","IBM",3,361,0.408658259651157,1.11695050558808
"eir_10","IBM",3,365,0.411088573360379,1.53146853146853
"eir_50","IBM",3,4,0.69849537037037,2.01162018592297
"eir_50","IBM",3,11,0.696198251292208,2.1320942582144
"eir_50","IBM",3,18,0.695248682874958,2.30108169088858
"eir_50","IBM",3,25,0.697837550191089,1.98395863714702
"eir_50","IBM",3,32,0.695517624873072,2.48545550707391
"eir_50","IBM",3,39,0.688965150563101,2.50346237551936
"eir_50","IBM",3,46,0.691322214164854,1.73453897432513
"eir_50","IBM",3,53,0.690209520131312,2.07085367462726
"eir_50","IBM",3,60,0.688076941665458,1.90531254129774
"eir_50","IBM",3,67,0.6841521088698,2.14535728437459
"eir_50","IBM",3,74,0.679196183316467,2.31058358061325
"eir_50","IBM",3,81,0.678657304991825,1.8557279630241
"eir_50","IBM",3,88,0.678273852526128,2.07140029035238
"eir_50","IBM",3,95,0.675421686746988,2.21606282584307
"eir_50","IBM",3,102,0.668706630686199,2.02777777777778
"eir_50","IBM",3,109,0.668881506090808,2.19400224585508
"eir_50","IBM",3,116,0.676392827957506,2.2147473948028
"eir_50","IBM",3,123,0.675299091913708,2.33050289626119
"eir_50","IBM",3,130,0.677857829010567,2.18807641633729
"eir_50","IBM",3,137,0.677148343734998,2.21781916650155
"eir_50","IBM",3,144,0.673917218861039,2.18850892798313
"eir_50","IBM",3,151,0.675331539496444,2.54858046242013
"eir_50","IBM",3,158,0.677118847539016,2.26274483941173
"eir_50","IBM",3,165,0.675945478978691,2.21869838123555
"eir_50","IBM",3,172,0.677391429808108,2.24429752066116
"eir_50","IBM",3,179,0.686724386724387,2.14549897628954
"eir_50","IBM",3,186,0.685448946203445,2.33804398071716
"eir_50","IBM",3,193,0.685091643815846,2.5024721471422
"eir_50","IBM",3,200,0.683985388830145,1.99940601900739
"eir_50","IBM",3,207,0.68734682108703,2.21957829334391
"eir_50","IBM",3,214,0.684425638313218,2.02911978821972
"eir_50","IBM",3,221,0.680844921329933,2.76460035878015
"eir_50","IBM",3,228,0.679033110673266,2.08904565419939
"eir_50","IBM",3,235,0.689076034648701,2.69507084414289
"eir_50","IBM",3,242,0.693136453273051,2.30398671096346
"eir_50","IBM",3,249,0.692473840837093,2.15689529247726
"eir_50","IBM",3,256,0.694645510761708,2.18257923061591
"eir_50","IBM",3,263,0.695554278049248,1.8893091777822
"eir_50","IBM",3,270,0.696079371165644,2.15018533227429
"eir_50","IBM",3,277,0.698451507742461,2.31149811992876
"eir_50","IBM",3,284,0.705431187383155,2.21533183797335
"eir_50","IBM",3,291,0.707359224233114,2.16246461720756
"eir_50","IBM",3,298,0.69770125997884,1.82716374654196
"eir_50","IBM",3,305,0.693688923121359,2.30511150582199
"eir_50","IBM",3,312,0.689651851495161,1.8997891685334
"eir_50","IBM",3,319,0.682263643351268,1.78060518162041
"eir_50","IBM",3,326,0.684736159792577,2.24296286507202
"eir_50","IBM",3,333,0.69011580414204,2.49088981647121
"eir_50","IBM",3,340,0.68379105050893,2.61163376175964
"eir_50","IBM",3,347,0.690082049805672,2.43783891019706
"eir_50","IBM",3,354,0.688196311947753,2.38940686371752
"eir_50","IBM",3,361,0.683740149913511,2.33819838858803
"eir_50","IBM",3,365,0.684263618022865,2.0249653259362
"eir_120","IBM",3,4,0.78260230335702,3.2476759628154
"eir_120","IBM",3,11,0.784165603845777,2.72261072261072
"eir_120","IBM",3,18,0.778813600902802,2.65286390611456
"eir_120","IBM",3,25,0.783334151248957,2.79777377857762
"eir_120","IBM",3,32,0.783924535717795,2.25803232887647
"eir_120","IBM",3,39,0.785644099439914,2.59501661129568
"eir_120","IBM",3,46,0.791500859739622,2.86027360871298
"eir_120","IBM",3,53,0.795496909643873,2.93708851499634
"eir_120","IBM",3,60,0.798196608840537,2.86369680851064
"eir_120","IBM",3,67,0.799764544295105,2.81853281853282
"eir_120","IBM",3,74,0.806427942471382,2.89721184631804
"eir_120","IBM",3,81,0.804749340369393,2.65605180586154
"eir_120","IBM",3,88,0.800459612751809,2.62870098692985
"eir_120","IBM",3,95,0.800606445933389,2.50917706734299
"eir_120","IBM",3,102,0.798648516305945,2.63027957563221
"eir_120","IBM",3,109,0.801351086743685,2.87171622883051
"eir_120","IBM",3,116,0.798070802526563,2.45537498334887
"eir_120","IBM",3,123,0.796745576630888,2.40323224261772
"eir_120","IBM",3,130,0.80016644637,2.93513657207417
"eir_120","IBM",3,137,0.795500122279286,3.07455064004776
"eir_120","IBM",3,144,0.790826046602511,2.83020743588044
"eir_120","IBM",3,151,0.793717379640018,2.90354656943984
"eir_120","IBM",3,158,0.796682117589656,2.40483162518302
"eir_120","IBM",3,165,0.800009746113737,2.67008046817849
"eir_120","IBM",3,172,0.801871162654712,2.98206575888409
"eir_120","IBM",3,179,0.796703296703297,2.75544665916164
"eir_120","IBM",3,186,0.796785975164354,2.72532047046386
"eir_120","IBM",3,193,0.798435298119442,2.7001321003963
"eir_120","IBM",3,200,0.796343001261034,2.67867768595041
"eir_120","IBM",3,207,0.796798447732234,3.23115544691815
"eir_120","IBM",3,214,0.792030250145433,2.98627606228556
"eir_120","IBM",3,221,0.79234496124031,2.9639532580709
"eir_120","IBM",3,228,0.79046557821811,2.48348526885982
"eir_120","IBM",3,235,0.787450866210511,2.62832793816476
"eir_120","IBM",3,242,0.790985396147688,2.65770834712385
"eir_120","IBM",3,249,0.786178467507274,2.58573887711864
"eir_120","IBM",3,256,0.78944816215692,2.48808735936466
"eir_120","IBM",3,263,0.782532751091703,3.04488877118644
"eir_120","IBM",3,270,0.785818217091862,3.06459077085812
"eir_120","IBM",3,277,0.78384141908593,3.30087794573899
"eir_120","IBM",3,284,0.794027824906685,2.29013935671356
"eir_120","IBM",3,291,0.791872997378386,2.63372169998676
"eir_120","IBM",3,298,0.793956177427975,3.07068097509274
"eir_120","IBM",3,305,0.794174851696976,2.48989999337704
"eir_120","IBM",3,312,0.795846071723201,2.74053156146179
"eir_120","IBM",3,319,0.792220389950529,2.8608435735636
"eir_120","IBM",3,326,0.787268136350393,2.93435652116138
"eir_120","IBM",3,333,0.791130949492989,2.91378392762108
"eir_120","IBM",3,340,0.79336152014385,2.47704590818363
"eir_120","IBM",3,347,0.796069274177856,2.96214993680569
"eir_120","IBM",3,354,0.791271347248577,3.0568295114656
"eir_120","IBM",3,361,0.79049149982951,2.40195426748205
"eir_120","IBM",3,365,0.796448087431694,2.37785016286645
"seasonal","IBM",3,4,0.620204603580563,0.44966121415372
"seasonal","IBM",3,11,0.604251759263816,0.149518672765754
"seasonal","IBM",3,18,0.591501332543678,0.0746930422919509
"seasonal","IBM",3,25,0.568571287470986,0.0498395575885847
"seasonal","IBM",3,32,0.545678647142928,0.0248891919536311
"seasonal","IBM",3,39,0.528505088429997,0
"seasonal","IBM",3,46,0.509578733726053,0.0247591914258581
"seasonal","IBM",3,53,0.495421925266023,0
"seasonal","IBM",3,60,0.482196800871589,0.0247390538159143
"seasonal","IBM",3,67,0.469962391132225,0
"seasonal","IBM",3,74,0.456045041485579,0
"seasonal","IBM",3,81,0.439956547501481,0
"seasonal","IBM",3,88,0.428226243897628,0.024730672809811
"seasonal","IBM",3,95,0.416699507389163,0
"seasonal","IBM",3,102,0.402647246961571,0
"seasonal","IBM",3,109,0.391494807304228,0
"seasonal","IBM",3,116,0.38001968503937,0
"seasonal","IBM",3,123,0.369388459074558,0.0245874031660492
"seasonal","IBM",3,130,0.355626850937808,0.0245907161625008
"seasonal","IBM",3,137,0.344691552837911,0.0738019815326548
"seasonal","IBM",3,144,0.338315820630457,0.344177274870344
"seasonal","IBM",3,151,0.340243842242954,0.56512958599798
"seasonal","IBM",3,158,0.344197530864198,0.933127018299247
"seasonal","IBM",3,165,0.346400394477318,0.785579768630616
"seasonal","IBM",3,172,0.358503568791533,0.957360952316901
"seasonal","IBM",3,179,0.372918103873066,1.34967056608848
"seasonal","IBM",3,186,0.38423232422838,1.57412398921833
"seasonal","IBM",3,193,0.39288704989902,1.59807355516637
"seasonal","IBM",3,200,0.403195581418286,1.51787510899457
"seasonal","IBM",3,207,0.419656092499259,1.68936141668903
"seasonal","IBM",3,214,0.435035775968418,1.96117939418363
"seasonal","IBM",3,221,0.447824583930071,1.79391368747054
"seasonal","IBM",3,228,0.456779744832361,2.10812625923439
"seasonal","IBM",3,235,0.466907043366591,2.52349308632031
"seasonal","IBM",3,242,0.481800197823937,2.52722506050013
"seasonal","IBM",3,249,0.50059335443038,3.09571890145396
"seasonal","IBM",3,256,0.518789556962025,3.11714074372941
"seasonal","IBM",3,263,0.539660547280914,3.69948986441133
"seasonal","IBM",3,270,0.556498015873016,3.82429981865807
"seasonal","IBM",3,277,0.580094316207496,3.63159663865546
"seasonal","IBM",3,284,0.600149068322981,4.04928393733611
"seasonal","IBM",3,291,0.622922265352842,4.62804343427531
"seasonal","IBM",3,298,0.631578947368421,3.84495914646499
"seasonal","IBM",3,305,0.64,4.81107205623902
"seasonal","IBM",3,312,0.647588712486936,4.01911774640276
"seasonal","IBM",3,319,0.657419419219639,3.928716490658
"seasonal","IBM",3,326,0.66008279714699,3.47971602434077
"seasonal","IBM",3,333,0.662030112673248,3.35586803677664
"seasonal","IBM",3,340,0.660953614667929,2.4913833885247
"seasonal","IBM",3,347,0.657789945246391,2.04695945945946
"seasonal","IBM",3,354,0.644858420268256,1.30718291776471
"seasonal","IBM",3,361,0.634436888866829,0.763340754233286
"seasonal","IBM",3,365,0.624175060784995,0.1725768321513
"eir_1","IBM",4,4,0.11502656333772,0.145980535928543
"eir_1","IBM",4,11,0.115395880113248,0.24331711219252
"eir_1","IBM",4,18,0.11752627719384,0.243723290598291
"eir_1","IBM",4,25,0.118931327537364,0.243707017426721
"eir_1","IBM",4,32,0.120220713902046,0.146429526611393
"eir_1","IBM",4,39,0.121333594055534,0.195815450643777
"eir_1","IBM",4,46,0.11935263054958,0.147009464992952
"eir_1","IBM",4,53,0.120618002249059,0.146694353272155
"eir_1","IBM",4,60,0.121108617156241,0.0976719293550977
"eir_1","IBM",4,67,0.121594619620839,0.121991978609626
"eir_1","IBM",4,74,0.124914709035968,0.317412535955582
"eir_1","IBM",4,81,0.127727073063595,0.26875962246469
"eir_1","IBM",4,88,0.126817605152728,0.171534071836187
"eir_1","IBM",4,95,0.12638786989484,0.0980260507586948
"eir_1","IBM",4,102,0.125397524340721,0.244441467988213
"eir_1","IBM",4,109,0.124185887077029,0.170925876371421
"eir_1","IBM",4,116,0.121403405754551,0.219879518072289
"eir_1","IBM",4,123,0.121058035496015,0.122147111973763
"eir_1","IBM",4,130,0.120917269704674,0.122286250335031
"eir_1","IBM",4,137,0.123067892780278,0.171465002348836
"eir_1","IBM",4,144,0.122603677621283,0.220810647307925
"eir_1","IBM",4,151,0.124852998823991,0.221093013864585
"eir_1","IBM",4,158,0.124932607949811,0.171810907134692
"eir_1","IBM",4,165,0.123305105487297,0.147375504710633
"eir_1","IBM",4,172,0.123991590475725,0.17200754005655
"eir_1","IBM",4,179,0.123400097703957,0.172227839568588
"eir_1","IBM",4,186,0.121863099306708,0.172367267084936
"eir_1","IBM",4,193,0.123450766077876,0.0987286989450906
"eir_1","IBM",4,200,0.125510998637337,0.247507967722249
"eir_1","IBM",4,207,0.124690218183585,0.123695269079572
"eir_1","IBM",4,214,0.123328958242186,0.148434322895486
"eir_1","IBM",4,221,0.121580102414045,0.172705150736785
"eir_1","IBM",4,228,0.119082479258175,0.172181413841903
"eir_1","IBM",4,235,0.118306290503338,0.172297525119698
"eir_1","IBM",4,242,0.118945730402645,0.147913008239903
"eir_1","IBM",4,249,0.119862015353221,0.17295065321871
"eir_1","IBM",4,256,0.120441505397258,0.198288741002309
"eir_1","IBM",4,263,0.121284359036731,0.321978693085431
"eir_1","IBM",4,270,0.120227338968231,0.0495789187720728
"eir_1","IBM",4,277,0.121498054474708,0.124293400531227
"eir_1","IBM",4,284,0.120588092108466,0.149518672765754
"eir_1","IBM",4,291,0.119927994550939,0.149498259266844
"eir_1","IBM",4,298,0.118877724382312,0.0749127727987959
"eir_1","IBM",4,305,0.119182801960499,0.174569554523094
"eir_1","IBM",4,312,0.120316443409047,0.124735151390882
"eir_1","IBM",4,319,0.120600816643982,0.0746930422919509
"eir_1","IBM",4,326,0.120797859401605,0.273575906241483
"eir_1","IBM",4,333,0.121369849686238,0.099502487562189
"eir_1","IBM",4,340,0.123245614035088,0.14919272430002
"eir_1","IBM",4,347,0.120312118995367,0.198680002721644
"eir_1","IBM",4,354,0.12016223612197,0.32252582925503
"eir_1","IBM",4,361,0.120703984355903,0.297412915053982
"eir_1","IBM",4,365,0.122435020519836,0
"eir_3","IBM",4,4,0.227940441690816,0.247524752475248
"eir_3","IBM",4,11,0.22749549909982,0.345971563981043
"eir_3","IBM",4,18,0.227907675361738,0.271210483653067
"eir_3","IBM",4,25,0.224688141876659,0.319507103898727
"eir_3","IBM",4,32,0.222261148090686,0.442543446046073
"eir_3","IBM",4,39,0.22479611747636,0.491814323250017
"eir_3","IBM",4,46,0.231496299259852,0.393080702699064
"eir_3","IBM",4,53,0.232808740978348,0.393663633299629
"eir_3","IBM",4,60,0.231432726543303,0.320694782373614
"eir_3","IBM",4,67,0.234554291727214,0.494345500101578
"eir_3","IBM",4,74,0.234544998746553,0.543081293115109
"eir_3","IBM",4,81,0.235456369107322,0.493409935789118
"eir_3","IBM",4,88,0.234022273502558,0.321215813701598
"eir_3","IBM",4,95,0.233276501855381,0.469819117945939
"eir_3","IBM",4,102,0.234011627906977,0.519661016949153
"eir_3","IBM",4,109,0.230927421377339,0.420649447495085
"eir_3","IBM",4,116,0.230607019129387,0.370658723173786
"eir_3","IBM",4,123,0.23073832245103,0.668180893619906
"eir_3","IBM",4,130,0.22980368529397,0.520790868324501
"eir_3","IBM",4,137,0.225364138623807,0.372271707350241
"eir_3","IBM",4,144,0.228199718706048,0.297493717313048
"eir_3","IBM",4,151,0.228974307507025,0.5703125
"eir_3","IBM",4,158,0.227170038656559,0.248688424064863
"eir_3","IBM",4,165,0.223338524137238,0.422281203212195
"eir_3","IBM",4,172,0.225008795295773,0.248079929314212
"eir_3","IBM",4,179,0.225725221595488,0.348615090735435
"eir_3","IBM",4,186,0.225406114418323,0.299098606937995
"eir_3","IBM",4,193,0.226317915572612,0.398199918178099
"eir_3","IBM",4,200,0.227440286825228,0.423694093547286
"eir_3","IBM",4,207,0.229354088749621,0.423751963395479
"eir_3","IBM",4,214,0.229883315653887,0.298243224839984
"eir_3","IBM",4,221,0.231482882065245,0.520790868324501
"eir_3","IBM",4,228,0.234805377914296,0.39587852494577
"eir_3","IBM",4,235,0.235184438621246,0.642953929539295
"eir_3","IBM",4,242,0.234894259818731,0.296567133861467
"eir_3","IBM",4,249,0.235492645577272,0.370658723173786
"eir_3","IBM",4,256,0.23706311289917,0.34590130643742
"eir_3","IBM",4,263,0.23541855545482,0.370759125076183
"eir_3","IBM",4,270,0.232579231118053,0.321956846247795
"eir_3","IBM",4,277,0.228218694885362,0.322175448126018
"eir_3","IBM",4,284,0.227164977051495,0.271963693016325
"eir_3","IBM",4,291,0.224212757367784,0.321389867244649
"eir_3","IBM",4,298,0.22455271404023,0.419625346588219
"eir_3","IBM",4,305,0.225509533201841,0.320629772281911
"eir_3","IBM",4,312,0.223363351209147,0.443170320404722
"eir_3","IBM",4,319,0.219232131114371,0.345013841064074
"eir_3","IBM",4,326,0.218593852521072,0.344757792470652
"eir_3","IBM",4,333,0.218979941538151,0.419341758464554
"eir_3","IBM",4,340,0.218354270722971,0.44355927626249
"eir_3","IBM",4,347,0.217082030067602,0.270789775409725
"eir_3","IBM",4,354,0.215920548497681,0.468486117678849
"eir_3","IBM",4,361,0.222586172142713,0.344943971918456
"eir_3","IBM",4,365,0.221987315010571,0.517730496453901
"eir_10","IBM",4,4,0.413328064022131,1.14944889436572
"eir_10","IBM",4,11,0.41174725600712,0.822970757037442
"eir_10","IBM",4,18,0.413438226708228,0.822465005121202
"eir_10","IBM",4,25,0.41602732267485,1.02185046090816
"eir_10","IBM",4,32,0.416203887346291,0.970810884539317
"eir_10","IBM",4,39,0.414352311049395,0.922220704725485
"eir_10","IBM",4,46,0.409639152231101,0.971208296377158
"eir_10","IBM",4,53,0.408049965301874,1.0700163621489
"eir_10","IBM",4,60,0.407392706524436,0.945660325901684
"eir_10","IBM",4,67,0.409512473342261,0.922787837376153
"eir_10","IBM",4,74,0.41228679095597,0.948376068376068
"eir_10","IBM",4,81,0.419226563276668,0.901110958716225
"eir_10","IBM",4,88,0.421534025948203,0.776435874562547
"eir_10","IBM",4,95,0.41849935316947,0.904149177733434
"eir_10","IBM",4,102,0.421759904439578,1.0546955624355
"eir_10","IBM",4,109,0.420434176458873,0.879457524438937
"eir_10","IBM",4,116,0.422432701894317,1.15387258607656
"eir_10","IBM",4,123,0.423919537940649,0.651025588255471
"eir_10","IBM",4,130,0.423099880620772,0.775903449221696
"eir_10","IBM",4,137,0.42667791898332,0.902038854946111
"eir_10","IBM",4,144,0.426669316375199,1.17750017159723
"eir_10","IBM",4,151,0.430326238313109,1.30044535799931
"eir_10","IBM",4,158,0.426012538561051,0.949804834623023
"eir_10","IBM",4,165,0.424061348471268,1.07713952371148
"eir_10","IBM",4,172,0.422879369670374,0.929776247848537
"eir_10","IBM",4,179,0.418952618453865,1.10835058661146
"eir_10","IBM",4,186,0.415756124332685,0.907834738151168
"eir_10","IBM",4,193,0.414154521860651,0.909216717409355
"eir_10","IBM",4,200,0.413091199361405,0.707021791767555
"eir_10","IBM",4,207,0.410133652503491,0.934990307394074
"eir_10","IBM",4,214,0.414317136572685,0.959264126149803
"eir_10","IBM",4,221,0.420345778000501,1.23412917471709
"eir_10","IBM",4,228,0.413170951736581,0.960792463286229
"eir_10","IBM",4,235,0.414941494149415,1.29243907519267
"eir_10","IBM",4,242,0.415403092628734,1.13825363825364
"eir_10","IBM",4,249,0.415228375606584,1.28921670475795
"eir_10","IBM",4,256,0.420318924882158,0.985666805151641
"eir_10","IBM",4,263,0.422984114216771,1.13730785209805
"eir_10","IBM",4,270,0.42247496351467,1.18629417052763
"eir_10","IBM",4,277,0.4177042899632,0.957277934985161
"eir_10","IBM",4,284,0.42024818401937,1.26131729905315
"eir_10","IBM",4,291,0.41524097905627,0.959065136219057
"eir_10","IBM",4,298,0.419079379515942,1.06244368979139
"eir_10","IBM",4,305,0.41880428196324,0.809873803910692
"eir_10","IBM",4,312,0.415684290412345,1.03822672401832
"eir_10","IBM",4,319,0.420120439249026,1.16572936193848
"eir_10","IBM",4,326,0.42169587394576,0.988404388279406
"eir_10","IBM",4,333,0.420569700025208,1.04213091922006
"eir_10","IBM",4,340,0.418801268179759,1.34648848054569
"eir_10","IBM",4,347,0.41936617949877,1.06532314107019
"eir_10","IBM",4,354,0.420723157051282,0.836167997223186
"eir_10","IBM",4,361,0.421123798076923,0.912246598167176
"eir_10","IBM",4,365,0.423063441990887,1.59466019417476
"eir_50","IBM",4,4,0.685855180395512,2.25728155339806
"eir_50","IBM",4,11,0.683977455716586,2.13578030454153
"eir_50","IBM",4,18,0.68441466854725,2.37453531598513
"eir_50","IBM",4,25,0.685448136958711,2.00708890950046
"eir_50","IBM",4,32,0.682239693579276,2.07756966046727
"eir_50","IBM",4,39,0.678794913201453,2.29498974121385
"eir_50","IBM",4,46,0.679771878469769,2.46083680348999
"eir_50","IBM",4,53,0.680032238565384,1.90644628099174
"eir_50","IBM",4,60,0.682804086357003,2.41689842404979
"eir_50","IBM",4,67,0.68352775543041,1.98487963392798
"eir_50","IBM",4,74,0.682211490089546,1.98659232709412
"eir_50","IBM",4,81,0.683266129032258,1.90947619362956
"eir_50","IBM",4,88,0.678494027518774,1.93454352722936
"eir_50","IBM",4,95,0.675331217570903,1.89144299760829
"eir_50","IBM",4,102,0.675071719764457,1.89471582590177
"eir_50","IBM",4,109,0.675942730389191,2.06283244680851
"eir_50","IBM",4,116,0.677222530381726,2.64264363998672
"eir_50","IBM",4,123,0.674773413897281,2.28125
"eir_50","IBM",4,130,0.670135746606335,2.45031571950814
"eir_50","IBM",4,137,0.675704225352113,1.91734822794069
"eir_50","IBM",4,144,0.676318302920625,2.40243334884649
"eir_50","IBM",4,151,0.674294623547754,1.9913506320692
"eir_50","IBM",4,158,0.674119957697537,2.34999336253817
"eir_50","IBM",4,165,0.669503903298917,2.15632260205775
"eir_50","IBM",4,172,0.675463336019339,2.44527726187318
"eir_50","IBM",4,179,0.674285138944825,2.80620360551432
"eir_50","IBM",4,186,0.672911748455472,2.49436040339703
"eir_50","IBM",4,193,0.670328567845498,2.32870339602579
"eir_50","IBM",4,200,0.674434886977395,2.20331674958541
"eir_50","IBM",4,207,0.683304217619166,2.53959313498111
"eir_50","IBM",4,214,0.686306764368676,2.34734469270039
"eir_50","IBM",4,221,0.685804070231445,1.93556940209466
"eir_50","IBM",4,228,0.678786671315436,2.68346800900782
"eir_50","IBM",4,235,0.678160346803528,2.12349596720878
"eir_50","IBM",4,242,0.673145933014354,1.90745518290666
"eir_50","IBM",4,249,0.668360737419033,2.36558428675352
"eir_50","IBM",4,256,0.671712393566698,2.19646872106864
"eir_50","IBM",4,263,0.671112216969395,2.41529910005294
"eir_50","IBM",4,270,0.672090361745534,2.17420080746575
"eir_50","IBM",4,277,0.674801192842942,1.98211920529801
"eir_50","IBM",4,284,0.678823412501242,2.08073710725176
"eir_50","IBM",4,291,0.680796148309922,2.76551907483717
"eir_50","IBM",4,298,0.682672751624585,2.45210855394439
"eir_50","IBM",4,305,0.686764924817627,2.28185687682894
"eir_50","IBM",4,312,0.686734440862881,2.55142800079888
"eir_50","IBM",4,319,0.685388241131233,2.0882118147951
"eir_50","IBM",4,326,0.68846287214544,1.96667331869886
"eir_50","IBM",4,333,0.687094698282263,2.75891791539584
"eir_50","IBM",4,340,0.687922943936775,2.32037613403086
"eir_50","IBM",4,347,0.692904054120784,2.41434052123297
"eir_50","IBM",4,354,0.691562932226833,1.88044914134742
"eir_50","IBM",4,361,0.693437515454231,2.00655715988873
"eir_50","IBM",4,365,0.688365650969529,2.71123491179201
"eir_120","IBM",4,4,0.804602799132663,2.91397109428768
"eir_120","IBM",4,11,0.809730369201952,2.81542699724518
"eir_120","IBM",4,18,0.806833308682148,2.68936785566726
"eir_120","IBM",4,25,0.800887792848335,2.86412444933921
"eir_120","IBM",4,32,0.792572105887001,2.38874345549738
"eir_120","IBM",4,39,0.790275510708809,2.8144578313253
"eir_120","IBM",4,46,0.788586123337125,3.16517549896765
"eir_120","IBM",4,53,0.790810276679842,2.56263766519824
"eir_120","IBM",4,60,0.793222683264177,2.63909929761741
"eir_120","IBM",4,67,0.787291862246158,2.81020141609954
"eir_120","IBM",4,74,0.782234531875958,2.78453608247423
"eir_120","IBM",4,81,0.785586924219911,2.67664998971969
"eir_120","IBM",4,88,0.790459206419973,2.79349460161268
"eir_120","IBM",4,95,0.786145771439889,2.74286104659106
"eir_120","IBM",4,102,0.788462490715524,2.34437991117185
"eir_120","IBM",4,109,0.783876076412947,2.64239857942904
"eir_120","IBM",4,116,0.787724417626985,2.61479156716927
"eir_120","IBM",4,123,0.78329872441412,2.6433012229282
"eir_120","IBM",4,130,0.785000494706639,2.34405957504953
"eir_120","IBM",4,137,0.780556656101426,2.77006700396554
"eir_120","IBM",4,144,0.781504266719587,2.625
"eir_120","IBM",4,151,0.776633663366337,2.54808021353775
"eir_120","IBM",4,158,0.779472954230236,2.99815182421795
"eir_120","IBM",4,165,0.773679259295935,2.99651091195184
"eir_120","IBM",4,172,0.775990895145727,2.90258449304175
"eir_120","IBM",4,179,0.777524865159088,2.68253314101243
"eir_120","IBM",4,186,0.777276781290259,2.91056575238881
"eir_120","IBM",4,193,0.777254940809352,3.14221763085399
"eir_120","IBM",4,200,0.779839667458432,2.55068151940774
"eir_120","IBM",4,207,0.781412639405204,3.20463187003111
"eir_120","IBM",4,214,0.779832432700411,3.06382240721471
"eir_120","IBM",4,221,0.783294479440504,2.61366796440489
"eir_120","IBM",4,228,0.782048731974142,2.74321503131524
"eir_120","IBM",4,235,0.781550735477437,2.71611377703596
"eir_120","IBM",4,242,0.780127693535515,2.99325873931475
"eir_120","IBM",4,249,0.777313640658412,2.76572818908585
"eir_120","IBM",4,256,0.782347090999503,2.70933055844606
"eir_120","IBM",4,263,0.780811038864347,2.5595362077345
"eir_120","IBM",4,270,0.780746542408169,2.91169533851276
"eir_120","IBM",4,277,0.781916476540026,2.4515302589669
"eir_120","IBM",4,284,0.778867102396514,3.01171820829289
"eir_120","IBM",4,291,0.776959208899876,2.6625677365569
"eir_120","IBM",4,298,0.77562738207197,2.91675352650962
"eir_120","IBM",4,305,0.773611111111111,3.01715754376216
"eir_120","IBM",4,312,0.778158181998611,3.03850156087409
"eir_120","IBM",4,319,0.782009322622235,2.76419092614465
"eir_120","IBM",4,326,0.784521627111926,2.71290636287858
"eir_120","IBM",4,333,0.780637497525242,3.0410331181004
"eir_120","IBM",4,340,0.780101864214014,2.78664630760689
"eir_120","IBM",4,347,0.777783282960908,2.83750954397168
"eir_120","IBM",4,354,0.782083768072738,2.9114933758757
"eir_120","IBM",4,361,0.781413156978768,2.75347774932521
"eir_120","IBM",4,365,0.778434782608696,3.88673765730881
"seasonal","IBM",4,4,0.609775171065494,0.342286824301695
"seasonal","IBM",4,11,0.590440349934021,0.219908957022359
"seasonal","IBM",4,18,0.57198786336498,0.0731609540990179
"seasonal","IBM",4,25,0.55577251647547,0.0243886141921689
"seasonal","IBM",4,32,0.536334373780726,0.0243690746428095
"seasonal","IBM",4,39,0.514133074307916,0
"seasonal","IBM",4,46,0.494180971777713,0
"seasonal","IBM",4,53,0.474025659646575,0.0244326929513354
"seasonal","IBM",4,60,0.454096933346232,0.0244179823387744
"seasonal","IBM",4,67,0.437294368105284,0
"seasonal","IBM",4,74,0.4179899302866,0
"seasonal","IBM",4,81,0.404463983767332,0
"seasonal","IBM",4,88,0.387051610099937,0
"seasonal","IBM",4,95,0.372879717778959,0
"seasonal","IBM",4,102,0.364241926919921,0
"seasonal","IBM",4,109,0.352321592501329,0
"seasonal","IBM",4,116,0.340853098884112,0
"seasonal","IBM",4,123,0.329581682929186,0
"seasonal","IBM",4,130,0.319283507145616,0.0731267530386003
"seasonal","IBM",4,137,0.310812768628966,0.0974502736617274
"seasonal","IBM",4,144,0.306989559164733,0.413804601533845
"seasonal","IBM",4,151,0.310544891940241,0.63245584805065
"seasonal","IBM",4,158,0.321374969740983,0.923128119800333
"seasonal","IBM",4,165,0.332362789343427,0.851269407609782
"seasonal","IBM",4,172,0.339102191196432,1.43518827057647
"seasonal","IBM",4,179,0.351377570818781,1.18979510377861
"seasonal","IBM",4,186,0.368014384293906,1.35895219732731
"seasonal","IBM",4,193,0.384514499441395,1.36184955693251
"seasonal","IBM",4,200,0.400894115360319,1.19209491435046
"seasonal","IBM",4,207,0.418104076575482,2.02209317848084
"seasonal","IBM",4,214,0.430479984453945,1.70720299345182
"seasonal","IBM",4,221,0.447055396416954,2.2215905290616
"seasonal","IBM",4,228,0.460817634492134,2.12649835933838
"seasonal","IBM",4,235,0.475596134233403,2.07622298065984
"seasonal","IBM",4,242,0.479816915810488,2.51572537473233
"seasonal","IBM",4,249,0.494106760179232,2.63608399090544
"seasonal","IBM",4,256,0.50774325508912,2.75646594934171
"seasonal","IBM",4,263,0.530152708880459,3.3705835117773
"seasonal","IBM",4,270,0.549491211840888,3.66220735785953
"seasonal","IBM",4,277,0.576381787192598,3.27222854084432
"seasonal","IBM",4,284,0.598635145015842,3.68760872474241
"seasonal","IBM",4,291,0.61538086888759,4.543872565424
"seasonal","IBM",4,298,0.63068319961099,4.08901858187429
"seasonal","IBM",4,305,0.636164942444995,4.63889449263668
"seasonal","IBM",4,312,0.651654857808405,3.94157891206654
"seasonal","IBM",4,319,0.659568275527529,3.86813334227648
"seasonal","IBM",4,326,0.666116584963355,3.50890756302521
"seasonal","IBM",4,333,0.664388872734322,3.20755349835648
"seasonal","IBM",4,340,0.656141030608291,2.29390920639166
"seasonal","IBM",4,347,0.646631471884535,2.00267648042824
"seasonal","IBM",4,354,0.639043786064103,1.07216770144869
"seasonal","IBM",4,361,0.630845432914097,0.657657657657658
"seasonal","IBM",4,365,0.621346023113528,0.851609892673822
"eir_1","IBM",5,4,0.107722887477578,0.149805048224913
"eir_1","IBM",5,11,0.108651424142608,0.149825545597592
"eir_1","IBM",5,18,0.108338582295654,0.0499247708931747
"eir_1","IBM",5,25,0.107757158777073,0.199548964668899
"eir_1","IBM",5,32,0.107815146382773,0.124437474430656
"eir_1","IBM",5,39,0.108784992505923,0.124310333083577
"eir_1","IBM",5,46,0.107011605415861,0.223438987892804
"eir_1","IBM",5,53,0.108697755417957,0.272425023748134
"eir_1","IBM",5,60,0.110273144790911,0.123720425733849
"eir_1","IBM",5,67,0.109559249951672,0.247424078091106
"eir_1","IBM",5,74,0.110912429924609,0.0494781076318286
"eir_1","IBM",5,81,0.110420281472913,0.148323738570945
"eir_1","IBM",5,88,0.112995711463403,0.123552907724596
"eir_1","IBM",5,95,0.112953767536036,0.0740866035182679
"eir_1","IBM",5,102,0.11289389997109,0.148083034687944
"eir_1","IBM",5,109,0.112984822934233,0.197805175450481
"eir_1","IBM",5,116,0.116276831263837,0.198046663049376
"eir_1","IBM",5,123,0.119132358599461,0.0744391570360299
"eir_1","IBM",5,130,0.119651117964534,0.148888435651642
"eir_1","IBM",5,137,0.118457831325301,0.148847957588527
"eir_1","IBM",5,144,0.119049913278088,0.198261814231396
"eir_1","IBM",5,151,0.120689655172414,0.148756962369243
"eir_1","IBM",5,158,0.119984605022611,0.198842356145727
"eir_1","IBM",5,165,0.11911410688493,0.174248107481416
"eir_1","IBM",5,172,0.118886163612754,0.149345335515548
"eir_1","IBM",5,179,0.119121048573631,0.248079929314212
"eir_1","IBM",5,186,0.12074706819169,0.29678818268058
"eir_1","IBM",5,193,0.118661257606491,0.123477672530447
"eir_1","IBM",5,200,0.1178916827853,0.0987153482082488
"eir_1","IBM",5,207,0.1156038647343,0.197404002163332
"eir_1","IBM",5,214,0.117232388585776,0.0740214966538228
"eir_1","IBM",5,221,0.11689065068162,0.123335811313104
"eir_1","IBM",5,228,0.115304591861422,0.123511099079589
"eir_1","IBM",5,235,0.115654488265183,0.0989629227953637
"eir_1","IBM",5,242,0.115611691831204,0.0247675917758024
"eir_1","IBM",5,249,0.116673922507619,0.123854767560231
"eir_1","IBM",5,256,0.116335433834222,0.173538001765944
"eir_1","IBM",5,263,0.116265527950311,0.149274078113285
"eir_1","IBM",5,270,0.115298580042793,0.199630819716962
"eir_1","IBM",5,277,0.115669099756691,0.174880219028063
"eir_1","IBM",5,284,0.113990646921278,0.124829001367989
"eir_1","IBM",5,291,0.111635373090768,0.0749640583281988
"eir_1","IBM",5,298,0.110754257907543,0.124931544359255
"eir_1","IBM",5,305,0.110252296922853,0.0998085862729013
"eir_1","IBM",5,312,0.111988304093567,0.149060713313368
"eir_1","IBM",5,319,0.110526315789474,0.123896809232858
"eir_1","IBM",5,326,0.109276537540912,0.222757170950024
"eir_1","IBM",5,333,0.10958904109589,0.222019464720195
"eir_1","IBM",5,340,0.107249644625263,0.147942984530163
"eir_1","IBM",5,347,0.106632053291536,0.0988155668358714
"eir_1","IBM",5,354,0.110355290202604,0.148103063501725
"eir_1","IBM",5,361,0.11264018806014,0.123277492569576
"eir_1","IBM",5,365,0.111682082905104,0.1725768321513
"eir_3","IBM",5,4,0.242915811088296,0.356893420868836
"eir_3","IBM",5,11,0.245447550654014,0.356147198215779
"eir_3","IBM",5,18,0.242962432183437,0.254213678785346
"eir_3","IBM",5,25,0.235932619937535,0.381055122494432
"eir_3","IBM",5,32,0.23950313109537,0.33013288805399
"eir_3","IBM",5,39,0.24339031777812,0.43192259501601
"eir_3","IBM",5,46,0.242124166239097,0.381453354699366
"eir_3","IBM",5,53,0.238249178981938,0.356072747543725
"eir_3","IBM",5,60,0.234747329498767,0.483241585952198
"eir_3","IBM",5,67,0.235578654865435,0.331100411694927
"eir_3","IBM",5,74,0.236577440816958,0.356023131052742
"eir_3","IBM",5,81,0.234466044449028,0.558919746641609
"eir_3","IBM",5,88,0.233517191607815,0.330777274311607
"eir_3","IBM",5,95,0.233825724432549,0.331424181043515
"eir_3","IBM",5,102,0.234858992140546,0.254390855868414
"eir_3","IBM",5,109,0.234388629483298,0.330155858613972
"eir_3","IBM",5,116,0.232361530972998,0.278993815579181
"eir_3","IBM",5,123,0.230025080616267,0.482132925472748
"eir_3","IBM",5,130,0.230112474437628,0.456028319566877
"eir_3","IBM",5,137,0.232656817136138,0.43003673158223
"eir_3","IBM",5,144,0.233145780051151,0.454608358704678
"eir_3","IBM",5,151,0.23489623366641,0.530596704970234
"eir_3","IBM",5,158,0.235049961568025,0.353242084888705
"eir_3","IBM",5,165,0.23495584308893,0.377299979326029
"eir_3","IBM",5,172,0.236738047553022,0.602186017735616
"eir_3","IBM",5,179,0.237386439460042,0.425233004385965
"eir_3","IBM",5,186,0.237280296022202,0.449630440733644
"eir_3","IBM",5,193,0.238464700441887,0.498361551064992
"eir_3","IBM",5,200,0.239317118321592,0.32296487884563
"eir_3","IBM",5,207,0.237055681117732,0.248773173391494
"eir_3","IBM",5,214,0.236098262925275,0.298670303443573
"eir_3","IBM",5,221,0.235677618069815,0.398607603576548
"eir_3","IBM",5,228,0.235559197050389,0.348829271622636
"eir_3","IBM",5,235,0.23472471190781,0.373388801745891
"eir_3","IBM",5,242,0.235888752052545,0.373720136518771
"eir_3","IBM",5,249,0.235886889460154,0.398009950248756
"eir_3","IBM",5,256,0.238878889174595,0.522388059701492
"eir_3","IBM",5,263,0.23963370717152,0.323493318789201
"eir_3","IBM",5,270,0.24022633744856,0.473637481218413
"eir_3","IBM",5,277,0.240282139731246,0.523851831601968
"eir_3","IBM",5,284,0.238977208416937,0.299446229575443
"eir_3","IBM",5,291,0.237364667248191,0.399480128599767
"eir_3","IBM",5,298,0.23758719737382,0.323714012825761
"eir_3","IBM",5,305,0.239626609221932,0.397224867364984
"eir_3","IBM",5,312,0.240416154161542,0.495957605815612
"eir_3","IBM",5,319,0.244382887042167,0.521464045173141
"eir_3","IBM",5,326,0.244308007162957,0.348377420234524
"eir_3","IBM",5,333,0.244949107462534,0.447456241912416
"eir_3","IBM",5,340,0.24340791562132,0.324089884570726
"eir_3","IBM",5,347,0.240237170312819,0.324222753672702
"eir_3","IBM",5,354,0.238034231833555,0.424302516411379
"eir_3","IBM",5,361,0.236128900046109,0.399398167145397
"eir_3","IBM",5,365,0.233117816091954,0.525179856115108
"eir_10","IBM",5,4,0.419816893089191,1.0559779317769
"eir_10","IBM",5,11,0.424836279482003,1.25142857142857
"eir_10","IBM",5,18,0.429843988385255,1.15475228863759
"eir_10","IBM",5,25,0.428078477767919,1.00747273461694
"eir_10","IBM",5,32,0.431678090635633,1.05875607123583
"eir_10","IBM",5,39,0.434546710072013,0.960915350344269
"eir_10","IBM",5,46,0.438203356367226,1.2553105401578
"eir_10","IBM",5,53,0.440655315779054,1.08039017827111
"eir_10","IBM",5,60,0.438260611457406,0.809367020561752
"eir_10","IBM",5,67,0.434236550632911,0.88205678995771
"eir_10","IBM",5,74,0.432467147515068,1.2755376344086
"eir_10","IBM",5,81,0.430811853757483,1.05754329223098
"eir_10","IBM",5,88,0.430997771725675,1.18418384589388
"eir_10","IBM",5,95,0.436264552885806,0.962084347120843
"eir_10","IBM",5,102,0.439264837015753,1.0614770729068
"eir_10","IBM",5,109,0.439825595798444,0.963582210789955
"eir_10","IBM",5,116,0.437462863933452,1.18650954896384
"eir_10","IBM",5,123,0.436541695518845,1.20869095086842
"eir_10","IBM",5,130,0.438151717321473,0.888077858880779
"eir_10","IBM",5,137,0.437166567871962,1.25632719173922
"eir_10","IBM",5,144,0.435023497402919,1.03497164461248
"eir_10","IBM",5,151,0.43223824389277,1.03281007882504
"eir_10","IBM",5,158,0.434498141263941,1.00869506605554
"eir_10","IBM",5,165,0.436491436491437,0.988021925966028
"eir_10","IBM",5,172,0.437756565606608,0.93932005959637
"eir_10","IBM",5,179,0.438325011123746,1.28434158884829
"eir_10","IBM",5,186,0.438247208773837,1.0616924846107
"eir_10","IBM",5,193,0.434393834601324,1.18642920024379
"eir_10","IBM",5,200,0.439348309059491,1.18386377457936
"eir_10","IBM",5,207,0.440187376725838,1.23310810810811
"eir_10","IBM",5,214,0.440343432349748,1.03602081503007
"eir_10","IBM",5,221,0.44101678183613,0.938112952316537
"eir_10","IBM",5,228,0.442567901234568,1.21032685930838
"eir_10","IBM",5,235,0.44380801896109,1.03777416734362
"eir_10","IBM",5,242,0.444991870719811,0.94091309951835
"eir_10","IBM",5,249,0.443452087239712,1.0378444248866
"eir_10","IBM",5,256,0.439755472293433,1.08520846003108
"eir_10","IBM",5,263,0.44130691898285,1.15638692281766
"eir_10","IBM",5,270,0.442534961591491,0.811821796859203
"eir_10","IBM",5,277,0.443062248008654,1.01039767740193
"eir_10","IBM",5,284,0.434300299415894,1.1079258010118
"eir_10","IBM",5,291,0.433678222919629,1.03107344632768
"eir_10","IBM",5,298,0.433458959424404,0.786479024981483
"eir_10","IBM",5,305,0.428690412032727,0.809367020561752
"eir_10","IBM",5,312,0.430616848092576,1.10220104683935
"eir_10","IBM",5,319,0.426581657675331,0.809258263907552
"eir_10","IBM",5,326,0.426346305031447,1.27777029756295
"eir_10","IBM",5,333,0.428929765886288,0.934825099413628
"eir_10","IBM",5,340,0.431366764995084,1.22771611167171
"eir_10","IBM",5,347,0.429352915085506,0.956010745466756
"eir_10","IBM",5,354,0.428508058553896,0.882649291328004
"eir_10","IBM",5,361,0.428290089114273,1.17284777078592
"eir_10","IBM",5,365,0.431277988287978,0.85440074906367
"eir_50","IBM",5,4,0.69626237993331,2.03117666778411
"eir_50","IBM",5,11,0.693988255200557,2.35199355618204
"eir_50","IBM",5,18,0.694249089730161,2.4495000335548
"eir_50","IBM",5,25,0.700084749987537,2.5678391959799
"eir_50","IBM",5,32,0.700693508955745,2.11039397606562
"eir_50","IBM",5,39,0.702110673120104,2.52841482278566
"eir_50","IBM",5,46,0.700971357409714,2.31230624073325
"eir_50","IBM",5,53,0.695582889298342,2.08683661801305
"eir_50","IBM",5,60,0.688103053814782,2.8245070991185
"eir_50","IBM",5,67,0.692773175933733,2.17990873708227
"eir_50","IBM",5,74,0.695688842585702,2.27757648953301
"eir_50","IBM",5,81,0.694992563212692,2.59281597641067
"eir_50","IBM",5,88,0.694026154150981,1.93108759710688
"eir_50","IBM",5,95,0.693607532210109,1.97931311508335
"eir_50","IBM",5,102,0.692006347317267,2.07081831531171
"eir_50","IBM",5,109,0.693150820810395,2.33459924045573
"eir_50","IBM",5,116,0.688736795119774,2.21521942110177
"eir_50","IBM",5,123,0.691222492672992,2.52729693741678
"eir_50","IBM",5,130,0.694290976058932,2.3526480164795
"eir_50","IBM",5,137,0.688458272986066,2.16062520784835
"eir_50","IBM",5,144,0.686265686715664,2.38054039664581
"eir_50","IBM",5,151,0.686385493889,2.38164991011386
"eir_50","IBM",5,158,0.686520062114913,1.9501769852401
"eir_50","IBM",5,165,0.685604164581039,2.12493308351178
"eir_50","IBM",5,172,0.684168336673347,2.68705661892652
"eir_50","IBM",5,179,0.686432613812791,2.05440900562852
"eir_50","IBM",5,186,0.686597732154453,2.29821153459709
"eir_50","IBM",5,193,0.688786727963222,2.52349308632031
"eir_50","IBM",5,200,0.689336398161103,2.18459986550101
"eir_50","IBM",5,207,0.689861728148555,2.16078035654221
"eir_50","IBM",5,214,0.689973088806937,2.43038740920097
"eir_50","IBM",5,221,0.692954522838093,2.28401291885345
"eir_50","IBM",5,228,0.695396864891764,2.16194386484485
"eir_50","IBM",5,235,0.694093666103212,2.13306912070934
"eir_50","IBM",5,242,0.693578072924439,2.69734632180047
"eir_50","IBM",5,249,0.697359916471934,2.60451026590374
"eir_50","IBM",5,256,0.695353696149637,2.15773209727261
"eir_50","IBM",5,263,0.695343173798519,2.30237552006442
"eir_50","IBM",5,270,0.692464358452138,2.37378478042239
"eir_50","IBM",5,277,0.694672436949709,2.10374639769452
"eir_50","IBM",5,284,0.696022302982028,2.20855183541751
"eir_50","IBM",5,291,0.693829744816587,2.28293765552492
"eir_50","IBM",5,298,0.693886702207165,2.74731182795699
"eir_50","IBM",5,305,0.69200498132005,2.13694481830417
"eir_50","IBM",5,312,0.692476332835077,2.1198001080497
"eir_50","IBM",5,319,0.69280199252802,2.95706184174993
"eir_50","IBM",5,326,0.695407731727947,2.2915682171066
"eir_50","IBM",5,333,0.696133969389783,2.21809588116138
"eir_50","IBM",5,340,0.695848869003231,2.21555270789775
"eir_50","IBM",5,347,0.695442811755361,2.58376592732421
"eir_50","IBM",5,354,0.694185354236952,2.14054600606673
"eir_50","IBM",5,361,0.693081075726809,2.06617696610284
"eir_50","IBM",5,365,0.698302736404572,2.06506364922207
"eir_120","IBM",5,4,0.791395867688428,3.0402248256247
"eir_120","IBM",5,11,0.792830811020567,2.99119539451405
"eir_120","IBM",5,18,0.793733300947292,3.11690952219587
"eir_120","IBM",5,25,0.793650793650794,2.37688237688238
"eir_120","IBM",5,32,0.794652821582804,2.6264340506415
"eir_120","IBM",5,39,0.792305453134097,2.67780721418382
"eir_120","IBM",5,46,0.797716784066067,3.2011013665103
"eir_120","IBM",5,53,0.799834734846644,2.92913492927095
"eir_120","IBM",5,60,0.802243154010488,3.15468898870287
"eir_120","IBM",5,67,0.80277035236938,2.5333424060969
"eir_120","IBM",5,74,0.800351373773852,2.78019586507073
"eir_120","IBM",5,81,0.796697122196707,2.93192648059905
"eir_120","IBM",5,88,0.795653235653236,2.98080849326256
"eir_120","IBM",5,95,0.793840597393723,3.03482587064677
"eir_120","IBM",5,102,0.795761925687222,2.93392370572207
"eir_120","IBM",5,109,0.793059752412516,2.83061224489796
"eir_120","IBM",5,116,0.789199454616284,2.94954502240934
"eir_120","IBM",5,123,0.790059816174683,2.92714421639255
"eir_120","IBM",5,130,0.783611812706431,2.60749761872364
"eir_120","IBM",5,137,0.782141641957906,3.39938817131203
"eir_120","IBM",5,144,0.784313725490196,2.45182521373321
"eir_120","IBM",5,151,0.77940031152648,2.76402974983097
"eir_120","IBM",5,158,0.785352551616673,2.68581651252278
"eir_120","IBM",5,165,0.78881745567894,2.63280302008898
"eir_120","IBM",5,172,0.789081160126737,2.80220890295643
"eir_120","IBM",5,179,0.79052503052503,2.77072417036141
"eir_120","IBM",5,186,0.790116819003861,2.84887632889248
"eir_120","IBM",5,193,0.783156660641884,2.72920175143146
"eir_120","IBM",5,200,0.784742611078489,2.67768205680442
"eir_120","IBM",5,207,0.783951522259688,2.89857998519416
"eir_120","IBM",5,214,0.784368287443859,2.60398438551622
"eir_120","IBM",5,221,0.788514173998045,2.35864297253635
"eir_120","IBM",5,228,0.790092606203146,2.84275547200215
"eir_120","IBM",5,235,0.788295788442703,2.86841751746373
"eir_120","IBM",5,242,0.794688707389837,2.94058408862034
"eir_120","IBM",5,249,0.792436235708004,2.7384780278671
"eir_120","IBM",5,256,0.793212890625,2.78290529695024
"eir_120","IBM",5,263,0.790785166365369,3.31862548469047
"eir_120","IBM",5,270,0.789818573035356,2.63273893007413
"eir_120","IBM",5,277,0.787468205830562,3.00522123301426
"eir_120","IBM",5,284,0.790356496650203,2.44867838454314
"eir_120","IBM",5,291,0.785686312903858,3.15667739340306
"eir_120","IBM",5,298,0.784238864415076,2.85996517546209
"eir_120","IBM",5,305,0.779223956549396,2.48797113071371
"eir_120","IBM",5,312,0.780157835400225,2.92898221211716
"eir_120","IBM",5,319,0.781735338787908,2.85843373493976
"eir_120","IBM",5,326,0.781044790747819,2.47134142253804
"eir_120","IBM",5,333,0.782457344577368,2.51909675690163
"eir_120","IBM",5,340,0.782742907540791,2.81465835177362
"eir_120","IBM",5,347,0.783218154193011,2.7114844063713
"eir_120","IBM",5,354,0.788148075412412,2.70731707317073
"eir_120","IBM",5,361,0.785419329466129,3.25697542784844
"eir_120","IBM",5,365,0.788984509466437,3.22708236389018
"seasonal","IBM",5,4,0.635502210991788,0.383680441495303
"seasonal","IBM",5,11,0.616293199825013,0.167992635939247
"seasonal","IBM",5,18,0.597266802840191,0.143644234553325
"seasonal","IBM",5,25,0.575841738537251,0.0717562254259502
"seasonal","IBM",5,32,0.55708651833098,0.023837513061651
"seasonal","IBM",5,39,0.541587579695333,0.071549921589127
"seasonal","IBM",5,46,0.518655445833536,0
"seasonal","IBM",5,53,0.504279739324968,0.023812630480167
"seasonal","IBM",5,60,0.487598482637876,0.0238250652741514
"seasonal","IBM",5,67,0.470846120122753,0
"seasonal","IBM",5,74,0.453947047637623,0
"seasonal","IBM",5,81,0.444774665042631,0
"seasonal","IBM",5,88,0.431066355322047,0
"seasonal","IBM",5,95,0.419257529314455,0
"seasonal","IBM",5,102,0.402506827936013,0
"seasonal","IBM",5,109,0.388492722477288,0
"seasonal","IBM",5,116,0.374676244929873,0
"seasonal","IBM",5,123,0.363409624413146,0
"seasonal","IBM",5,130,0.350976839837438,0
"seasonal","IBM",5,137,0.343293101756452,0.191412651589643
"seasonal","IBM",5,144,0.338041338582677,0.335059996065832
"seasonal","IBM",5,151,0.345297882816347,0.645679093231999
"seasonal","IBM",5,158,0.347817528664928,0.740558937103214
"seasonal","IBM",5,165,0.356262934857593,0.978168507745604
"seasonal","IBM",5,172,0.366579479840103,1.2892464678179
"seasonal","IBM",5,179,0.383765112262522,1.19476268412439
"seasonal","IBM",5,186,0.400808319779191,1.26761024834546
"seasonal","IBM",5,193,0.413100221620291,1.62307088673816
"seasonal","IBM",5,200,0.429091624840075,1.78816382520086
"seasonal","IBM",5,207,0.441261873123677,2.11780428971902
"seasonal","IBM",5,214,0.453115756261092,2.1614498600898
"seasonal","IBM",5,221,0.469896125633831,2.11051195426195
"seasonal","IBM",5,228,0.484489816047739,2.06228081569035
"seasonal","IBM",5,235,0.492783606718881,2.82614353568872
"seasonal","IBM",5,242,0.506075065177825,2.51299038711354
"seasonal","IBM",5,249,0.517136403810272,2.8149708360337
"seasonal","IBM",5,256,0.528254684587462,3.25935033001165
"seasonal","IBM",5,263,0.550829162986949,3.68877947654833
"seasonal","IBM",5,270,0.578671242951704,3.92931258106355
"seasonal","IBM",5,277,0.59327426697342,4.21609344581441
"seasonal","IBM",5,284,0.606158674119839,4.90808107054697
"seasonal","IBM",5,291,0.629836967197014,5.02043729319406
"seasonal","IBM",5,298,0.641439937137806,4.67067229620007
"seasonal","IBM",5,305,0.65444820648707,4.7867298578199
"seasonal","IBM",5,312,0.670760949351603,4.40101127965772
"seasonal","IBM",5,319,0.683308859520313,4.17088689780548
"seasonal","IBM",5,326,0.686627821573716,3.46421374244296
"seasonal","IBM",5,333,0.68299612991721,3.82410359862042
"seasonal","IBM",5,340,0.67896516242834,2.83351816817796
"seasonal","IBM",5,347,0.677997648902821,2.11821857068336
"seasonal","IBM",5,354,0.671739662344018,1.4223550042216
"seasonal","IBM",5,361,0.65422069977979,0.686579749627035
"seasonal","IBM",5,365,0.64278368186493,0.664240218380346
"eir_1","IBM",6,4,0.114212689185126,0.196434577867474
"eir_1","IBM",6,11,0.11497995991984,0.147504546373005
"eir_1","IBM",6,18,0.116043691752681,0.148113079940484
"eir_1","IBM",6,25,0.114281423637183,0.147863074741746
"eir_1","IBM",6,32,0.113000850382672,0.123202592317559
"eir_1","IBM",6,39,0.113436123348018,0.172378896235326
"eir_1","IBM",6,46,0.113638646178568,0.0737870619946092
"eir_1","IBM",6,53,0.115577889447236,0.147425109390778
"eir_1","IBM",6,60,0.117555566705133,0.270006724949563
"eir_1","IBM",6,67,0.117906336088154,0.172088637435172
"eir_1","IBM",6,74,0.117756073127974,0.221152551501279
"eir_1","IBM",6,81,0.116817522628394,0.147534357316087
"eir_1","IBM",6,88,0.113996105257902,0.147653721682848
"eir_1","IBM",6,95,0.115087088885562,0.172019120716354
"eir_1","IBM",6,102,0.114522904580916,0.269789006853917
"eir_1","IBM",6,109,0.11673268816126,0.147167529063907
"eir_1","IBM",6,116,0.117062894974421,0.245592786973489
"eir_1","IBM",6,123,0.115191651615493,0.12311947648924
"eir_1","IBM",6,130,0.114610014564813,0.12322754895341
"eir_1","IBM",6,137,0.113634080176831,0.0493243243243243
"eir_1","IBM",6,144,0.113557706776345,0.222500677323219
"eir_1","IBM",6,151,0.113554397916249,0.247457627118644
"eir_1","IBM",6,158,0.114314314314314,0.123385842742208
"eir_1","IBM",6,165,0.11385940316443,0.271485563594563
"eir_1","IBM",6,172,0.114385789342007,0.0984623684920421
"eir_1","IBM",6,179,0.114639504693429,0.221749696233293
"eir_1","IBM",6,186,0.111703452742763,0.0493243243243243
"eir_1","IBM",6,193,0.109488687331805,0.0739964860116232
"eir_1","IBM",6,200,0.109266736453816,0.123285820441802
"eir_1","IBM",6,207,0.107353087897835,0.147873058744092
"eir_1","IBM",6,214,0.107721449578785,0.0738866396761134
"eir_1","IBM",6,221,0.10528937145134,0.147773279352227
"eir_1","IBM",6,228,0.106270561260094,0.19680528408708
"eir_1","IBM",6,235,0.105682553912047,0.245907161625008
"eir_1","IBM",6,242,0.105229051393251,0.172111822162344
"eir_1","IBM",6,249,0.105231689088191,0.0492444684295737
"eir_1","IBM",6,256,0.103199122981862,0.147913008239903
"eir_1","IBM",6,263,0.102255714143128,0.246704967894559
"eir_1","IBM",6,270,0.103637817309614,0.222094516935975
"eir_1","IBM",6,277,0.107939517940017,0.247055638283471
"eir_1","IBM",6,284,0.110185138978991,0.148103063501725
"eir_1","IBM",6,291,0.109275159744409,0.123327476686039
"eir_1","IBM",6,298,0.108669596484219,0.197550909951965
"eir_1","IBM",6,305,0.108569716340392,0.17295065321871
"eir_1","IBM",6,312,0.108006984285358,0.0740014867878624
"eir_1","IBM",6,319,0.106190713929106,0.123036472729724
"eir_1","IBM",6,326,0.106975117417808,0.123003302554425
"eir_1","IBM",6,333,0.105023744063984,0.147783251231527
"eir_1","IBM",6,340,0.105662638569859,0.0988088792636708
"eir_1","IBM",6,347,0.10491394362684,0.14801297648013
"eir_1","IBM",6,354,0.10605003488488,0.295188030731905
"eir_1","IBM",6,361,0.106100531994233,0.123061362103844
"eir_1","IBM",6,365,0.105555555555556,0.517485822306238
"eir_3","IBM",6,4,0.241642170295451,0.34180602006689
"eir_3","IBM",6,11,0.241202783300199,0.488098422037978
"eir_3","IBM",6,18,0.240025803890433,0.489538626609442
"eir_3","IBM",6,25,0.24284862932062,0.367129350231342
"eir_3","IBM",6,32,0.243793445878848,0.342791976923593
"eir_3","IBM",6,39,0.242415214260887,0.464750033507573
"eir_3","IBM",6,46,0.241074970249901,0.463445602780005
"eir_3","IBM",6,53,0.239380136647193,0.389957264957265
"eir_3","IBM",6,60,0.23909275491507,0.46375551691855
"eir_3","IBM",6,67,0.23840403940399,0.365804770495089
"eir_3","IBM",6,74,0.237767432646593,0.487902686806577
"eir_3","IBM",6,81,0.23679263949347,0.487576810045418
"eir_3","IBM",6,88,0.235343674116656,0.388814913448735
"eir_3","IBM",6,95,0.232488970405988,0.121431898329896
"eir_3","IBM",6,102,0.233661504972048,0.29180546302465
"eir_3","IBM",6,109,0.232126965292198,0.438116831154975
"eir_3","IBM",6,116,0.232446598101266,0.58489684182413
"eir_3","IBM",6,123,0.227901918133281,0.413887406616862
"eir_3","IBM",6,130,0.22559738781972,0.413060844095327
"eir_3","IBM",6,137,0.230654761904762,0.46088921379677
"eir_3","IBM",6,144,0.230574701244608,0.485404614668528
"eir_3","IBM",6,151,0.230494341870161,0.485340070474038
"eir_3","IBM",6,158,0.233129748249665,0.389048031443608
"eir_3","IBM",6,165,0.230372208436725,0.510557516818757
"eir_3","IBM",6,172,0.227599543809193,0.437912417516497
"eir_3","IBM",6,179,0.228142144022142,0.462796129462796
"eir_3","IBM",6,186,0.229271418712412,0.31686143572621
"eir_3","IBM",6,193,0.226748768472906,0.243284676398054
"eir_3","IBM",6,200,0.226271979510417,0.36448971439984
"eir_3","IBM",6,207,0.22554949107538,0.485436893203883
"eir_3","IBM",6,214,0.225629200804592,0.508727683015862
"eir_3","IBM",6,221,0.226366086743445,0.436139139670738
"eir_3","IBM",6,228,0.22580802894724,0.48405278164578
"eir_3","IBM",6,235,0.22251001857101,0.532387456076377
"eir_3","IBM",6,242,0.223736263736264,0.362871155885472
"eir_3","IBM",6,249,0.228101922042353,0.411308497945115
"eir_3","IBM",6,256,0.231454296339793,0.508154335719968
"eir_3","IBM",6,263,0.232527407987471,0.31484307610643
"eir_3","IBM",6,270,0.231455169034787,0.290431668987468
"eir_3","IBM",6,277,0.227892825596231,0.484373963240661
"eir_3","IBM",6,284,0.224561920188485,0.363497543486921
"eir_3","IBM",6,291,0.221151955966188,0.315680926086089
"eir_3","IBM",6,298,0.220873667141664,0.364611081513053
"eir_3","IBM",6,305,0.219661681784751,0.437154833987624
"eir_3","IBM",6,312,0.22339903893302,0.509776536312849
"eir_3","IBM",6,319,0.224220093343159,0.48614810868407
"eir_3","IBM",6,326,0.226238352133399,0.609064210385796
"eir_3","IBM",6,333,0.22939015429831,0.43864334357057
"eir_3","IBM",6,340,0.227793555969053,0.609756097560976
"eir_3","IBM",6,347,0.231180160752794,0.489702824176561
"eir_3","IBM",6,354,0.231267163593566,0.368067226890756
"eir_3","IBM",6,361,0.229093223658441,0.564559515803631
"eir_3","IBM",6,365,0.226369863013699,0.343853038153556
"eir_10","IBM",6,4,0.429263420724095,0.897908979089791
"eir_10","IBM",6,11,0.428020243523576,1.14576224921523
"eir_10","IBM",6,18,0.429244337542594,0.994550408719346
"eir_10","IBM",6,25,0.427246289610911,1.06877766428328
"eir_10","IBM",6,32,0.426183424526881,0.941551829475256
"eir_10","IBM",6,39,0.428693381540625,1.11182562783456
"eir_10","IBM",6,46,0.42940437295803,1.23469318719978
"eir_10","IBM",6,53,0.432260009042046,1.08491521988786
"eir_10","IBM",6,60,0.433428614412517,1.03749323226854
"eir_10","IBM",6,67,0.43029847002759,0.669633756879799
"eir_10","IBM",6,74,0.431429574286717,0.893087745531163
"eir_10","IBM",6,81,0.42980431510286,0.941424014117966
"eir_10","IBM",6,88,0.432676395366331,0.989428029276227
"eir_10","IBM",6,95,0.431642778390298,0.792025496711195
"eir_10","IBM",6,102,0.429080148460227,0.940275235577249
"eir_10","IBM",6,109,0.430202854996243,1.0646452313119
"eir_10","IBM",6,116,0.43302789044114,0.791542423420981
"eir_10","IBM",6,123,0.433350025037556,0.840444263849384
"eir_10","IBM",6,130,0.433268278036331,1.11333288144784
"eir_10","IBM",6,137,0.430907726931733,1.11582880434783
"eir_10","IBM",6,144,0.428235294117647,0.84347175966832
"eir_10","IBM",6,151,0.431635926222935,1.06298679309177
"eir_10","IBM",6,158,0.434181526748147,1.2855594689786
"eir_10","IBM",6,165,0.436730403443788,1.3617555284222
"eir_10","IBM",6,172,0.441966294944242,1.06616398342504
"eir_10","IBM",6,179,0.443538299894932,1.19305413687436
"eir_10","IBM",6,186,0.440701684242091,0.696043042974869
"eir_10","IBM",6,193,0.435233940123364,0.967183041174072
"eir_10","IBM",6,200,0.431143430290873,1.21625297517851
"eir_10","IBM",6,207,0.438054205701117,0.968565013268014
"eir_10","IBM",6,214,0.4359308443999,1.04257344940152
"eir_10","IBM",6,221,0.436460212467428,1.09095849466748
"eir_10","IBM",6,228,0.434132185920849,1.01823501394842
"eir_10","IBM",6,235,0.433181568019212,0.745050010206165
"eir_10","IBM",6,242,0.432608477803387,1.04278620502007
"eir_10","IBM",6,249,0.429367749711244,0.893269884432359
"eir_10","IBM",6,256,0.429396114652879,1.13985064494229
"eir_10","IBM",6,263,0.432163830748381,0.964300230321095
"eir_10","IBM",6,270,0.434151729678164,0.791649722109258
"eir_10","IBM",6,277,0.430435655490865,0.74046524208818
"eir_10","IBM",6,284,0.43080323504295,0.862301721228485
"eir_10","IBM",6,291,0.432838823233593,0.962930393019008
"eir_10","IBM",6,298,0.432663746664653,0.741267262388302
"eir_10","IBM",6,305,0.430865253938692,0.890545577770247
"eir_10","IBM",6,312,0.430026728528922,1.13830508474576
"eir_10","IBM",6,319,0.434584870382536,0.964169601733947
"eir_10","IBM",6,326,0.43702395964691,1.06377931408432
"eir_10","IBM",6,333,0.440685656667507,0.964430894308943
"eir_10","IBM",6,340,0.439523857560779,1.140625
"eir_10","IBM",6,347,0.44010272420565,0.966001628664495
"eir_10","IBM",6,354,0.444237262510709,1.0905140218646
"eir_10","IBM",6,361,0.440625,1.03988603988604
"eir_10","IBM",6,365,0.439153439153439,0.692271218587008
"eir_50","IBM",6,4,0.707882145555276,2.51894451962111
"eir_50","IBM",6,11,0.704453645728136,1.92664275563376
"eir_50","IBM",6,18,0.700176366843034,2.37511014708873
"eir_50","IBM",6,25,0.698882512836001,2.35228274879588
"eir_50","IBM",6,32,0.7023719595105,2.2041661012349
"eir_50","IBM",6,39,0.699290137441474,2.63143576140924
"eir_50","IBM",6,46,0.701985086658605,2.38497141301389
"eir_50","IBM",6,53,0.703295597484277,2.31659045929161
"eir_50","IBM",6,60,0.703852933769831,2.56166530389752
"eir_50","IBM",6,67,0.70206325984967,2.3038550291842
"eir_50","IBM",6,74,0.699571248423707,2.54898637195742
"eir_50","IBM",6,81,0.697127016129032,2.48130523453433
"eir_50","IBM",6,88,0.695489859751791,2.70021718474277
"eir_50","IBM",6,95,0.699807828461616,2.49830577392247
"eir_50","IBM",6,102,0.698144684293008,2.32594400379635
"eir_50","IBM",6,109,0.695315661675435,2.02709109380291
"eir_50","IBM",6,116,0.699964612506951,2.4185260311021
"eir_50","IBM",6,123,0.695634579391977,2.35021011251186
"eir_50","IBM",6,130,0.690100212572123,2.02257061765103
"eir_50","IBM",6,137,0.690257445734478,2.28894133513149
"eir_50","IBM",6,144,0.691430301806803,2.11651270986447
"eir_50","IBM",6,151,0.689716222368355,2.23309130025548
"eir_50","IBM",6,158,0.689258959303503,2.22949389179756
"eir_50","IBM",6,165,0.691852226720648,2.18122607936614
"eir_50","IBM",6,172,0.689939749886082,2.18533467877565
"eir_50","IBM",6,179,0.684452761480882,2.53079771120835
"eir_50","IBM",6,186,0.677473278962565,2.26922557102311
"eir_50","IBM",6,193,0.676516802676263,1.97671269970214
"eir_50","IBM",6,200,0.675189873417722,2.09571737368279
"eir_50","IBM",6,207,0.683113590263692,2.45923729955532
"eir_50","IBM",6,214,0.682011762320016,2.58760380798056
"eir_50","IBM",6,221,0.686521011811223,2.54209209547637
"eir_50","IBM",6,228,0.685424588086185,2.63475679686973
"eir_50","IBM",6,235,0.684607594936709,1.92105263157895
"eir_50","IBM",6,242,0.689341026419678,2.3213802435724
"eir_50","IBM",6,249,0.691339299256787,2.73916570887702
"eir_50","IBM",6,256,0.6966649823143,2.74287455148602
"eir_50","IBM",6,263,0.696739075651429,2.25003387074922
"eir_50","IBM",6,270,0.696940726577438,2.15317331163548
"eir_50","IBM",6,277,0.69559533386967,2.82312232851618
"eir_50","IBM",6,284,0.698351261686941,2.3008879549922
"eir_50","IBM",6,291,0.696491404443551,2.44684452871073
"eir_50","IBM",6,298,0.693336685944179,2.39627749576988
"eir_50","IBM",6,305,0.69612426481677,2.44452712758761
"eir_50","IBM",6,312,0.698458138717292,1.99817518248175
"eir_50","IBM",6,319,0.696081379033875,2.34655207416932
"eir_50","IBM",6,326,0.694826981821824,2.19715928305715
"eir_50","IBM",6,333,0.697593811222183,2.61772665764547
"eir_50","IBM",6,340,0.694253450439147,2.75899304852534
"eir_50","IBM",6,347,0.689809012983107,2.4668829413355
"eir_50","IBM",6,354,0.699037400982653,2.19834878527441
"eir_50","IBM",6,361,0.690500100421771,2.46955345060893
"eir_50","IBM",6,365,0.692686357243319,2.93936522974893
"eir_120","IBM",6,4,0.784260997513826,2.82047743894025
"eir_120","IBM",6,11,0.782271552379504,2.79471614816859
"eir_120","IBM",6,18,0.783802923769538,2.99613713182038
"eir_120","IBM",6,25,0.781011184776558,3.07570106368283
"eir_120","IBM",6,32,0.782282586661261,2.51897860593513
"eir_120","IBM",6,39,0.776853214267593,2.81892152806509
"eir_120","IBM",6,46,0.772563360251917,2.74511833298834
"eir_120","IBM",6,53,0.772891168554162,2.71993376112606
"eir_120","IBM",6,60,0.77214996951839,3.03093211542454
"eir_120","IBM",6,67,0.7767389868401,2.77931607365361
"eir_120","IBM",6,74,0.782555719145047,2.679919650897
"eir_120","IBM",6,81,0.782613100967628,3.08230082370042
"eir_120","IBM",6,88,0.782192751569144,2.83495145631068
"eir_120","IBM",6,95,0.78296967549233,2.60605850547622
"eir_120","IBM",6,102,0.779226048587513,2.37900429898766
"eir_120","IBM",6,109,0.784633353646151,2.17487701794499
"eir_120","IBM",6,116,0.78418543315074,2.27209849218426
"eir_120","IBM",6,123,0.786076205918119,2.54786094408736
"eir_120","IBM",6,130,0.783711141538618,2.51567992280653
"eir_120","IBM",6,137,0.776839016492968,3.24053682037164
"eir_120","IBM",6,144,0.786591839830123,2.76972958057395
"eir_120","IBM",6,151,0.782090757659886,2.31442552898201
"eir_120","IBM",6,158,0.782474902890582,2.98912669465281
"eir_120","IBM",6,165,0.786139112903226,3.05985020270735
"eir_120","IBM",6,172,0.782838716178768,2.60606892763971
"eir_120","IBM",6,179,0.778919790407094,3.05921956581478
"eir_120","IBM",6,186,0.780730059493798,2.95627702656325
"eir_120","IBM",6,193,0.781624836206028,2.82790538224203
"eir_120","IBM",6,200,0.779470365699874,2.62806006994446
"eir_120","IBM",6,207,0.77506802378313,2.67646655701754
"eir_120","IBM",6,214,0.774201659542369,2.69243904104911
"eir_120","IBM",6,221,0.77069008782936,3.10945273631841
"eir_120","IBM",6,228,0.7736369564127,2.7318500374226
"eir_120","IBM",6,235,0.773660490736104,2.78360343183985
"eir_120","IBM",6,242,0.779323458767014,2.88282154286103
"eir_120","IBM",6,249,0.782139106955348,2.73259375212686
"eir_120","IBM",6,256,0.782760861956902,2.68675027262814
"eir_120","IBM",6,263,0.782232665100235,2.76760707698613
"eir_120","IBM",6,270,0.780106802415531,2.79444938136578
"eir_120","IBM",6,277,0.784000797965189,2.69538461538462
"eir_120","IBM",6,284,0.782051920872988,2.89543869247077
"eir_120","IBM",6,291,0.776776378031171,3.37199753644016
"eir_120","IBM",6,298,0.779819712137059,2.54581509846827
"eir_120","IBM",6,305,0.776055425409959,2.85039046444718
"eir_120","IBM",6,312,0.770792892339854,2.95080844066868
"eir_120","IBM",6,319,0.774658385093168,3.07647502227095
"eir_120","IBM",6,326,0.777369727047146,2.6005343563746
"eir_120","IBM",6,333,0.777270017881979,2.80480274442539
"eir_120","IBM",6,340,0.780415135564604,2.8238395180063
"eir_120","IBM",6,347,0.777015607913311,2.62914179872402
"eir_120","IBM",6,354,0.782239228743229,3.12864294041007
"eir_120","IBM",6,361,0.784532034395348,2.98748194511314
"eir_120","IBM",6,365,0.7839248434238,2.64237451737452
"seasonal","IBM",6,4,0.600337519233633,0.286050156739812
"seasonal","IBM",6,11,0.581411565472929,0.261768157517277
"seasonal","IBM",6,18,0.565362738249676,0.118784170788857
"seasonal","IBM",6,25,0.543053617699821,0.0713355048859935
"seasonal","IBM",6,32,0.529059914265776,0
"seasonal","IBM",6,39,0.51382649495857,0.023828176002089
"seasonal","IBM",6,46,0.49236145781328,0.0238780583540495
"seasonal","IBM",6,53,0.473274830474671,0.0477529927389285
"seasonal","IBM",6,60,0.454377650286855,0.0238484155504737
"seasonal","IBM",6,67,0.436919852280667,0
"seasonal","IBM",6,74,0.423128776152195,0
"seasonal","IBM",6,81,0.406577502744785,0.0477373790217107
"seasonal","IBM",6,88,0.392930251135853,0.047675026123302
"seasonal","IBM",6,95,0.380624219725343,0
"seasonal","IBM",6,102,0.36852092280036,0
"seasonal","IBM",6,109,0.355342616160104,0
"seasonal","IBM",6,116,0.341989612465042,0
"seasonal","IBM",6,123,0.330385691446843,0
"seasonal","IBM",6,130,0.320632063206321,0.0715265530080345
"seasonal","IBM",6,137,0.310351728623605,0.262864999345293
"seasonal","IBM",6,144,0.3054426887384,0.334183506637892
"seasonal","IBM",6,151,0.303322292482184,0.596873364730508
"seasonal","IBM",6,158,0.312521974986187,0.97989785227868
"seasonal","IBM",6,165,0.322917189145809,1.17010140660779
"seasonal","IBM",6,172,0.330519545774294,1.14524774480324
"seasonal","IBM",6,179,0.346047261550864,1.31072081483416
"seasonal","IBM",6,186,0.365872095953233,1.57030180561893
"seasonal","IBM",6,193,0.38349539019598,1.6698255016012
"seasonal","IBM",6,200,0.40286936823559,1.7879302462282
"seasonal","IBM",6,207,0.4170775888095,1.50323592861345
"seasonal","IBM",6,214,0.434054325955734,1.59941137998692
"seasonal","IBM",6,221,0.444864619573438,1.812479581836
"seasonal","IBM",6,228,0.449982343742118,2.05364736669938
"seasonal","IBM",6,235,0.465116279069767,1.93349028840494
"seasonal","IBM",6,242,0.480600624811045,2.58237798886341
"seasonal","IBM",6,249,0.493160329913498,2.22488038277512
"seasonal","IBM",6,256,0.511846672367825,3.3288498130044
"seasonal","IBM",6,263,0.534860357645168,3.90694772786971
"seasonal","IBM",6,270,0.550231062889291,3.42711753118844
"seasonal","IBM",6,277,0.570890840652447,3.32753984390372
"seasonal","IBM",6,284,0.590838392453966,3.94091087553985
"seasonal","IBM",6,291,0.608894013837361,4.31938542007192
"seasonal","IBM",6,298,0.626265664160401,4.48819412649617
"seasonal","IBM",6,305,0.642671075042581,5.02030390358921
"seasonal","IBM",6,312,0.650780937124549,3.60605862339702
"seasonal","IBM",6,319,0.662554934079105,4.19649856284296
"seasonal","IBM",6,326,0.674718035732109,3.14716833235352
"seasonal","IBM",6,333,0.666134344744985,2.96107294733399
"seasonal","IBM",6,340,0.66183285991927,2.43222055268831
"seasonal","IBM",6,347,0.65612864681868,1.74025210632878
"seasonal","IBM",6,354,0.643440581731248,1.50058731401723
"seasonal","IBM",6,361,0.62828423566879,1.07233792518117
"seasonal","IBM",6,365,0.616376306620209,1.16560218978102
"eir_1","IBM",7,4,0.108260294765705,0.146605971348239
"eir_1","IBM",7,11,0.106474679204623,0.219658976930792
"eir_1","IBM",7,18,0.107443270735524,0.170834447713292
"eir_1","IBM",7,25,0.106873592480172,0.0974177620604524
"eir_1","IBM",7,32,0.106635998825487,0.170492459628987
"eir_1","IBM",7,39,0.109354349209457,0.219409564520438
"eir_1","IBM",7,46,0.109563511525257,0.194965613941377
"eir_1","IBM",7,53,0.110070142738019,0.218359478862005
"eir_1","IBM",7,60,0.110817554674886,0.267203513909224
"eir_1","IBM",7,67,0.111334149326805,0.219087635054022
"eir_1","IBM",7,74,0.110008796794057,0.244000267397553
"eir_1","IBM",7,81,0.109005665168978,0.170765940382302
"eir_1","IBM",7,88,0.10890170021497,0.121934923498363
"eir_1","IBM",7,95,0.107696810067311,0.2689756816507
"eir_1","IBM",7,102,0.108014447481453,0.12233543370425
"eir_1","IBM",7,109,0.108123961286538,0.171418986917142
"eir_1","IBM",7,116,0.108064516129032,0.269698394572446
"eir_1","IBM",7,123,0.109287214812644,0.221093013864585
"eir_1","IBM",7,130,0.107760097919217,0.220959171319029
"eir_1","IBM",7,137,0.108822519739101,0.122507887494126
"eir_1","IBM",7,144,0.107496810911589,0.122697324189862
"eir_1","IBM",7,151,0.106267163593566,0.123094563604479
"eir_1","IBM",7,158,0.106180354425409,0.246704967894559
"eir_1","IBM",7,165,0.106388194342305,0.0493309906744155
"eir_1","IBM",7,172,0.104900234741784,0.22221470608131
"eir_1","IBM",7,179,0.104383521477789,0.197939262472885
"eir_1","IBM",7,186,0.104453480966146,0.0741719162771794
"eir_1","IBM",7,193,0.103786541102609,0.123695269079572
"eir_1","IBM",7,200,0.104445424692447,0.17324382967182
"eir_1","IBM",7,207,0.104752096513168,0.123888398615165
"eir_1","IBM",7,214,0.105113077679449,0.148726655348048
"eir_1","IBM",7,221,0.105169867060561,0.173856831790964
"eir_1","IBM",7,228,0.105797172831601,0.22331747110809
"eir_1","IBM",7,235,0.107225533172438,0.173573369565217
"eir_1","IBM",7,242,0.107646073504779,0.123863173612054
"eir_1","IBM",7,249,0.107800088805565,0.12412432836836
"eir_1","IBM",7,256,0.106899615042938,0.148756962369243
"eir_1","IBM",7,263,0.107299521908423,0.0743128605361384
"eir_1","IBM",7,270,0.107508868742609,0.12377916440586
"eir_1","IBM",7,277,0.108009648993256,0.123753983861124
"eir_1","IBM",7,284,0.109986239433851,0.197778379842861
"eir_1","IBM",7,291,0.1102771645818,0.197617758527342
"eir_1","IBM",7,298,0.109159408944124,0.12340252890662
"eir_1","IBM",7,305,0.106795166576978,0.123269165822357
"eir_1","IBM",7,312,0.108138511200235,0.197604385193206
"eir_1","IBM",7,319,0.108836891211958,0.123578006500542
"eir_1","IBM",7,326,0.109211683110286,0.0986886575638773
"eir_1","IBM",7,333,0.107394022269975,0.197537545663645
"eir_1","IBM",7,340,0.109488694633003,0.197631133671743
"eir_1","IBM",7,347,0.108566126196523,0.0991578375441456
"eir_1","IBM",7,354,0.106706422915241,0.123686885801423
"eir_1","IBM",7,361,0.105461301520559,0.123678503659528
"eir_1","IBM",7,365,0.106055422511119,0.173644148430067
"eir_3","IBM",7,4,0.244861483467382,0.4676962503372
"eir_3","IBM",7,11,0.242086956521739,0.393424952842899
"eir_3","IBM",7,18,0.242321836795547,0.369208982399353
"eir_3","IBM",7,25,0.248274834930249,0.368413969450239
"eir_3","IBM",7,32,0.251228836701256,0.466469361673505
"eir_3","IBM",7,39,0.247948679695659,0.343691148775895
"eir_3","IBM",7,46,0.248867877581488,0.73931537370873
"eir_3","IBM",7,53,0.252786069651741,0.197738200040631
"eir_3","IBM",7,60,0.248311481922924,0.296486834089217
"eir_3","IBM",7,67,0.247787610619469,0.42047841702243
"eir_3","IBM",7,74,0.24817590708294,0.347099578861568
"eir_3","IBM",7,81,0.247491804907122,0.446179966044143
"eir_3","IBM",7,88,0.247097350401905,0.544887019067653
"eir_3","IBM",7,95,0.246001788020264,0.296969286053292
"eir_3","IBM",7,102,0.241745106828029,0.371690427698574
"eir_3","IBM",7,109,0.239816522909707,0.618811881188119
"eir_3","IBM",7,116,0.239846514177505,0.297231270358306
"eir_3","IBM",7,123,0.241035359832427,0.520649368292352
"eir_3","IBM",7,130,0.241300114833491,0.644438408257504
"eir_3","IBM",7,137,0.245837708114594,0.396685232984649
"eir_3","IBM",7,144,0.246586305206822,0.222621306587151
"eir_3","IBM",7,151,0.242293835068054,0.321716726557733
"eir_3","IBM",7,158,0.239907958581362,0.247055638283471
"eir_3","IBM",7,165,0.241634572100235,0.395369304718706
"eir_3","IBM",7,172,0.239662405113863,0.320781503515414
"eir_3","IBM",7,179,0.240336720462243,0.345503718728871
"eir_3","IBM",7,186,0.242867118914605,0.468422830124958
"eir_3","IBM",7,193,0.238789573554379,0.344897408207343
"eir_3","IBM",7,200,0.23702335795568,0.517975402081362
"eir_3","IBM",7,207,0.23549062624651,0.346135609293504
"eir_3","IBM",7,214,0.233593711129907,0.543191503754312
"eir_3","IBM",7,221,0.235367125055851,0.419171789502128
"eir_3","IBM",7,228,0.23555092523689,0.543706412079355
"eir_3","IBM",7,235,0.242280049566295,0.470488466757123
"eir_3","IBM",7,242,0.240533306899286,0.296929021761237
"eir_3","IBM",7,249,0.239188653045031,0.420392953929539
"eir_3","IBM",7,256,0.240817947190788,0.493910690121786
"eir_3","IBM",7,263,0.242133518914351,0.419653726498039
"eir_3","IBM",7,270,0.241072758877576,0.320933378424078
"eir_3","IBM",7,277,0.241869010377874,0.494479441847863
"eir_3","IBM",7,284,0.244119548460888,0.371715662977799
"eir_3","IBM",7,291,0.242100556438792,0.27312925170068
"eir_3","IBM",7,298,0.243926672959412,0.348329925017042
"eir_3","IBM",7,305,0.246224165341812,0.399480128599767
"eir_3","IBM",7,312,0.246060545807029,0.474512487170715
"eir_3","IBM",7,319,0.24462965719105,0.499521007253319
"eir_3","IBM",7,326,0.24807816297178,0.648711463531342
"eir_3","IBM",7,333,0.250507450863904,0.499247708931747
"eir_3","IBM",7,340,0.250074294205052,0.324710873879422
"eir_3","IBM",7,347,0.251003717472119,0.299794661190965
"eir_3","IBM",7,354,0.248550042135528,0.375540160504836
"eir_3","IBM",7,361,0.247496778031129,0.225030826140567
"eir_3","IBM",7,365,0.246793760831889,0.698898994734323
"eir_10","IBM",7,4,0.437292502849215,0.804985631223685
"eir_10","IBM",7,11,0.439946553174642,1.05074646850104
"eir_10","IBM",7,18,0.440291117932469,1.0519436997319
"eir_10","IBM",7,25,0.441393300677849,0.90613258185722
"eir_10","IBM",7,32,0.443223443223443,0.90619338388244
"eir_10","IBM",7,39,0.440995940995941,1.15211551376763
"eir_10","IBM",7,46,0.440360610263523,0.809258263907552
"eir_10","IBM",7,53,0.440579853552345,1.00294886401716
"eir_10","IBM",7,60,0.43958436417615,0.831825189355855
"eir_10","IBM",7,67,0.435352935352935,0.981050934014245
"eir_10","IBM",7,74,0.429699452203524,1.0314203054565
"eir_10","IBM",7,81,0.431389957581138,1.12624094445935
"eir_10","IBM",7,88,0.434478340150806,0.807089252211204
"eir_10","IBM",7,95,0.437410780211666,1.29571332886805
"eir_10","IBM",7,102,0.43895005898545,0.905100194356947
"eir_10","IBM",7,109,0.436032229537192,0.905707196029777
"eir_10","IBM",7,116,0.435471994501988,0.612005365526492
"eir_10","IBM",7,123,0.432485515074143,1.09888271894026
"eir_10","IBM",7,130,0.432477623684469,0.90237872511025
"eir_10","IBM",7,137,0.430419597619165,1.14381917589012
"eir_10","IBM",7,144,0.426724349835308,0.802090963574615
"eir_10","IBM",7,151,0.426619482945051,1.02029950083195
"eir_10","IBM",7,158,0.427646106285883,0.947484025559105
"eir_10","IBM",7,165,0.428262896971482,1.36194029850746
"eir_10","IBM",7,172,0.427975460122699,1.16893514811849
"eir_10","IBM",7,179,0.426215831574815,0.973852721451441
"eir_10","IBM",7,186,0.430183495240899,0.778614759016066
"eir_10","IBM",7,193,0.429280762991003,0.607482857333067
"eir_10","IBM",7,200,0.430948746984393,1.02002794597112
"eir_10","IBM",7,207,0.43477618555178,1.06902749118019
"eir_10","IBM",7,214,0.435123538985057,1.21674778318555
"eir_10","IBM",7,221,0.440677966101695,1.01792828685259
"eir_10","IBM",7,228,0.444417008247321,0.847823201486594
"eir_10","IBM",7,235,0.444285573414851,1.30972157618446
"eir_10","IBM",7,242,0.445398470268937,1.13812777814635
"eir_10","IBM",7,249,0.447221811369127,0.943089969524314
"eir_10","IBM",7,256,0.444729190281406,1.03961051864609
"eir_10","IBM",7,263,0.437561649240481,1.18365320979484
"eir_10","IBM",7,270,0.438745314657723,0.892715494447382
"eir_10","IBM",7,277,0.437333596292279,0.917206718688004
"eir_10","IBM",7,284,0.438371005072143,1.06442205726405
"eir_10","IBM",7,291,0.437949020765673,1.0660471291072
"eir_10","IBM",7,298,0.4393566791265,1.11346906293521
"eir_10","IBM",7,305,0.439376812306483,0.824529931566009
"eir_10","IBM",7,312,0.440725449719847,1.35453943008615
"eir_10","IBM",7,319,0.43663356602104,0.870429252782194
"eir_10","IBM",7,326,0.436992969172526,0.872741764080765
"eir_10","IBM",7,333,0.436139368027913,1.13994285334574
"eir_10","IBM",7,340,0.438191201769477,1.13911022576361
"eir_10","IBM",7,347,0.434163876304904,0.969777482563932
"eir_10","IBM",7,354,0.4340375240065,0.65316808059385
"eir_10","IBM",7,361,0.436690470327505,1.0405754823311
"eir_10","IBM",7,365,0.436595451412819,0.677808727948004
"eir_50","IBM",7,4,0.688905145086564,2.02737067523255
"eir_50","IBM",7,11,0.691943590494315,2.42159227985525
"eir_50","IBM",7,18,0.691472716604733,2.30098584937295
"eir_50","IBM",7,25,0.690584494986549,2.54508883674154
"eir_50","IBM",7,32,0.695482104439664,2.81465835177362
"eir_50","IBM",7,39,0.69835600352285,2.66762773233204
"eir_50","IBM",7,46,0.692575349179123,2.17611200428725
"eir_50","IBM",7,53,0.689348967276652,2.27559160689147
"eir_50","IBM",7,60,0.689424824401984,2.41705685618729
"eir_50","IBM",7,67,0.691260322453795,2.41302170283806
"eir_50","IBM",7,74,0.688346750441783,1.94887539211106
"eir_50","IBM",7,81,0.684135769211931,2.7758505670447
"eir_50","IBM",7,88,0.689139494974258,2.28718085460969
"eir_50","IBM",7,95,0.68681561502578,2.38212573255194
"eir_50","IBM",7,102,0.684083759339363,2.0433188937021
"eir_50","IBM",7,109,0.686369000786782,2.16552229851343
"eir_50","IBM",7,116,0.683783783783784,2.48382146907732
"eir_50","IBM",7,123,0.684585524052872,2.14204734911637
"eir_50","IBM",7,130,0.675929107958172,2.41044626776066
"eir_50","IBM",7,137,0.674298629194713,2.09294572609681
"eir_50","IBM",7,144,0.675211156943626,2.1115100738081
"eir_50","IBM",7,151,0.673296012571204,2.39733297949977
"eir_50","IBM",7,158,0.674692296376208,2.18040621266428
"eir_50","IBM",7,165,0.675123914217009,2.493864013267
"eir_50","IBM",7,172,0.68,2.01068560430079
"eir_50","IBM",7,179,0.678853997739447,2.24980116648993
"eir_50","IBM",7,186,0.675028281933992,2.07963429177157
"eir_50","IBM",7,193,0.67562512305572,2.4384839264453
"eir_50","IBM",7,200,0.681395463268218,2.36667989943099
"eir_50","IBM",7,207,0.681082410824108,2.43558403805497
"eir_50","IBM",7,214,0.6863873315629,2.26274483941173
"eir_50","IBM",7,221,0.69068255687974,2.35825421940928
"eir_50","IBM",7,228,0.69066627242263,2.6227833080625
"eir_50","IBM",7,235,0.69554931243531,2.35468369429267
"eir_50","IBM",7,242,0.696307237813885,2.30678077682686
"eir_50","IBM",7,249,0.692481794922259,2.40574742947535
"eir_50","IBM",7,256,0.688597138220977,2.57465884369438
"eir_50","IBM",7,263,0.688245147305153,2.59461594155203
"eir_50","IBM",7,270,0.691053305744408,2.23175542406312
"eir_50","IBM",7,277,0.684949733885275,2.39879074658254
"eir_50","IBM",7,284,0.686055698202647,2.6398842790453
"eir_50","IBM",7,291,0.689120450392612,2.0899697248914
"eir_50","IBM",7,298,0.695485015772871,2.26125354247677
"eir_50","IBM",7,305,0.692114589486119,2.69603640440546
"eir_50","IBM",7,312,0.695770065075922,2.47955414852922
"eir_50","IBM",7,319,0.691094573949042,2.24266649048626
"eir_50","IBM",7,326,0.690983525697938,2.86661826821542
"eir_50","IBM",7,333,0.691636686215563,2.55379537953795
"eir_50","IBM",7,340,0.693171741058232,2.2316087042272
"eir_50","IBM",7,347,0.690578316817039,2.08229508196721
"eir_50","IBM",7,354,0.694521087899093,2.25279054497702
"eir_50","IBM",7,361,0.694318181818182,2.32667411447723
"eir_50","IBM",7,365,0.694704049844237,1.50826446280992
"eir_120","IBM",7,4,0.794332858616117,2.69783684817251
"eir_120","IBM",7,11,0.791725965549394,3.03775627579674
"eir_120","IBM",7,18,0.795357510919174,2.6927241962775
"eir_120","IBM",7,25,0.797121383307953,2.8126267405705
"eir_120","IBM",7,32,0.792217363533631,2.95367185919482
"eir_120","IBM",7,39,0.793183159551446,2.87556393508855
"eir_120","IBM",7,46,0.788294939948809,2.28493537964459
"eir_120","IBM",7,53,0.786350440387738,3.02302875227257
"eir_120","IBM",7,60,0.788760167611536,2.57197503523253
"eir_120","IBM",7,67,0.788488074117879,2.25187768240343
"eir_120","IBM",7,74,0.784207413249211,2.93369055592766
"eir_120","IBM",7,81,0.780937853663337,2.95556447835107
"eir_120","IBM",7,88,0.776612506154604,3.10066889632107
"eir_120","IBM",7,95,0.776086313922554,2.46968580424734
"eir_120","IBM",7,102,0.777072258318567,2.86437722181233
"eir_120","IBM",7,109,0.779718559338713,2.57076737322243
"eir_120","IBM",7,116,0.786680438738872,3.00461785570874
"eir_120","IBM",7,123,0.78337357709555,2.56526104417671
"eir_120","IBM",7,130,0.782810800118683,3.10711173671158
"eir_120","IBM",7,137,0.784375772558715,3.16134013696791
"eir_120","IBM",7,144,0.786088590073166,3.13599140824272
"eir_120","IBM",7,151,0.789184914240522,2.76644979542558
"eir_120","IBM",7,158,0.787623762376238,2.79468063671167
"eir_120","IBM",7,165,0.787856257744734,2.81088863590705
"eir_120","IBM",7,172,0.789309112567004,2.83191759748512
"eir_120","IBM",7,179,0.785327571648537,2.46638121362146
"eir_120","IBM",7,186,0.787531617318851,2.73976275048589
"eir_120","IBM",7,193,0.785739061493484,3.16516536703415
"eir_120","IBM",7,200,0.780549494147986,3.41488860469812
"eir_120","IBM",7,207,0.783237566871409,2.60503635873956
"eir_120","IBM",7,214,0.788298767509776,2.92275082430523
"eir_120","IBM",7,221,0.788862535823698,2.87537032049556
"eir_120","IBM",7,228,0.790985024464983,2.80126565234954
"eir_120","IBM",7,235,0.785728395061728,2.57924490207955
"eir_120","IBM",7,242,0.785124783790462,2.90522765598651
"eir_120","IBM",7,249,0.782206616883438,2.49121502905798
"eir_120","IBM",7,256,0.784093161546085,3.18852847565518
"eir_120","IBM",7,263,0.782302814110186,3.16595513993359
"eir_120","IBM",7,270,0.785657607617536,2.6280396685233
"eir_120","IBM",7,277,0.783531746031746,3.07097299497897
"eir_120","IBM",7,284,0.787625999304831,3.04703407085652
"eir_120","IBM",7,291,0.780281969817315,2.32878571913392
"eir_120","IBM",7,298,0.779604609576793,2.49813647760385
"eir_120","IBM",7,305,0.78222927409758,3.11290104237173
"eir_120","IBM",7,312,0.784349724606758,2.49695204551612
"eir_120","IBM",7,319,0.786019051399087,2.91960412147505
"eir_120","IBM",7,326,0.788130975380195,3.29364271660221
"eir_120","IBM",7,333,0.782471065387279,2.597600650671
"eir_120","IBM",7,340,0.775377755759227,3.28161968498614
"eir_120","IBM",7,347,0.778081375130409,2.92886041807148
"eir_120","IBM",7,354,0.780880453145185,2.9040523228373
"eir_120","IBM",7,361,0.781226756582536,3.20153835773565
"eir_120","IBM",7,365,0.778625954198473,1.54952830188679
"seasonal","IBM",7,4,0.649524185197969,0.441146847512254
"seasonal","IBM",7,11,0.63177358118436,0.122524337025848
"seasonal","IBM",7,18,0.609925582770687,0.122557249345242
"seasonal","IBM",7,25,0.589412460567823,0.0491020380708953
"seasonal","IBM",7,32,0.570758443610508,0.0245791245791246
"seasonal","IBM",7,39,0.553667572240059,0
"seasonal","IBM",7,46,0.531984205330701,0
"seasonal","IBM",7,53,0.511433379528806,0.0245460659045057
"seasonal","IBM",7,60,0.488609350237718,0
"seasonal","IBM",7,67,0.470189165098544,0
"seasonal","IBM",7,74,0.454468802698145,0
"seasonal","IBM",7,81,0.436864301662119,0
"seasonal","IBM",7,88,0.420906476247149,0
"seasonal","IBM",7,95,0.405425510811347,0
"seasonal","IBM",7,102,0.392564649823795,0.0246738322179409
"seasonal","IBM",7,109,0.383835371309275,0
"seasonal","IBM",7,116,0.375677692116389,0
"seasonal","IBM",7,123,0.362329652839948,0
"seasonal","IBM",7,130,0.348078930364332,0.0246322040761236
"seasonal","IBM",7,137,0.341825586015097,0.1969380184798
"seasonal","IBM",7,144,0.339693897833433,0.319959541469993
"seasonal","IBM",7,151,0.341750758065318,0.614064602960969
"seasonal","IBM",7,158,0.350726223637087,0.760161236143769
"seasonal","IBM",7,165,0.360111492708178,1.22384656652361
"seasonal","IBM",7,172,0.375037369207773,0.833333333333333
"seasonal","IBM",7,179,0.391518590413618,1.69299542887873
"seasonal","IBM",7,186,0.407328335236582,1.51981195433177
"seasonal","IBM",7,193,0.416617033948779,1.24723618090452
"seasonal","IBM",7,200,0.427210479309318,1.68675909182238
"seasonal","IBM",7,207,0.442695401728076,1.68642024909602
"seasonal","IBM",7,214,0.460797935688765,1.77811144477811
"seasonal","IBM",7,221,0.472446803233967,2.18577416993812
"seasonal","IBM",7,228,0.481666831830344,2.09308528372341
"seasonal","IBM",7,235,0.491769955379276,2.24420236583573
"seasonal","IBM",7,242,0.503497197281611,2.56956084478713
"seasonal","IBM",7,249,0.5199207135778,2.71949254933548
"seasonal","IBM",7,256,0.539409232596111,3.35581504597007
"seasonal","IBM",7,263,0.560349508811769,3.56574105051857
"seasonal","IBM",7,270,0.573642645607108,4.1796691890444
"seasonal","IBM",7,277,0.595092327441493,4.63079814727798
"seasonal","IBM",7,284,0.619940915805022,4.94799006778069
"seasonal","IBM",7,291,0.641431520991053,3.94131455399061
"seasonal","IBM",7,298,0.653455633491931,4.48589657488247
"seasonal","IBM",7,305,0.665882583553857,4.69176929806851
"seasonal","IBM",7,312,0.67538446468802,4.10416105575007
"seasonal","IBM",7,319,0.681261631893427,4.42811889195929
"seasonal","IBM",7,326,0.682176617524612,3.71394878706199
"seasonal","IBM",7,333,0.685715684834239,3.31594885598923
"seasonal","IBM",7,340,0.686862244897959,2.32874412357287
"seasonal","IBM",7,347,0.681222707423581,2.23700161637931
"seasonal","IBM",7,354,0.676570083835858,1.4276080652775
"seasonal","IBM",7,361,0.659393998823299,0.888077858880779
"seasonal","IBM",7,365,0.648230848505668,0.34580767408811
"eir_1","IBM",8,4,0.121194206325746,0.0978749078232889
"eir_1","IBM",8,11,0.122143808912797,0.171418986917142
"eir_1","IBM",8,18,0.122228258185589,0.17113194909578
"eir_1","IBM",8,25,0.118432769367765,0.244802146210597
"eir_1","IBM",8,32,0.113906497622821,0.147207098205283
"eir_1","IBM",8,39,0.114340893334654,0.0981182795698925
"eir_1","IBM",8,46,0.11583584971041,0.0735936554876
"eir_1","IBM",8,53,0.114386208263153,0.0981776612198238
"eir_1","IBM",8,60,0.111160714285714,0.049204637368563
"eir_1","IBM",8,67,0.110691761434176,0.0986686490504832
"eir_1","IBM",8,74,0.111133151500124,0.098635319551412
"eir_1","IBM",8,81,0.110084909876359,0.221630009445419
"eir_1","IBM",8,88,0.110392195898865,0.12322754895341
"eir_1","IBM",8,95,0.10973301454473,0.0493476644358818
"eir_1","IBM",8,102,0.112092187967674,0.197591013668967
"eir_1","IBM",8,109,0.114451213422551,0.12342756661707
"eir_1","IBM",8,116,0.115123024604921,0.197457397890181
"eir_1","IBM",8,123,0.114990246586305,0.172693477526191
"eir_1","IBM",8,130,0.115810019518543,0.24668829413355
"eir_1","IBM",8,137,0.115239957875733,0.123244192328471
"eir_1","IBM",8,144,0.114966156931562,0.197297297297297
"eir_1","IBM",8,151,0.11083780934692,0.123252515702033
"eir_1","IBM",8,158,0.112399016508606,0.172716825525586
"eir_1","IBM",8,165,0.113987557696167,0.222034471105103
"eir_1","IBM",8,172,0.115114411882778,0.148373983739837
"eir_1","IBM",8,179,0.115912965005515,0.148353881587861
"eir_1","IBM",8,186,0.117537781794447,0.17295065321871
"eir_1","IBM",8,193,0.115645234151483,0.0247156013001083
"eir_1","IBM",8,200,0.113848938952027,0.271485563594563
"eir_1","IBM",8,207,0.115349773527932,0.222004460363587
"eir_1","IBM",8,214,0.117329974811083,0.197230665315772
"eir_1","IBM",8,221,0.117241031841999,0.221152551501279
"eir_1","IBM",8,228,0.117178841309824,0.270443217028156
"eir_1","IBM",8,235,0.117147024797545,0.221600107933081
"eir_1","IBM",8,242,0.117667755717517,0.123244192328471
"eir_1","IBM",8,249,0.116807398472055,0.0986419836497534
"eir_1","IBM",8,256,0.116046277665996,0.221794612112619
"eir_1","IBM",8,263,0.114590675662068,0.147088454563772
"eir_1","IBM",8,270,0.117141564902759,0.29392027915716
"eir_1","IBM",8,277,0.117493209938638,0.1957366939268
"eir_1","IBM",8,284,0.118499144955236,0.073489932885906
"eir_1","IBM",8,291,0.11824392204139,0.195960002684384
"eir_1","IBM",8,298,0.117844948784897,0.0735294117647059
"eir_1","IBM",8,305,0.11881485937735,0.14698973085442
"eir_1","IBM",8,312,0.120168235529742,0.171384491548162
"eir_1","IBM",8,319,0.118515922291208,0.146625602570969
"eir_1","IBM",8,326,0.116597323174094,0.147118097541314
"eir_1","IBM",8,333,0.11632110045685,0.147246688630404
"eir_1","IBM",8,340,0.116069190273251,0.147078576225655
"eir_1","IBM",8,347,0.118263398004712,0.195789191363819
"eir_1","IBM",8,354,0.120659417748159,0.171223696555422
"eir_1","IBM",8,361,0.119745478230372,0.146605971348239
"eir_1","IBM",8,365,0.118638118638119,0
"eir_3","IBM",8,4,0.220872195613814,0.252735078244011
"eir_3","IBM",8,11,0.221953310139666,0.5309642560266
"eir_3","IBM",8,18,0.225176589303734,0.278047091412742
"eir_3","IBM",8,25,0.224549538182002,0.454923140839219
"eir_3","IBM",8,32,0.223747980613893,0.47999723145072
"eir_3","IBM",8,39,0.224963348667914,0.176657678213372
"eir_3","IBM",8,46,0.225367777159901,0.353682170542636
"eir_3","IBM",8,53,0.224243652764405,0.278181944155754
"eir_3","IBM",8,60,0.227293496471544,0.45508069543534
"eir_3","IBM",8,67,0.229776422764228,0.45504917578612
"eir_3","IBM",8,74,0.229833579317014,0.277604922906727
"eir_3","IBM",8,81,0.228970296020788,0.353168843734881
"eir_3","IBM",8,88,0.228291388023891,0.251984811874353
"eir_3","IBM",8,95,0.229884469890604,0.302465299357779
"eir_3","IBM",8,102,0.231386376411672,0.630353688864327
"eir_3","IBM",8,109,0.231610693656392,0.35214664737096
"eir_3","IBM",8,116,0.232421375607262,0.42634327332692
"eir_3","IBM",8,123,0.234441428059212,0.401016274119344
"eir_3","IBM",8,130,0.238626477662351,0.52655080030226
"eir_3","IBM",8,137,0.239129323999796,0.325982412750756
"eir_3","IBM",8,144,0.238915878291997,0.401484944314588
"eir_3","IBM",8,151,0.24069339333197,0.426109050954539
"eir_3","IBM",8,158,0.24234993614304,0.549585928410102
"eir_3","IBM",8,165,0.243667007150153,0.249623854465873
"eir_3","IBM",8,172,0.242057411380121,0.575670301035452
"eir_3","IBM",8,179,0.242422693585484,0.374820291640994
"eir_3","IBM",8,186,0.239459680720426,0.449415144674738
"eir_3","IBM",8,193,0.236439854813149,0.449599671525354
"eir_3","IBM",8,200,0.23956896991982,0.374794633077766
"eir_3","IBM",8,207,0.239563131570889,0.299241647878664
"eir_3","IBM",8,214,0.240038823048631,0.5495107096421
"eir_3","IBM",8,221,0.24484799020608,0.573311479888001
"eir_3","IBM",8,228,0.243160629680575,0.323294951284322
"eir_3","IBM",8,235,0.240984690504044,0.348329925017042
"eir_3","IBM",8,242,0.242094006212762,0.447030006123699
"eir_3","IBM",8,249,0.241558441558442,0.372550353837779
"eir_3","IBM",8,256,0.240590368214085,0.29799972785413
"eir_3","IBM",8,263,0.241278921293222,0.421879249388088
"eir_3","IBM",8,270,0.241375785761742,0.346675712347354
"eir_3","IBM",8,277,0.244348982305411,0.42047841702243
"eir_3","IBM",8,284,0.241418120427687,0.496193583469277
"eir_3","IBM",8,291,0.243301288607077,0.471191738007882
"eir_3","IBM",8,298,0.245937659683189,0.198383042326245
"eir_3","IBM",8,305,0.245639163128549,0.37201875382211
"eir_3","IBM",8,312,0.247674537462946,0.372347660500544
"eir_3","IBM",8,319,0.24642784241682,0.37186714664131
"eir_3","IBM",8,326,0.248965834227057,0.347123157394199
"eir_3","IBM",8,333,0.24438202247191,0.272943575798776
"eir_3","IBM",8,340,0.244048227240217,0.421936624507004
"eir_3","IBM",8,347,0.24248619914128,0.471191738007882
"eir_3","IBM",8,354,0.245531610662854,0.322613543649714
"eir_3","IBM",8,361,0.247005453896733,0.421134790280983
"eir_3","IBM",8,365,0.245808062789868,0.693916349809886
"eir_10","IBM",8,4,0.433351482453101,0.884083044982699
"eir_10","IBM",8,11,0.430678612087314,0.934020333356387
"eir_10","IBM",8,18,0.432938271604938,0.960127370898519
"eir_10","IBM",8,25,0.429904235363807,1.13573502973309
"eir_10","IBM",8,32,0.430695514720411,0.85580304806565
"eir_10","IBM",8,39,0.431124716105461,1.18171798580974
"eir_10","IBM",8,46,0.428930383800562,0.97983204845815
"eir_10","IBM",8,53,0.426160753934968,0.929392333631546
"eir_10","IBM",8,60,0.428077796426103,1.10514726121663
"eir_10","IBM",8,67,0.426157418844805,1.02979631158822
"eir_10","IBM",8,74,0.425300430245784,1.13041982105988
"eir_10","IBM",8,81,0.426055643251776,0.879336453744493
"eir_10","IBM",8,88,0.425578070305182,0.779645834768828
"eir_10","IBM",8,95,0.423023783677095,0.830746948065384
"eir_10","IBM",8,102,0.422817137504314,1.10728075013789
"eir_10","IBM",8,109,0.420209093598974,1.00627196912261
"eir_10","IBM",8,116,0.419750652934509,0.928178694158076
"eir_10","IBM",8,123,0.425284524806622,1.0014404280129
"eir_10","IBM",8,130,0.426150359641344,0.87517983147222
"eir_10","IBM",8,137,0.430478912100907,0.897847625555176
"eir_10","IBM",8,144,0.43175227328582,0.699568758984188
"eir_10","IBM",8,151,0.429329663849027,0.974666210201985
"eir_10","IBM",8,158,0.425311101273917,0.873922561225886
"eir_10","IBM",8,165,0.421169067400816,1.02240896358543
"eir_10","IBM",8,172,0.417936117936118,0.872549689228878
"eir_10","IBM",8,179,0.418178243130315,1.12207951905998
"eir_10","IBM",8,186,0.417928051896992,1.15118272197463
"eir_10","IBM",8,193,0.419590067008278,1.15102488517173
"eir_10","IBM",8,200,0.426831072749692,1.02591348460958
"eir_10","IBM",8,207,0.424684542586751,0.900678593460827
"eir_10","IBM",8,214,0.427016109167939,1.15260520354225
"eir_10","IBM",8,221,0.425720073118917,1.07899078784546
"eir_10","IBM",8,228,0.423986152324431,0.903838217086257
"eir_10","IBM",8,235,0.41849871261636,0.827891951336862
"eir_10","IBM",8,242,0.415237059376081,1.05230642504119
"eir_10","IBM",8,249,0.410596026490066,1.07928758080044
"eir_10","IBM",8,256,0.41589639661905,1.20860927152318
"eir_10","IBM",8,263,0.416629569174457,1.13393165343459
"eir_10","IBM",8,270,0.415788171244741,1.23472557818433
"eir_10","IBM",8,277,0.417948084054388,0.984099550639474
"eir_10","IBM",8,284,0.414871541501976,1.00814804585002
"eir_10","IBM",8,291,0.416955017301038,0.958402432283029
"eir_10","IBM",8,298,0.418580530448955,1.00905383924252
"eir_10","IBM",8,305,0.416044683900944,1.18621214216568
"eir_10","IBM",8,312,0.418604651162791,1.1604119151289
"eir_10","IBM",8,319,0.418297431852911,0.833506331741748
"eir_10","IBM",8,326,0.419071580089783,0.985871597756077
"eir_10","IBM",8,333,0.421307028360049,1.06325426550146
"eir_10","IBM",8,340,0.42359090684945,1.06547122602168
"eir_10","IBM",8,347,0.425175447266976,1.1161303773716
"eir_10","IBM",8,354,0.426761051433097,1.11737285187504
"eir_10","IBM",8,361,0.426619132501485,0.96783197264671
"eir_10","IBM",8,365,0.426837725381415,0.534929164631168
"eir_50","IBM",8,4,0.676411893833566,1.97818575977237
"eir_50","IBM",8,11,0.675902351355399,2.64170725108225
"eir_50","IBM",8,18,0.679968076616121,2.17629920726336
"eir_50","IBM",8,25,0.677339042971668,2.49779795379091
"eir_50","IBM",8,32,0.678621239290695,2.32421081154315
"eir_50","IBM",8,39,0.673956361462588,2.22726964539969
"eir_50","IBM",8,46,0.680344604352373,2.30307347852636
"eir_50","IBM",8,53,0.676429567642957,2.27645583350281
"eir_50","IBM",8,60,0.679407953752616,2.0557101173916
"eir_50","IBM",8,67,0.675099800399202,1.93056214823354
"eir_50","IBM",8,74,0.668932427029188,2.02777777777778
"eir_50","IBM",8,81,0.666733266733267,2.02544494823036
"eir_50","IBM",8,88,0.660009985022466,2.2241029113067
"eir_50","IBM",8,95,0.662908455974058,2.32436826773254
"eir_50","IBM",8,102,0.666882599162846,1.93344651952462
"eir_50","IBM",8,109,0.664789714969105,2.30322974623422
"eir_50","IBM",8,116,0.67724735897947,2.67272357447963
"eir_50","IBM",8,123,0.67652329749104,2.35324058364438
"eir_50","IBM",8,130,0.680115417143426,2.20656160847711
"eir_50","IBM",8,137,0.679352146263911,2.45682621702475
"eir_50","IBM",8,144,0.68043748446433,2.15419578047622
"eir_50","IBM",8,151,0.680351469420175,2.19894401949502
"eir_50","IBM",8,158,0.67964399363564,1.92286910711874
"eir_50","IBM",8,165,0.683451089660663,2.47206230951575
"eir_50","IBM",8,172,0.683649584142637,2.20073165774676
"eir_50","IBM",8,179,0.68278096187391,2.42771820279625
"eir_50","IBM",8,186,0.68385359529271,1.94201909959072
"eir_50","IBM",8,193,0.684627654271758,1.86796315250768
"eir_50","IBM",8,200,0.683785803237858,2.21242252945583
"eir_50","IBM",8,207,0.68262517454618,2.35836223899884
"eir_50","IBM",8,214,0.676790345102733,2.23378212974296
"eir_50","IBM",8,221,0.677248940941939,2.23332653477463
"eir_50","IBM",8,228,0.683466135458167,2.31201471189211
"eir_50","IBM",8,235,0.68326197351389,2.76628430970914
"eir_50","IBM",8,242,0.690766247327333,2.16565505012617
"eir_50","IBM",8,249,0.687726978757276,2.0884135958041
"eir_50","IBM",8,256,0.688348500671341,2.285908781484
"eir_50","IBM",8,263,0.685590606030451,1.76328502415459
"eir_50","IBM",8,270,0.680826693227092,2.2884012539185
"eir_50","IBM",8,277,0.673490735206216,2.06397329336422
"eir_50","IBM",8,284,0.676775738228252,1.94122460111823
"eir_50","IBM",8,291,0.677527359952026,2.36382848183244
"eir_50","IBM",8,298,0.68278897614165,2.38464679461004
"eir_50","IBM",8,305,0.684386877375475,2.04007906754822
"eir_50","IBM",8,312,0.6796,2.11514862285247
"eir_50","IBM",8,319,0.685014985014985,2.36125297923051
"eir_50","IBM",8,326,0.687815609219539,2.01122448979592
"eir_50","IBM",8,333,0.685227841762644,2.03232158620221
"eir_50","IBM",8,340,0.683069683620344,2.18295500883512
"eir_50","IBM",8,347,0.678505234684166,2.16358928936431
"eir_50","IBM",8,354,0.675691937424789,2.0921187308086
"eir_50","IBM",8,361,0.673105870546914,2.53835140110452
"eir_50","IBM",8,365,0.670066830812522,1.21898854961832
"eir_120","IBM",8,4,0.775158428390368,2.78281475376056
"eir_120","IBM",8,11,0.776916451335056,3.23385989010989
"eir_120","IBM",8,18,0.776255012435917,2.57429471377705
"eir_120","IBM",8,25,0.776082977425259,2.94334722886626
"eir_120","IBM",8,32,0.781016328399206,3.0672268907563
"eir_120","IBM",8,39,0.772285786931096,2.544597088374
"eir_120","IBM",8,46,0.774077087358893,3.46479546541009
"eir_120","IBM",8,53,0.774723040959447,2.89722184206925
"eir_120","IBM",8,60,0.780965461111959,2.89266926282708
"eir_120","IBM",8,67,0.78752605093275,2.46908097027673
"eir_120","IBM",8,74,0.787080366225839,2.57764826876928
"eir_120","IBM",8,81,0.781863493032245,3.10233737747618
"eir_120","IBM",8,88,0.77722998729352,2.4795855348933
"eir_120","IBM",8,95,0.774937750901977,2.60481712756467
"eir_120","IBM",8,102,0.770999340202,2.2066501786205
"eir_120","IBM",8,109,0.763560782723309,2.8080780326968
"eir_120","IBM",8,116,0.767206988840075,2.63456382759332
"eir_120","IBM",8,123,0.770735642615842,3.1374638976757
"eir_120","IBM",8,130,0.771535202743595,2.73549229922992
"eir_120","IBM",8,137,0.763197738972444,2.95668291343448
"eir_120","IBM",8,144,0.766904004443771,2.97948964192619
"eir_120","IBM",8,151,0.76637687019814,3.02520720597301
"eir_120","IBM",8,158,0.764497699580363,2.27080057428044
"eir_120","IBM",8,165,0.76629940361872,2.99569112919773
"eir_120","IBM",8,172,0.764987888574889,2.6702447695884
"eir_120","IBM",8,179,0.768595457521277,3.22522090554148
"eir_120","IBM",8,186,0.770984665052462,2.63728323699422
"eir_120","IBM",8,193,0.773858188241231,3.2214024684548
"eir_120","IBM",8,200,0.771863501184535,2.99056733682181
"eir_120","IBM",8,207,0.775255964089373,2.86117032249192
"eir_120","IBM",8,214,0.778243523054391,2.33202802967848
"eir_120","IBM",8,221,0.773729626078619,2.96421197522367
"eir_120","IBM",8,228,0.775909090909091,2.66294996214468
"eir_120","IBM",8,235,0.781549964635748,2.70816158285243
"eir_120","IBM",8,242,0.786610666936545,3.12821391840932
"eir_120","IBM",8,249,0.78675429726997,2.53193681318681
"eir_120","IBM",8,256,0.786021124981048,2.93102264927934
"eir_120","IBM",8,263,0.790518024840957,2.55314771636264
"eir_120","IBM",8,270,0.79122656289483,2.67371808037242
"eir_120","IBM",8,277,0.788486808854746,2.77253130773968
"eir_120","IBM",8,284,0.796576794910633,3.09830230010953
"eir_120","IBM",8,291,0.796861597456986,2.92580158947657
"eir_120","IBM",8,298,0.791227096057746,2.84590657273784
"eir_120","IBM",8,305,0.786352394892242,2.51827310608648
"eir_120","IBM",8,312,0.787065129449838,2.8924716491324
"eir_120","IBM",8,319,0.777552981639775,3.14461538461538
"eir_120","IBM",8,326,0.771212121212121,2.9497979590439
"eir_120","IBM",8,333,0.774245635281058,2.89880870874983
"eir_120","IBM",8,340,0.776645135244247,2.39524232688495
"eir_120","IBM",8,347,0.771126228269085,2.74605020176459
"eir_120","IBM",8,354,0.771430009563598,2.82210058159425
"eir_120","IBM",8,361,0.774006747570371,2.49521465682253
"eir_120","IBM",8,365,0.768335684062059,3.83843212237094
"seasonal","IBM",8,4,0.621621621621622,0.244785728656696
"seasonal","IBM",8,11,0.605539683308314,0.195867990340757
"seasonal","IBM",8,18,0.589263239422984,0.0489407347814427
"seasonal","IBM",8,25,0.568279804292012,0.0244098174279409
"seasonal","IBM",8,32,0.54587711228393,0
"seasonal","IBM",8,39,0.526221316644836,0.0244343285580399
"seasonal","IBM",8,46,0.511113272700744,0
"seasonal","IBM",8,53,0.49388431362994,0.0244654467457604
"seasonal","IBM",8,60,0.481922420102464,0
"seasonal","IBM",8,67,0.463377812408688,0
"seasonal","IBM",8,74,0.448648122933282,0
"seasonal","IBM",8,81,0.433143635390826,0
"seasonal","IBM",8,88,0.419621576924948,0
"seasonal","IBM",8,95,0.401166180758017,0
"seasonal","IBM",8,102,0.385724690458849,0
"seasonal","IBM",8,109,0.372411781860601,0
"seasonal","IBM",8,116,0.358607255904553,0
"seasonal","IBM",8,123,0.342064264849075,0
"seasonal","IBM",8,130,0.331984989521907,0.02449335659643
"seasonal","IBM",8,137,0.319317459541388,0.2202185426024
"seasonal","IBM",8,144,0.3143906020558,0.292976588628763
"seasonal","IBM",8,151,0.316175751051962,0.683383483784687
"seasonal","IBM",8,158,0.324873842535888,0.63346906081036
"seasonal","IBM",8,165,0.333431386968672,1.31513978781611
"seasonal","IBM",8,172,0.348359248540737,1.387
"seasonal","IBM",8,179,0.361802385510234,1.45679505088805
"seasonal","IBM",8,186,0.375998823471739,1.26322795341098
"seasonal","IBM",8,193,0.390748272651541,1.43318248369493
"seasonal","IBM",8,200,0.407285903148411,1.91977363515313
"seasonal","IBM",8,207,0.41984807645185,2.04209404555748
"seasonal","IBM",8,214,0.435355812585767,1.72330097087379
"seasonal","IBM",8,221,0.4497865868616,2.08280804193484
"seasonal","IBM",8,228,0.463626546239937,1.96106394269037
"seasonal","IBM",8,235,0.474674243166454,2.53908837948854
"seasonal","IBM",8,242,0.490442113518283,2.58334435771927
"seasonal","IBM",8,249,0.504866715578381,2.47047113470471
"seasonal","IBM",8,256,0.524954783203793,3.39084273390843
"seasonal","IBM",8,263,0.542148598314056,3.32192918355145
"seasonal","IBM",8,270,0.557556427870461,3.78892733564014
"seasonal","IBM",8,277,0.572088225180528,4.59409962706447
"seasonal","IBM",8,284,0.597234524161008,4.10959360426382
"seasonal","IBM",8,291,0.617420881396037,4.42719093635455
"seasonal","IBM",8,298,0.630766955835962,4.62888799893205
"seasonal","IBM",8,305,0.646208495732399,4.42512656541434
"seasonal","IBM",8,312,0.655807295522977,3.28149973361747
"seasonal","IBM",8,319,0.666058933674978,3.6638303529881
"seasonal","IBM",8,326,0.666126019856483,3.63956657581599
"seasonal","IBM",8,333,0.671849628499729,3.53851261620186
"seasonal","IBM",8,340,0.673478432144968,2.56837493361657
"seasonal","IBM",8,347,0.664942358853089,1.79504220110321
"seasonal","IBM",8,354,0.654268683186364,1.84453753574041
"seasonal","IBM",8,361,0.642431700713758,0.92177842759354
"seasonal","IBM",8,365,0.62960413080895,0.678438661710037
"eir_1","IBM",9,4,0.106196901549225,0.1731733767114
"eir_1","IBM",9,11,0.107207117153139,0.297635226963849
"eir_1","IBM",9,18,0.107835298820708,0.0997608472839084
"eir_1","IBM",9,25,0.107198084501422,0.174545702964886
"eir_1","IBM",9,32,0.107450784948916,0.0746472152157611
"eir_1","IBM",9,39,0.105997210599721,0.124496896104782
"eir_1","IBM",9,46,0.106071179344033,0.274211173336976
"eir_1","IBM",9,53,0.106450809464508,0.199453551912568
"eir_1","IBM",9,60,0.106656014380586,0.0498055536603671
"eir_1","IBM",9,67,0.104837097741355,0.0498293515358362
"eir_1","IBM",9,74,0.103064903846154,0.124666985449826
"eir_1","IBM",9,81,0.105097293782202,0.224247388900266
"eir_1","IBM",9,88,0.106657337065174,0.198869440849963
"eir_1","IBM",9,95,0.106491429713657,0.272999252056844
"eir_1","IBM",9,102,0.107108957386222,0.0990838140481846
"eir_1","IBM",9,109,0.107308555749563,0.124208806914857
"eir_1","IBM",9,116,0.107283710249114,0.0744037507644221
"eir_1","IBM",9,123,0.106503862447047,0.124158105993605
"eir_1","IBM",9,130,0.107999204059298,0.099400871459695
"eir_1","IBM",9,137,0.109817964786631,0.223591069970052
"eir_1","IBM",9,144,0.109011338770639,0.0497275204359673
"eir_1","IBM",9,151,0.108681575932659,0.322723253757736
"eir_1","IBM",9,158,0.110717493264145,0.173608751783652
"eir_1","IBM",9,165,0.112065521374351,0.123753983861124
"eir_1","IBM",9,172,0.112689441304457,0.123619860461966
"eir_1","IBM",9,179,0.114618771262758,0.246938637439957
"eir_1","IBM",9,186,0.115282574961205,0.123552907724596
"eir_1","IBM",9,193,0.113519195154913,0.123594744683733
"eir_1","IBM",9,200,0.114905121914585,0.123185960175498
"eir_1","IBM",9,207,0.116070534014628,0.123003302554425
"eir_1","IBM",9,214,0.114591713596138,0.122854257825648
"eir_1","IBM",9,221,0.111846760335591,0.17188025563404
"eir_1","IBM",9,228,0.112275373323209,0.171603196991067
"eir_1","IBM",9,235,0.112281057001114,0.171476510067114
"eir_1","IBM",9,242,0.113682398217541,0.269861540529641
"eir_1","IBM",9,249,0.114808062392383,0.196197003292347
"eir_1","IBM",9,256,0.114568026349126,0.07340126022255
"eir_1","IBM",9,263,0.113246779592251,0.146763168476076
"eir_1","IBM",9,270,0.111094201795769,0.122557249345242
"eir_1","IBM",9,277,0.112261469752335,0.147246688630404
"eir_1","IBM",9,284,0.113010398173979,0.122549019607843
"eir_1","IBM",9,291,0.112149058232218,0.147068699214291
"eir_1","IBM",9,298,0.109816887080366,0.122771611167171
"eir_1","IBM",9,305,0.110104813269563,0.221674876847291
"eir_1","IBM",9,312,0.110262286732875,0.246554985139152
"eir_1","IBM",9,319,0.112862901168427,0.12311947648924
"eir_1","IBM",9,326,0.111910226982913,0.147823152210597
"eir_1","IBM",9,333,0.111218815366563,0.221570214488061
"eir_1","IBM",9,340,0.109737406764075,0.24608953613808
"eir_1","IBM",9,347,0.113186364564197,0.0735392881128274
"eir_1","IBM",9,354,0.114996945632254,0.171372996176806
"eir_1","IBM",9,361,0.114767459630177,0.293565683646113
"eir_1","IBM",9,365,0.114081996434938,0.342080599812559
"eir_3","IBM",9,4,0.23296224588577,0.407660469088759
"eir_3","IBM",9,11,0.235191805971591,0.599658276927121
"eir_3","IBM",9,18,0.237924865831843,0.408358012504113
"eir_3","IBM",9,25,0.238911485570405,0.457031764860946
"eir_3","IBM",9,32,0.236604338793062,0.409273794604578
"eir_3","IBM",9,39,0.23934267762204,0.410166578529878
"eir_3","IBM",9,46,0.244157352300769,0.603385571645838
"eir_3","IBM",9,53,0.24455205811138,0.410573678290214
"eir_3","IBM",9,60,0.244823740483926,0.482389479944492
"eir_3","IBM",9,67,0.246280591228495,0.457755775577558
"eir_3","IBM",9,74,0.246862127453356,0.456670617674174
"eir_3","IBM",9,81,0.248037220122129,0.360007890583903
"eir_3","IBM",9,88,0.24565143660061,0.38388220600802
"eir_3","IBM",9,95,0.245355138378169,0.480452810319863
"eir_3","IBM",9,102,0.246699231029646,0.576961074886386
"eir_3","IBM",9,109,0.247534802784223,0.577189167819727
"eir_3","IBM",9,116,0.251476711532875,0.385148057772209
"eir_3","IBM",9,123,0.248486022964004,0.313408190224571
"eir_3","IBM",9,130,0.244171423043436,0.289242554315525
"eir_3","IBM",9,137,0.244611964820721,0.481720997756368
"eir_3","IBM",9,144,0.243117712516329,0.578867375933391
"eir_3","IBM",9,151,0.244240521613137,0.289471945013548
"eir_3","IBM",9,158,0.240468501470092,0.361505447342357
"eir_3","IBM",9,165,0.241070137382502,0.482421358710018
"eir_3","IBM",9,172,0.242377460439985,0.531682447195921
"eir_3","IBM",9,179,0.240548500796678,0.483187715117818
"eir_3","IBM",9,186,0.240782907804854,0.361744301288404
"eir_3","IBM",9,193,0.239246270102693,0.338030032413839
"eir_3","IBM",9,200,0.237175764614789,0.701086236587627
"eir_3","IBM",9,207,0.233255903987611,0.386652542372881
"eir_3","IBM",9,214,0.232855482371174,0.507078592220164
"eir_3","IBM",9,221,0.231757575757576,0.362582781456954
"eir_3","IBM",9,228,0.230530651805185,0.531717653290955
"eir_3","IBM",9,235,0.230236052542291,0.435272293626607
"eir_3","IBM",9,242,0.230605429995644,0.556808383630696
"eir_3","IBM",9,249,0.231324134592108,0.484856535600425
"eir_3","IBM",9,256,0.22983714618069,0.388297872340426
"eir_3","IBM",9,263,0.23227869567324,0.364513981358189
"eir_3","IBM",9,270,0.231718575385064,0.242476582740982
"eir_3","IBM",9,277,0.231292847765838,0.194226420114407
"eir_3","IBM",9,284,0.228539467924712,0.485986285866454
"eir_3","IBM",9,291,0.229492235042111,0.413253413253413
"eir_3","IBM",9,298,0.229067160541963,0.607563752580065
"eir_3","IBM",9,305,0.232264049606953,0.582021128164242
"eir_3","IBM",9,312,0.237184802224065,0.436573858728155
"eir_3","IBM",9,319,0.237851537749184,0.534976682211859
"eir_3","IBM",9,326,0.23694954797317,0.512503343139877
"eir_3","IBM",9,333,0.235088401010297,0.391735980681513
"eir_3","IBM",9,340,0.23862477540912,0.415661843515541
"eir_3","IBM",9,347,0.23943661971831,0.439406099518459
"eir_3","IBM",9,354,0.240359834670557,0.366883334450178
"eir_3","IBM",9,361,0.237242788344603,0.244326929513354
"eir_3","IBM",9,365,0.233390119250426,0.340802987861811
"eir_10","IBM",9,4,0.4425142291512,0.898707338759319
"eir_10","IBM",9,11,0.440321062280137,1.09549795361528
"eir_10","IBM",9,18,0.44067544077477,1.24675502117776
"eir_10","IBM",9,25,0.436580516898608,0.896989555601065
"eir_10","IBM",9,32,0.43606443273342,1.04427792915531
"eir_10","IBM",9,39,0.435397877323235,0.895583424209378
"eir_10","IBM",9,46,0.431389151765702,1.41723433242507
"eir_10","IBM",9,53,0.434146341463415,0.896867108047232
"eir_10","IBM",9,60,0.43366711503014,0.997131539407185
"eir_10","IBM",9,67,0.431988859601134,1.17090983550611
"eir_10","IBM",9,74,0.433296910698321,0.872370936902486
"eir_10","IBM",9,81,0.432706151020206,1.12353786168685
"eir_10","IBM",9,88,0.432554447586446,1.14929153261688
"eir_10","IBM",9,95,0.431815927799266,0.748206354629313
"eir_10","IBM",9,102,0.434564840069427,1.0991718568202
"eir_10","IBM",9,109,0.43272763380002,0.95
"eir_10","IBM",9,116,0.434209872247353,1.19909657107659
"eir_10","IBM",9,123,0.435697234931371,0.997949419002051
"eir_10","IBM",9,130,0.43515205724508,0.945918297756257
"eir_10","IBM",9,137,0.436557319926328,1.06870488900994
"eir_10","IBM",9,144,0.437674372259865,1.19005569895395
"eir_10","IBM",9,151,0.433922789539228,0.817496945839555
"eir_10","IBM",9,158,0.433555312593182,1.23846362649294
"eir_10","IBM",9,165,0.433484298014234,1.16273552934797
"eir_10","IBM",9,172,0.43417784401391,1.23594744683733
"eir_10","IBM",9,179,0.435534356834103,0.914167738441752
"eir_10","IBM",9,186,0.433308476261496,0.864402192299885
"eir_10","IBM",9,193,0.43191764471852,1.23394185260311
"eir_10","IBM",9,200,0.437546560715173,1.03525121555916
"eir_10","IBM",9,207,0.436369975593963,1.08381697934944
"eir_10","IBM",9,214,0.437372379102545,0.984690092399002
"eir_10","IBM",9,221,0.435406698564593,0.885743174924166
"eir_10","IBM",9,228,0.437319238057245,1.1089730605631
"eir_10","IBM",9,235,0.434012179295198,1.23410873681363
"eir_10","IBM",9,242,0.435038388672849,1.08484193461227
"eir_10","IBM",9,249,0.433948192711182,1.10994729017435
"eir_10","IBM",9,256,0.434981821803875,1.03637101135749
"eir_10","IBM",9,263,0.432028682402151,0.987955068344837
"eir_10","IBM",9,270,0.426535087719298,0.788922661263087
"eir_10","IBM",9,277,0.422501496110114,1.18043390378655
"eir_10","IBM",9,284,0.418935088244092,1.10628409779754
"eir_10","IBM",9,291,0.418582661490992,0.910838335469077
"eir_10","IBM",9,298,0.416807558428642,1.05925625970169
"eir_10","IBM",9,305,0.418817444925158,0.861836335424678
"eir_10","IBM",9,312,0.42017975073241,0.984225428070649
"eir_10","IBM",9,319,0.420103348901918,0.959943354238317
"eir_10","IBM",9,326,0.41975676346488,0.910040431266846
"eir_10","IBM",9,333,0.420537046245649,1.17940087512622
"eir_10","IBM",9,340,0.421227939348745,0.712794612794613
"eir_10","IBM",9,347,0.421295149383144,0.885325427839914
"eir_10","IBM",9,354,0.421511340001981,1.13300492610837
"eir_10","IBM",9,361,0.423613861386139,1.00923927704343
"eir_10","IBM",9,365,0.427433321787322,1.20348563353745
"eir_50","IBM",9,4,0.674609047407627,2.15022091310751
"eir_50","IBM",9,11,0.679423949496942,2.19938403856454
"eir_50","IBM",9,18,0.68701273068193,2.05440900562852
"eir_50","IBM",9,25,0.688742048424479,2.12778075582954
"eir_50","IBM",9,32,0.687580025608195,2.00509144503249
"eir_50","IBM",9,39,0.683151264639307,2.13120805369127
"eir_50","IBM",9,46,0.68140243902439,2.30546969493348
"eir_50","IBM",9,53,0.685319838852314,2.28293765552492
"eir_50","IBM",9,60,0.683355421391057,2.01264205500639
"eir_50","IBM",9,67,0.680630586386406,2.18827888177838
"eir_50","IBM",9,74,0.676004332414336,2.36118598382749
"eir_50","IBM",9,81,0.671361733563162,2.28508919555705
"eir_50","IBM",9,88,0.671677098220886,2.37984808765208
"eir_50","IBM",9,95,0.673771783006793,2.40438260401963
"eir_50","IBM",9,102,0.674767550548532,1.98409502717938
"eir_50","IBM",9,109,0.674483638326056,2.6236060728201
"eir_50","IBM",9,116,0.677160342717258,2.47981972285753
"eir_50","IBM",9,123,0.674695839874411,2.6004839360129
"eir_50","IBM",9,130,0.679739202902103,2.18239838763856
"eir_50","IBM",9,137,0.68510721629296,2.06311822892134
"eir_50","IBM",9,144,0.680003917919585,2.20691971783675
"eir_50","IBM",9,151,0.679466431268697,1.81202200456192
"eir_50","IBM",9,158,0.679960803527683,2.42175457409021
"eir_50","IBM",9,165,0.679282282576723,2.03226672033273
"eir_50","IBM",9,172,0.680604632901453,2.15194961811604
"eir_50","IBM",9,179,0.678811686717407,2.2952903398448
"eir_50","IBM",9,186,0.67485683520141,2.15094086921583
"eir_50","IBM",9,193,0.673063742289239,2.19850087003079
"eir_50","IBM",9,200,0.674803921568627,2.22382163899304
"eir_50","IBM",9,207,0.677132904871707,2.30330290010741
"eir_50","IBM",9,214,0.675608204023692,2.18327844613213
"eir_50","IBM",9,221,0.670339356544733,2.57647058823529
"eir_50","IBM",9,228,0.66542641731127,1.8938679245283
"eir_50","IBM",9,235,0.66820050910515,2.01698227643372
"eir_50","IBM",9,242,0.668150031786395,2.53420963936636
"eir_50","IBM",9,249,0.666927938078675,2.43579373104146
"eir_50","IBM",9,256,0.666568511974872,2.0018281535649
"eir_50","IBM",9,263,0.667026867724348,2.34528238079134
"eir_50","IBM",9,270,0.669056974459725,2.24471176589849
"eir_50","IBM",9,277,0.674122032568177,2.0974175229854
"eir_50","IBM",9,284,0.678101688260699,2.31652150428735
"eir_50","IBM",9,291,0.674618367447111,2.09430268664777
"eir_50","IBM",9,298,0.672673704885834,2.26692769864308
"eir_50","IBM",9,305,0.670264965652601,2.54209209547637
"eir_50","IBM",9,312,0.669300613496933,2.20656160847711
"eir_50","IBM",9,319,0.670507477322873,2.26029261653624
"eir_50","IBM",9,326,0.668580401393591,2.13305245990758
"eir_50","IBM",9,333,0.667550709690094,2.23287112561175
"eir_50","IBM",9,340,0.666420990566038,2.13348739210222
"eir_50","IBM",9,347,0.667338908017708,2.25507502206531
"eir_50","IBM",9,354,0.668933905071714,2.33337867247008
"eir_50","IBM",9,361,0.672889370505369,2.16182177139356
"eir_50","IBM",9,365,0.666436940041351,2.26275631855031
"eir_120","IBM",9,4,0.777669143527571,2.77818941128924
"eir_120","IBM",9,11,0.780472302351733,2.95247724974722
"eir_120","IBM",9,18,0.77945205479452,2.80788177339901
"eir_120","IBM",9,25,0.788367306938455,2.9286629357427
"eir_120","IBM",9,32,0.787158028679098,2.66243414831825
"eir_120","IBM",9,39,0.786597585414732,2.49509306260575
"eir_120","IBM",9,46,0.784919896134437,3.21476964769648
"eir_120","IBM",9,53,0.783392970932797,2.52269955278493
"eir_120","IBM",9,60,0.779460784313725,2.66982729427701
"eir_120","IBM",9,67,0.780723245785966,2.81586248900318
"eir_120","IBM",9,74,0.774756234994365,2.68563520993655
"eir_120","IBM",9,81,0.776038354287951,2.68436677687066
"eir_120","IBM",9,88,0.771571121111329,2.21719762419007
"eir_120","IBM",9,95,0.766534682504766,2.70570793180133
"eir_120","IBM",9,102,0.769527624444336,2.48416442048518
"eir_120","IBM",9,109,0.776904296875,2.9496935820594
"eir_120","IBM",9,116,0.779427566669923,2.99643361819528
"eir_120","IBM",9,123,0.783488031265266,2.59803921568627
"eir_120","IBM",9,130,0.784803945505152,2.91588345864662
"eir_120","IBM",9,137,0.783649150224653,2.73646161054957
"eir_120","IBM",9,144,0.785826001955034,2.53539941223617
"eir_120","IBM",9,151,0.783853784880027,2.95082514866039
"eir_120","IBM",9,158,0.78090024925468,2.75388929692195
"eir_120","IBM",9,165,0.772729493380234,2.60002662938553
"eir_120","IBM",9,172,0.778678517360941,2.40067765081052
"eir_120","IBM",9,179,0.773901998143534,2.95880398671096
"eir_120","IBM",9,186,0.77359597243267,2.96491111259072
"eir_120","IBM",9,193,0.774434986791899,3.20622878818127
"eir_120","IBM",9,200,0.776620200538029,2.64862525797217
"eir_120","IBM",9,207,0.76872581198256,2.84510326449034
"eir_120","IBM",9,214,0.774777870502184,2.87670317926797
"eir_120","IBM",9,221,0.775906099597289,3.19362810579749
"eir_120","IBM",9,228,0.774348658063883,3.06538692261548
"eir_120","IBM",9,235,0.772036474164134,2.88623828825836
"eir_120","IBM",9,242,0.774242572801255,2.37296006368582
"eir_120","IBM",9,249,0.773671035193639,2.52343282589909
"eir_120","IBM",9,256,0.77041292286542,2.55125815470643
"eir_120","IBM",9,263,0.771945345522461,2.50399627014786
"eir_120","IBM",9,270,0.774614705016197,2.91863796894782
"eir_120","IBM",9,277,0.775649526054712,2.93982560074552
"eir_120","IBM",9,284,0.775505187079011,2.49900292475406
"eir_120","IBM",9,291,0.780189559495163,2.54144562334218
"eir_120","IBM",9,298,0.779197797876524,2.53539296110082
"eir_120","IBM",9,305,0.780347389657039,2.79785898367805
"eir_120","IBM",9,312,0.777367592045678,3.19263136969054
"eir_120","IBM",9,319,0.773038130381304,2.35249169435216
"eir_120","IBM",9,326,0.77707163267317,2.74126013558421
"eir_120","IBM",9,333,0.77350216791486,2.93982560074552
"eir_120","IBM",9,340,0.77762982689747,3.08519134775374
"eir_120","IBM",9,347,0.778248657172424,2.87075918149703
"eir_120","IBM",9,354,0.78166239905456,2.98623120925901
"eir_120","IBM",9,361,0.784331116038433,3.07802124833997
"eir_120","IBM",9,365,0.778238341968912,3.05297397769517
"seasonal","IBM",9,4,0.625900375367759,0.232155477031802
"seasonal","IBM",9,11,0.605069335094225,0.232599306096438
"seasonal","IBM",9,18,0.583261344580517,0.103619588360539
"seasonal","IBM",9,25,0.559778466541334,0.155297120975748
"seasonal","IBM",9,32,0.538332486019319,0.0259398763414114
"seasonal","IBM",9,39,0.51639010485595,0.0518429088843122
"seasonal","IBM",9,46,0.500382048800367,0.0258755139656884
"seasonal","IBM",9,53,0.479470872551514,0
"seasonal","IBM",9,60,0.461397712833545,0
"seasonal","IBM",9,67,0.449131009248907,0
"seasonal","IBM",9,74,0.433745358360039,0
"seasonal","IBM",9,81,0.416208231458843,0
"seasonal","IBM",9,88,0.401611340574168,0
"seasonal","IBM",9,95,0.387946884576098,0
"seasonal","IBM",9,102,0.373304090584515,0
"seasonal","IBM",9,109,0.359775681876115,0
"seasonal","IBM",9,116,0.346998013953252,0
"seasonal","IBM",9,123,0.337798604390567,0
"seasonal","IBM",9,130,0.327244975833121,0.0261367704976728
"seasonal","IBM",9,137,0.31895498064779,0.287566251253402
"seasonal","IBM",9,144,0.316103075982889,0.417411192909728
"seasonal","IBM",9,151,0.312107760600031,0.705996131528046
"seasonal","IBM",9,158,0.318476540562618,0.9175465057818
"seasonal","IBM",9,165,0.338446641524819,1.41361256544503
"seasonal","IBM",9,172,0.348734144974785,1.30890052356021
"seasonal","IBM",9,179,0.36226492023852,1.0989247311828
"seasonal","IBM",9,186,0.377090983272134,1.17531305903399
"seasonal","IBM",9,193,0.395723014256619,1.5941146989332
"seasonal","IBM",9,200,0.411172161172161,1.82996705343074
"seasonal","IBM",9,207,0.427314343845371,1.96011742803952
"seasonal","IBM",9,214,0.435763271526543,1.80952723092398
"seasonal","IBM",9,221,0.451442234318563,2.20639032815199
"seasonal","IBM",9,228,0.463994288045696,1.89228110599078
"seasonal","IBM",9,235,0.481182658428229,2.67495329788763
"seasonal","IBM",9,242,0.494068316629168,2.35500752742132
"seasonal","IBM",9,249,0.515552139379964,2.88268236645606
"seasonal","IBM",9,256,0.537436580741044,2.90867973293129
"seasonal","IBM",9,263,0.554570154303583,2.93825918205994
"seasonal","IBM",9,270,0.575227144397105,3.958842120385
"seasonal","IBM",9,277,0.592653480606216,4.50779062253177
"seasonal","IBM",9,284,0.606437679967092,3.88186260419661
"seasonal","IBM",9,291,0.621381646479162,3.83133223092961
"seasonal","IBM",9,298,0.634942599425994,4.07542140901887
"seasonal","IBM",9,305,0.650012810658468,4.36275921658986
"seasonal","IBM",9,312,0.659738260200154,3.77667600776029
"seasonal","IBM",9,319,0.667060273128658,3.7480252764613
"seasonal","IBM",9,326,0.668891513066694,3.90164287251596
"seasonal","IBM",9,333,0.671956041698762,2.69112383679313
"seasonal","IBM",9,340,0.666358642640793,2.63868012311216
"seasonal","IBM",9,347,0.658313648967855,1.87633871198058
"seasonal","IBM",9,354,0.64562159942511,1.50611838360842
"seasonal","IBM",9,361,0.629256767168319,0.726264923251848
"seasonal","IBM",9,365,0.620863309352518,0.72528564331843
"eir_1","IBM",10,4,0.118389897395422,0.18111575813426
"eir_1","IBM",10,11,0.121644295302013,0.103678454764948
"eir_1","IBM",10,18,0.120636955235654,0.258700120490467
"eir_1","IBM",10,25,0.119440476776831,0.129075606478535
"eir_1","IBM",10,32,0.119850371609982,0.205996472663139
"eir_1","IBM",10,39,0.121879154971192,0.231631645748131
"eir_1","IBM",10,46,0.122827745778565,0.180221485504691
"eir_1","IBM",10,53,0.123238395584902,0.179866244280183
"eir_1","IBM",10,60,0.122291174152876,0.0512640449438202
"eir_1","IBM",10,67,0.120521653543307,0.205128205128205
"eir_1","IBM",10,74,0.120732067302962,0.153997609169538
"eir_1","IBM",10,81,0.119469026548673,0.205200281096275
"eir_1","IBM",10,88,0.116742036964216,0.128133118022888
"eir_1","IBM",10,95,0.11397997251129,0.153781335580367
"eir_1","IBM",10,102,0.115680981595092,0.231224044485113
"eir_1","IBM",10,109,0.113012688108587,0.154388438491364
"eir_1","IBM",10,116,0.111466535433071,0.128475888771559
"eir_1","IBM",10,123,0.112110930815755,0.102816901408451
"eir_1","IBM",10,130,0.113064833005894,0.257968761043183
"eir_1","IBM",10,137,0.113330715617944,0.232731137088204
"eir_1","IBM",10,144,0.112844666862918,0.129368398667328
"eir_1","IBM",10,151,0.112669838622652,0.258846890291469
"eir_1","IBM",10,158,0.113834689675458,0.206637888330621
"eir_1","IBM",10,165,0.113008169854704,0.0776320453739809
"eir_1","IBM",10,172,0.112421114426887,0.181334279630944
"eir_1","IBM",10,179,0.114004601302071,0.285217020672018
"eir_1","IBM",10,186,0.116157418724028,0.155738870715403
"eir_1","IBM",10,193,0.116705698672912,0.129791622217481
"eir_1","IBM",10,200,0.11288511303159,0.130189756027964
"eir_1","IBM",10,207,0.112498780368816,0.182278661625169
"eir_1","IBM",10,214,0.111810639336262,0.156395058201814
"eir_1","IBM",10,221,0.110682550532175,0.104375178724621
"eir_1","IBM",10,228,0.109952237060142,0.209019327129563
"eir_1","IBM",10,235,0.109237572282424,0.339899713467049
"eir_1","IBM",10,242,0.110097087378641,0.183062262663896
"eir_1","IBM",10,249,0.111143523920653,0.130918220946915
"eir_1","IBM",10,256,0.111289537712895,0.2358388972647
"eir_1","IBM",10,263,0.109090909090909,0.104682010468201
"eir_1","IBM",10,270,0.107111629262606,0.130683852488364
"eir_1","IBM",10,277,0.10735779460299,0.208869814020029
"eir_1","IBM",10,284,0.110039732532222,0.0782086993786158
"eir_1","IBM",10,291,0.110879876101055,0.130571653430636
"eir_1","IBM",10,298,0.11055738339462,0.130450321658327
"eir_1","IBM",10,305,0.110320112354109,0.130310603355944
"eir_1","IBM",10,312,0.108865299791576,0.0783542039355993
"eir_1","IBM",10,319,0.108691434668736,0.130786871148058
"eir_1","IBM",10,326,0.109772683116378,0.261330278513639
"eir_1","IBM",10,333,0.11087326684505,0.26134899040527
"eir_1","IBM",10,340,0.112701426415462,0.235703522996341
"eir_1","IBM",10,347,0.115424001560443,0.18350930115636
"eir_1","IBM",10,354,0.116314273157869,0.261855226343353
"eir_1","IBM",10,361,0.116896450572015,0.183036034099864
"eir_1","IBM",10,365,0.116056145155769,0
"eir_3","IBM",10,4,0.23694114105073,0.4502158569177
"eir_3","IBM",10,11,0.236609829488465,0.399616805802655
"eir_3","IBM",10,18,0.23543555577819,0.548834666119882
"eir_3","IBM",10,25,0.238293183753193,0.37405205984833
"eir_3","IBM",10,32,0.236843422963297,0.349115255858441
"eir_3","IBM",10,39,0.236744697879152,0.697468095270593
"eir_3","IBM",10,46,0.241794474696508,0.547898471615721
"eir_3","IBM",10,53,0.24040959040959,0.573311479888001
"eir_3","IBM",10,60,0.238458851125418,0.348781653129479
"eir_3","IBM",10,67,0.239724660814046,0.398879857933201
"eir_3","IBM",10,74,0.23935878926669,0.348734047635297
"eir_3","IBM",10,81,0.243387297633873,0.274398578458174
"eir_3","IBM",10,88,0.244748631159781,0.349091405929772
"eir_3","IBM",10,95,0.242555522358331,0.573037542662116
"eir_3","IBM",10,102,0.242630950009958,0.42363623950297
"eir_3","IBM",10,109,0.241520147432385,0.448464163822526
"eir_3","IBM",10,116,0.239423987244008,0.449107936290929
"eir_3","IBM",10,123,0.238879490496567,0.424244496102831
"eir_3","IBM",10,130,0.238985579313774,0.323935008192245
"eir_3","IBM",10,137,0.24018464287487,0.573428961748634
"eir_3","IBM",10,144,0.238976241257874,0.299917830731306
"eir_3","IBM",10,151,0.241735332075846,0.450030824029043
"eir_3","IBM",10,158,0.242365463045857,0.399616805802655
"eir_3","IBM",10,165,0.241042993630573,0.274924678170364
"eir_3","IBM",10,172,0.238785163057008,0.449046545007177
"eir_3","IBM",10,179,0.239284290271132,0.323912895078162
"eir_3","IBM",10,186,0.239621702339472,0.448494777800533
"eir_3","IBM",10,193,0.239801242236025,0.597422082793426
"eir_3","IBM",10,200,0.244173913043478,0.349353934504683
"eir_3","IBM",10,207,0.243891537544696,0.499042931364506
"eir_3","IBM",10,214,0.2433346597692,0.39907065737324
"eir_3","IBM",10,221,0.244800477659469,0.549097374179431
"eir_3","IBM",10,228,0.245169322709163,0.623334927249129
"eir_3","IBM",10,235,0.245086301506535,0.274024024024024
"eir_3","IBM",10,242,0.243367245162577,0.47328192179076
"eir_3","IBM",10,249,0.24178123132098,0.498633879781421
"eir_3","IBM",10,256,0.243096940802543,0.349473396252223
"eir_3","IBM",10,263,0.241351928135391,0.548909699911135
"eir_3","IBM",10,270,0.239130434782609,0.549097374179431
"eir_3","IBM",10,277,0.240771978567176,0.548384893805914
"eir_3","IBM",10,284,0.242425745029008,0.375102767881611
"eir_3","IBM",10,291,0.243441606744359,0.425787415082687
"eir_3","IBM",10,298,0.245713152938844,0.526080988332189
"eir_3","IBM",10,305,0.244506038408236,0.451856946354883
"eir_3","IBM",10,312,0.247700524181584,0.451732673267327
"eir_3","IBM",10,319,0.24883812914071,0.525503907856849
"eir_3","IBM",10,326,0.246767347744546,0.474902417311511
"eir_3","IBM",10,333,0.24389762808817,0.249743414300376
"eir_3","IBM",10,340,0.241143475693761,0.349928096966377
"eir_3","IBM",10,347,0.243783783783784,0.550226120323421
"eir_3","IBM",10,354,0.241318335871114,0.324844252755528
"eir_3","IBM",10,361,0.239301138594425,0.424680035589624
"eir_3","IBM",10,365,0.23925747679615,0.349282296650718
"eir_10","IBM",10,4,0.425367592455072,1.1229266987694
"eir_10","IBM",10,11,0.422526817640048,1.04885057471264
"eir_10","IBM",10,18,0.424048116114922,1.04843019372077
"eir_10","IBM",10,25,0.421358644337325,0.87728668714114
"eir_10","IBM",10,32,0.417863710920026,1.1219512195122
"eir_10","IBM",10,39,0.420848653483057,1.24365312667023
"eir_10","IBM",10,46,0.422493157501866,1.02473262032086
"eir_10","IBM",10,53,0.422609561752988,0.878870978529864
"eir_10","IBM",10,60,0.422977410687631,1.09858872316233
"eir_10","IBM",10,67,0.423314410915247,1.07467880085653
"eir_10","IBM",10,74,0.425696208837742,1.05039486012582
"eir_10","IBM",10,81,0.430745511513403,1.0265166733628
"eir_10","IBM",10,88,0.426266248319139,1.05180270741188
"eir_10","IBM",10,95,0.425210167636671,0.904615178511622
"eir_10","IBM",10,102,0.418544495846391,1.41586409844837
"eir_10","IBM",10,109,0.415915990643508,1.21618019458883
"eir_10","IBM",10,116,0.417446723760207,1.16698860987144
"eir_10","IBM",10,123,0.413044560617376,0.947925684224546
"eir_10","IBM",10,130,0.415109383565057,1.19066640037281
"eir_10","IBM",10,137,0.419966175885396,1.45815300619216
"eir_10","IBM",10,144,0.422748485751167,1.26289174263091
"eir_10","IBM",10,151,0.42575682382134,1.11494787170463
"eir_10","IBM",10,158,0.424380574826561,0.89710375979806
"eir_10","IBM",10,165,0.422494806607973,0.897401820718985
"eir_10","IBM",10,172,0.424536235468711,1.16590137752046
"eir_10","IBM",10,179,0.425337353566309,0.849571058056793
"eir_10","IBM",10,186,0.422240926870327,1.04410590739755
"eir_10","IBM",10,193,0.423591828639429,1.09252361314354
"eir_10","IBM",10,200,0.4214880126808,1.09216038300419
"eir_10","IBM",10,207,0.420885919326899,1.0191463901077
"eir_10","IBM",10,214,0.417520923092161,1.28915100626416
"eir_10","IBM",10,221,0.41686878186408,1.28854992339972
"eir_10","IBM",10,228,0.415531672527364,1.06952583910495
"eir_10","IBM",10,235,0.416844614391419,1.21545121545122
"eir_10","IBM",10,242,0.417216899170928,1.40954790598575
"eir_10","IBM",10,249,0.418253968253968,0.704820881608736
"eir_10","IBM",10,256,0.418304212245706,1.28444326405949
"eir_10","IBM",10,263,0.421572989272826,0.775409944898095
"eir_10","IBM",10,270,0.420873258915341,1.04230309470049
"eir_10","IBM",10,277,0.422580485633747,0.775615910751046
"eir_10","IBM",10,284,0.424660242154682,0.994682618810236
"eir_10","IBM",10,291,0.425982619000593,0.945910027244335
"eir_10","IBM",10,298,0.424124321657622,0.823435737509124
"eir_10","IBM",10,305,0.424699388921743,1.04002385527798
"eir_10","IBM",10,312,0.429971437013691,0.797946339847632
"eir_10","IBM",10,319,0.429358249323826,1.10971579643093
"eir_10","IBM",10,326,0.431694257503561,1.20517730964802
"eir_10","IBM",10,333,0.429784102060844,1.10949580387233
"eir_10","IBM",10,340,0.432324918966703,1.1809177946517
"eir_10","IBM",10,347,0.429674436903708,0.985966530504678
"eir_10","IBM",10,354,0.426447420244191,0.818601583113456
"eir_10","IBM",10,361,0.427775586669296,0.771772168626933
"eir_10","IBM",10,365,0.428571428571429,0.507179249652617
"eir_50","IBM",10,4,0.676251809694973,2.17792243016002
"eir_50","IBM",10,11,0.674820645675568,2.60360054347826
"eir_50","IBM",10,18,0.672525393347939,2.00685582405648
"eir_50","IBM",10,25,0.67277799920287,1.93226550834804
"eir_50","IBM",10,32,0.67225594586526,2.37430546144464
"eir_50","IBM",10,39,0.669944866636865,1.95187165775401
"eir_50","IBM",10,46,0.673752172833375,2.27383531960997
"eir_50","IBM",10,53,0.67485119047619,2.25323926463605
"eir_50","IBM",10,60,0.674135025280063,1.92886178861789
"eir_50","IBM",10,67,0.675275106572817,2.37720488466757
"eir_50","IBM",10,74,0.675315011409862,1.85593220338983
"eir_50","IBM",10,81,0.677353714824557,2.7007670898106
"eir_50","IBM",10,88,0.67644576818069,2.03259762308998
"eir_50","IBM",10,95,0.676878841959151,1.75993208828523
"eir_50","IBM",10,102,0.67415340373841,1.81110657966286
"eir_50","IBM",10,109,0.6707680095257,2.48417613829715
"eir_50","IBM",10,116,0.675300188548179,2.11270003404835
"eir_50","IBM",10,123,0.671117950754567,2.53110340607791
"eir_50","IBM",10,130,0.668024439918534,2.33337867247008
"eir_50","IBM",10,137,0.67202380952381,2.63555858310627
"eir_50","IBM",10,144,0.668797700465854,2.43830947511929
"eir_50","IBM",10,151,0.672064576833556,2.41622875861598
"eir_50","IBM",10,158,0.672122231012658,2.67006221371436
"eir_50","IBM",10,165,0.668311944718657,2.12572798903734
"eir_50","IBM",10,172,0.664611286503552,2.17723688721289
"eir_50","IBM",10,179,0.666699502536571,2.02833424807903
"eir_50","IBM",10,186,0.664894664303997,2.35532367680373
"eir_50","IBM",10,193,0.668929889298893,2.73492816388259
"eir_50","IBM",10,200,0.669667453758363,2.3357187091447
"eir_50","IBM",10,207,0.668499607227023,2.23448892557436
"eir_50","IBM",10,214,0.670716770368919,1.93400770712909
"eir_50","IBM",10,221,0.674044265593561,1.85482763356682
"eir_50","IBM",10,228,0.672586342229199,1.98137840994984
"eir_50","IBM",10,235,0.673438343392708,2.13200934579439
"eir_50","IBM",10,242,0.669812248107736,2.05534953989837
"eir_50","IBM",10,249,0.673416228436625,2.40197422539073
"eir_50","IBM",10,256,0.669256873063493,2.47788520880477
"eir_50","IBM",10,263,0.672898572059473,2.05478511602362
"eir_50","IBM",10,270,0.678422728385991,1.83127147766323
"eir_50","IBM",10,277,0.673732132367339,2
"eir_50","IBM",10,284,0.673657964212379,2.4814585908529
"eir_50","IBM",10,291,0.670347388479015,2.20801539836392
"eir_50","IBM",10,298,0.669763348327792,2.21501965381698
"eir_50","IBM",10,305,0.675295496727557,2.5238556216291
"eir_50","IBM",10,312,0.674953599687408,2.42407471463162
"eir_50","IBM",10,319,0.677037471871637,2.34978540772532
"eir_50","IBM",10,326,0.6765008072802,2.70520191175452
"eir_50","IBM",10,333,0.677123670408313,1.92185118470278
"eir_50","IBM",10,340,0.678478527607362,2.13316635357963
"eir_50","IBM",10,347,0.678761061946903,2.61712495649147
"eir_50","IBM",10,354,0.679170148960228,2.23926380368098
"eir_50","IBM",10,361,0.674489395129615,2.06243460062783
"eir_50","IBM",10,365,0.667583361980062,1.4278728606357
"eir_120","IBM",10,4,0.783563549637285,2.67991797856859
"eir_120","IBM",10,11,0.780502332969324,2.91575889615105
"eir_120","IBM",10,18,0.775869770211921,2.64841688654354
"eir_120","IBM",10,25,0.78107302533532,3.29870044198166
"eir_120","IBM",10,32,0.779371618603266,2.91556641140745
"eir_120","IBM",10,39,0.778471602735653,2.91287429099063
"eir_120","IBM",10,46,0.782918501657677,2.88803903468284
"eir_120","IBM",10,53,0.783406718448523,2.87002775208141
"eir_120","IBM",10,60,0.786174111122115,3.08301438564076
"eir_120","IBM",10,67,0.789465868026335,3.17433126894189
"eir_120","IBM",10,74,0.788971787143634,2.50346237551936
"eir_120","IBM",10,81,0.78181010220708,2.67602377807133
"eir_120","IBM",10,88,0.782452337553574,2.55194248400501
"eir_120","IBM",10,95,0.780989903964541,2.96826446280992
"eir_120","IBM",10,102,0.788136844696037,2.6246866341206
"eir_120","IBM",10,109,0.786030496802755,2.90903701752075
"eir_120","IBM",10,116,0.787648970747562,2.68841246876233
"eir_120","IBM",10,123,0.78931560807484,2.61674559326493
"eir_120","IBM",10,130,0.787810272794298,2.88271686191918
"eir_120","IBM",10,137,0.788130185067007,2.28425559947299
"eir_120","IBM",10,144,0.78378245717371,2.88290660172448
"eir_120","IBM",10,151,0.781992149165849,2.61691771360916
"eir_120","IBM",10,158,0.785457765533527,3.14365548980934
"eir_120","IBM",10,165,0.78224059854302,2.86189629043948
"eir_120","IBM",10,172,0.781399241790163,2.6236481139541
"eir_120","IBM",10,179,0.782313260130976,2.81305579342599
"eir_120","IBM",10,186,0.785707254651048,2.93095504508655
"eir_120","IBM",10,193,0.783204756523021,2.98096555357966
"eir_120","IBM",10,200,0.785293829098401,2.79250758475135
"eir_120","IBM",10,207,0.787061994609164,2.44596281453255
"eir_120","IBM",10,214,0.790339962770648,2.96942658443774
"eir_120","IBM",10,221,0.783085893478367,3.19081109504404
"eir_120","IBM",10,228,0.785146669282841,2.66862073508102
"eir_120","IBM",10,235,0.789302920066857,3.29478816630428
"eir_120","IBM",10,242,0.791087308996217,3.23051519154557
"eir_120","IBM",10,249,0.791376092721737,2.73109521917627
"eir_120","IBM",10,256,0.791889636211891,2.61353842073858
"eir_120","IBM",10,263,0.795079552150854,2.95428912625224
"eir_120","IBM",10,270,0.796681720007854,2.76533528278062
"eir_120","IBM",10,277,0.802302792748653,2.42960793450043
"eir_120","IBM",10,284,0.802765112516547,2.55176776083627
"eir_120","IBM",10,291,0.802816210381709,3.15722935657728
"eir_120","IBM",10,298,0.801029411764706,3.18660446517827
"eir_120","IBM",10,305,0.80408583186361,2.84491372993138
"eir_120","IBM",10,312,0.79904658934539,3.10989815616055
"eir_120","IBM",10,319,0.791977978765238,2.86693736271051
"eir_120","IBM",10,326,0.789450463258003,2.67595307917889
"eir_120","IBM",10,333,0.789323773510779,3.06252913364853
"eir_120","IBM",10,340,0.792451904201021,2.96866666666667
"eir_120","IBM",10,347,0.791043311914455,2.63555525840743
"eir_120","IBM",10,354,0.790271915186021,2.75812491641032
"eir_120","IBM",10,361,0.787733071638862,3.15097370006023
"eir_120","IBM",10,365,0.787680660701996,2.39456419868791
"seasonal","IBM",10,4,0.621203097081596,0.440348525469169
"seasonal","IBM",10,11,0.603025793650794,0.171154876741693
"seasonal","IBM",10,18,0.589282173309538,0.0489308934915209
"seasonal","IBM",10,25,0.569971278597603,0.0488850197549052
"seasonal","IBM",10,32,0.547264174300569,0
"seasonal","IBM",10,39,0.530948015263393,0
"seasonal","IBM",10,46,0.511996827285346,0
"seasonal","IBM",10,53,0.493966369930762,0.024390243902439
"seasonal","IBM",10,60,0.478308133214744,0.0487772283843378
"seasonal","IBM",10,67,0.463334982681841,0.0244539729331368
"seasonal","IBM",10,74,0.446580773042616,0
"seasonal","IBM",10,81,0.432459227680563,0
"seasonal","IBM",10,88,0.417046806822689,0
"seasonal","IBM",10,95,0.401733531451213,0
"seasonal","IBM",10,102,0.384219384219384,0
"seasonal","IBM",10,109,0.37046388435071,0.0490031549976505
"seasonal","IBM",10,116,0.35914446974948,0
"seasonal","IBM",10,123,0.345489633331684,0
"seasonal","IBM",10,130,0.328288592269141,0.0985620738540471
"seasonal","IBM",10,137,0.32065352336495,0.148113079940484
"seasonal","IBM",10,144,0.315143992055611,0.320955086580087
"seasonal","IBM",10,151,0.313649660369875,0.469278657463797
"seasonal","IBM",10,158,0.316908739404154,0.790738609437411
"seasonal","IBM",10,165,0.328852735479391,0.789883005342531
"seasonal","IBM",10,172,0.342171779749219,1.25964271213967
"seasonal","IBM",10,179,0.358995940192098,1.30771310755087
"seasonal","IBM",10,186,0.369147777887756,1.30330795661254
"seasonal","IBM",10,193,0.381446867428176,1.42242827386952
"seasonal","IBM",10,200,0.395526809519107,1.44646695325094
"seasonal","IBM",10,207,0.414463299131807,1.88941176470588
"seasonal","IBM",10,214,0.434029145332808,1.49821680909764
"seasonal","IBM",10,221,0.454218942189422,1.94266657683757
"seasonal","IBM",10,228,0.46833760094544,2.1655879180151
"seasonal","IBM",10,235,0.486634175158765,2.73288364249578
"seasonal","IBM",10,242,0.502264671130366,1.92131191793764
"seasonal","IBM",10,249,0.521333071175777,2.60608918227132
"seasonal","IBM",10,256,0.537063417988898,3.29227248249865
"seasonal","IBM",10,263,0.556515337423313,3.41810954658762
"seasonal","IBM",10,270,0.569577381828891,3.22246933548996
"seasonal","IBM",10,277,0.586799587487109,4.38453232555001
"seasonal","IBM",10,284,0.604923740866068,4.69999325827547
"seasonal","IBM",10,291,0.61879806043983,4.14604462474645
"seasonal","IBM",10,298,0.635102680978287,4.73673538357553
"seasonal","IBM",10,305,0.648254248077959,3.97517418656565
"seasonal","IBM",10,312,0.66441507586882,4.37199702239968
"seasonal","IBM",10,319,0.672728161509508,3.86060071869279
"seasonal","IBM",10,326,0.668329664954757,3.36702163738723
"seasonal","IBM",10,333,0.659723240917315,2.67218004338395
"seasonal","IBM",10,340,0.663844158386765,2.22832722832723
"seasonal","IBM",10,347,0.661088275592092,2.08344658874694
"seasonal","IBM",10,354,0.652116466846097,1.06848662264279
"seasonal","IBM",10,361,0.637507342862737,0.822745901639344
"seasonal","IBM",10,365,0.624914442162902,0.174976030680729
"eir_1","blink",0,4,0.114296410635835,0.159080568753401
"eir_1","blink",0,11,0.114296413211817,0.159080573446143
"eir_1","blink",0,18,0.114296415780743,0.159080578124921
"eir_1","blink",0,25,0.114296418342636,0.159080582789784
"eir_1","blink",0,32,0.114296420897518,0.15908058744078
"eir_1","blink",0,39,0.114296423445412,0.159080592077958
"eir_1","blink",0,46,0.114296425986342,0.159080596701365
"eir_1","blink",0,53,0.11429642852033,0.159080601311053
"eir_1","blink",0,60,0.114296431047398,0.159080605907064
"eir_1","blink",0,67,0.114296433567569,0.159080610489449
"eir_1","blink",0,74,0.114296436080865,0.159080615058255
"eir_1","blink",0,81,0.114296438587309,0.15908061961353
"eir_1","blink",0,88,0.114296441086923,0.159080624155319
"eir_1","blink",0,95,0.11429644357973,0.159080628683673
"eir_1","blink",0,102,0.11429644606575,0.159080633198635
"eir_1","blink",0,109,0.114296448545006,0.159080637700253
"eir_1","blink",0,116,0.11429645101752,0.159080642188572
"eir_1","blink",0,123,0.114296453483315,0.15908064666364
"eir_1","blink",0,130,0.11429645594241,0.159080651125501
"eir_1","blink",0,137,0.114296458394829,0.159080655574203
"eir_1","blink",0,144,0.114296460840592,0.15908066000979
"eir_1","blink",0,151,0.114296463279722,0.15908066443231
"eir_1","blink",0,158,0.114296465712239,0.159080668841805
"eir_1","blink",0,165,0.114296468138165,0.159080673238322
"eir_1","blink",0,172,0.114296470557521,0.159080677621906
"eir_1","blink",0,179,0.114296472970328,0.159080681992601
"eir_1","blink",0,186,0.114296475376607,0.159080686350451
"eir_1","blink",0,193,0.114296477776379,0.159080690695501
"eir_1","blink",0,200,0.114296480169666,0.159080695027798
"eir_1","blink",0,207,0.114296482556487,0.159080699347382
"eir_1","blink",0,214,0.114296484936864,0.159080703654298
"eir_1","blink",0,221,0.114296487310818,0.15908070794859
"eir_1","blink",0,228,0.114296489678368,0.159080712230303
"eir_1","blink",0,235,0.114296492039535,0.159080716499476
"eir_1","blink",0,242,0.11429649439434,0.159080720756158
"eir_1","blink",0,249,0.114296496742803,0.159080725000389
"eir_1","blink",0,256,0.114296499084945,0.15908072923221
"eir_1","blink",0,263,0.114296501420784,0.159080733451667
"eir_1","blink",0,270,0.114296503750343,0.159080737658801
"eir_1","blink",0,277,0.11429650607364,0.159080741853656
"eir_1","blink",0,284,0.114296508390695,0.159080746036272
"eir_1","blink",0,291,0.114296510701529,0.159080750206692
"eir_1","blink",0,298,0.114296513006161,0.159080754364958
"eir_1","blink",0,305,0.114296515304611,0.159080758511111
"eir_1","blink",0,312,0.114296517596898,0.159080762645193
"eir_1","blink",0,319,0.114296519883042,0.159080766767245
"eir_1","blink",0,326,0.114296522163063,0.159080770877309
"eir_1","blink",0,333,0.11429652443698,0.159080774975424
"eir_1","blink",0,340,0.114296526704812,0.159080779061634
"eir_1","blink",0,347,0.114296528966579,0.159080783135978
"eir_1","blink",0,354,0.1142965312223,0.159080787198497
"eir_1","blink",0,361,0.114296533471993,0.159080791249229
"eir_1","blink",0,365,0.114296534755078,0.159080793559138
"eir_3","blink",0,4,0.236705846508795,0.423095621012148
"eir_3","blink",0,11,0.236705850942803,0.423095637084497
"eir_3","blink",0,18,0.236705855364142,0.423095653100946
"eir_3","blink",0,25,0.236705859772852,0.423095669061702
"eir_3","blink",0,32,0.236705864168974,0.423095684966975
"eir_3","blink",0,39,0.236705868552547,0.423095700816974
"eir_3","blink",0,46,0.236705872923613,0.423095716611909
"eir_3","blink",0,53,0.236705877282211,0.423095732351983
"eir_3","blink",0,60,0.236705881628382,0.423095748037403
"eir_3","blink",0,67,0.236705885962164,0.423095763668375
"eir_3","blink",0,74,0.236705890283598,0.423095779245104
"eir_3","blink",0,81,0.236705894592724,0.423095794767791
"eir_3","blink",0,88,0.23670589888958,0.423095810236642
"eir_3","blink",0,95,0.236705903174206,0.423095825651857
"eir_3","blink",0,102,0.236705907446641,0.423095841013638
"eir_3","blink",0,109,0.236705911706924,0.423095856322185
"eir_3","blink",0,116,0.236705915955094,0.423095871577699
"eir_3","blink",0,123,0.236705920191189,0.423095886780378
"eir_3","blink",0,130,0.236705924415248,0.42309590193042
"eir_3","blink",0,137,0.23670592862731,0.423095917028024
"eir_3","blink",0,144,0.236705932827412,0.423095932073384
"eir_3","blink",0,151,0.236705937015592,0.423095947066698
"eir_3","blink",0,158,0.236705941191889,0.423095962008161
"eir_3","blink",0,165,0.23670594535634,0.423095976897967
"eir_3","blink",0,172,0.236705949508984,0.42309599173631
"eir_3","blink",0,179,0.236705953649857,0.423096006523383
"eir_3","blink",0,186,0.236705957778997,0.423096021259376
"eir_3","blink",0,193,0.236705961896442,0.423096035944483
"eir_3","blink",0,200,0.236705966002228,0.423096050578894
"eir_3","blink",0,207,0.236705970096392,0.423096065162799
"eir_3","blink",0,214,0.236705974178972,0.423096079696389
"eir_3","blink",0,221,0.236705978250004,0.423096094179848
"eir_3","blink",0,228,0.236705982309525,0.423096108613369
"eir_3","blink",0,235,0.23670598635757,0.423096122997134
"eir_3","blink",0,242,0.236705990394177,0.423096137331334
"eir_3","blink",0,249,0.236705994419382,0.42309615161615
"eir_3","blink",0,256,0.236705998433221,0.423096165851771
"eir_3","blink",0,263,0.23670600243573,0.423096180038379
"eir_3","blink",0,270,0.236706006426944,0.423096194176158
"eir_3","blink",0,277,0.236706010406899,0.423096208265292
"eir_3","blink",0,284,0.236706014375631,0.423096222305961
"eir_3","blink",0,291,0.236706018333176,0.423096236298347
"eir_3","blink",0,298,0.236706022279568,0.42309625024263
"eir_3","blink",0,305,0.236706026214843,0.423096264138994
"eir_3","blink",0,312,0.236706030139035,0.423096277987613
"eir_3","blink",0,319,0.236706034052181,0.423096291788666
"eir_3","blink",0,326,0.236706037954314,0.423096305542335
"eir_3","blink",0,333,0.236706041845469,0.423096319248793
"eir_3","blink",0,340,0.236706045725681,0.42309633290822
"eir_3","blink",0,347,0.236706049594984,0.42309634652079
"eir_3","blink",0,354,0.236706053453413,0.423096360086677
"eir_3","blink",0,361,0.236706057301001,0.423096373606058
"eir_3","blink",0,365,0.236706059495209,0.423096381312494
"eir_10","blink",0,4,0.428174037639971,1.0453670294173
"eir_10","blink",0,11,0.428174044501671,1.04536709189904
"eir_10","blink",0,18,0.428174051342865,1.04536715412806
"eir_10","blink",0,25,0.428174058163618,1.04536721610538
"eir_10","blink",0,32,0.428174064963995,1.045367277832
"eir_10","blink",0,39,0.428174071744063,1.04536733930896
"eir_10","blink",0,46,0.428174078503887,1.04536740053724
"eir_10","blink",0,53,0.428174085243533,1.04536746151785
"eir_10","blink",0,60,0.428174091963063,1.0453675222518
"eir_10","blink",0,67,0.428174098662545,1.04536758274008
"eir_10","blink",0,74,0.428174105342041,1.04536764298368
"eir_10","blink",0,81,0.428174112001617,1.04536770298359
"eir_10","blink",0,88,0.428174118641336,1.04536776274081
"eir_10","blink",0,95,0.428174125261262,1.04536782225629
"eir_10","blink",0,102,0.428174131861459,1.04536788153104
"eir_10","blink",0,109,0.42817413844199,1.045367940566
"eir_10","blink",0,116,0.428174145002918,1.04536799936217
"eir_10","blink",0,123,0.428174151544306,1.0453680579205
"eir_10","blink",0,130,0.428174158066216,1.04536811624196
"eir_10","blink",0,137,0.428174164568712,1.0453681743275
"eir_10","blink",0,144,0.428174171051855,1.04536823217809
"eir_10","blink",0,151,0.428174177515707,1.04536828979466
"eir_10","blink",0,158,0.428174183960331,1.04536834717817
"eir_10","blink",0,165,0.428174190385787,1.04536840432956
"eir_10","blink",0,172,0.428174196792138,1.04536846124978
"eir_10","blink",0,179,0.428174203179443,1.04536851793976
"eir_10","blink",0,186,0.428174209547766,1.04536857440043
"eir_10","blink",0,193,0.428174215897164,1.04536863063272
"eir_10","blink",0,200,0.428174222227701,1.04536868663756
"eir_10","blink",0,207,0.428174228539435,1.04536874241587
"eir_10","blink",0,214,0.428174234832427,1.04536879796857
"eir_10","blink",0,221,0.428174241106737,1.04536885329658
"eir_10","blink",0,228,0.428174247362425,1.0453689084008
"eir_10","blink",0,235,0.428174253599549,1.04536896328215
"eir_10","blink",0,242,0.42817425981817,1.04536901794153
"eir_10","blink",0,249,0.428174266018346,1.04536907237983
"eir_10","blink",0,256,0.428174272200136,1.04536912659797
"eir_10","blink",0,263,0.428174278363599,1.04536918059682
"eir_10","blink",0,270,0.428174284508794,1.0453692343773
"eir_10","blink",0,277,0.428174290635777,1.04536928794027
"eir_10","blink",0,284,0.428174296744609,1.04536934128662
"eir_10","blink",0,291,0.428174302835346,1.04536939441724
"eir_10","blink",0,298,0.428174308908045,1.04536944733301
"eir_10","blink",0,305,0.428174314962766,1.04536950003478
"eir_10","blink",0,312,0.428174320999564,1.04536955252345
"eir_10","blink",0,319,0.428174327018497,1.04536960479986
"eir_10","blink",0,326,0.428174333019622,1.0453696568649
"eir_10","blink",0,333,0.428174339002995,1.0453697087194
"eir_10","blink",0,340,0.428174344968673,1.04536976036425
"eir_10","blink",0,347,0.428174350916711,1.04536981180027
"eir_10","blink",0,354,0.428174356847167,1.04536986302834
"eir_10","blink",0,361,0.428174362760096,1.04536991404928
"eir_10","blink",0,365,0.428174366131777,1.04536994311984
"eir_20","blink",0,4,0.548322415251665,1.54902754656229
"eir_20","blink",0,11,0.548322422988228,1.549027684103
"eir_20","blink",0,18,0.548322430701657,1.54902782105911
"eir_20","blink",0,25,0.548322438392025,1.54902795743302
"eir_20","blink",0,32,0.548322446059404,1.54902809322715
"eir_20","blink",0,39,0.548322453703868,1.54902822844389
"eir_20","blink",0,46,0.548322461325489,1.54902836308562
"eir_20","blink",0,53,0.548322468924338,1.54902849715471
"eir_20","blink",0,60,0.548322476500488,1.54902863065354
"eir_20","blink",0,67,0.548322484054009,1.54902876358446
"eir_20","blink",0,74,0.548322491584974,1.54902889594983
"eir_20","blink",0,81,0.548322499093453,1.54902902775197
"eir_20","blink",0,88,0.548322506579518,1.54902915899323
"eir_20","blink",0,95,0.548322514043238,1.54902928967592
"eir_20","blink",0,102,0.548322521484684,1.54902941980236
"eir_20","blink",0,109,0.548322528903927,1.54902954937485
"eir_20","blink",0,116,0.548322536301036,1.54902967839568
"eir_20","blink",0,123,0.548322543676081,1.54902980686715
"eir_20","blink",0,130,0.548322551029131,1.54902993479152
"eir_20","blink",0,137,0.548322558360255,1.54903006217108
"eir_20","blink",0,144,0.548322565669523,1.54903018900807
"eir_20","blink",0,151,0.548322572957003,1.54903031530475
"eir_20","blink",0,158,0.548322580222764,1.54903044106337
"eir_20","blink",0,165,0.548322587466873,1.54903056628616
"eir_20","blink",0,172,0.5483225946894,1.54903069097534
"eir_20","blink",0,179,0.548322601890411,1.54903081513312
"eir_20","blink",0,186,0.548322609069974,1.54903093876173
"eir_20","blink",0,193,0.548322616228158,1.54903106186335
"eir_20","blink",0,200,0.548322623365028,1.54903118444018
"eir_20","blink",0,207,0.548322630480652,1.5490313064944
"eir_20","blink",0,214,0.548322637575096,1.54903142802819
"eir_20","blink",0,221,0.548322644648428,1.54903154904371
"eir_20","blink",0,228,0.548322651700712,1.54903166954312
"eir_20","blink",0,235,0.548322658732015,1.54903178952857
"eir_20","blink",0,242,0.548322665742404,1.5490319090022
"eir_20","blink",0,249,0.548322672731943,1.54903202796614
"eir_20","blink",0,256,0.548322679700698,1.54903214642251
"eir_20","blink",0,263,0.548322686648734,1.54903226437344
"eir_20","blink",0,270,0.548322693576116,1.54903238182103
"eir_20","blink",0,277,0.548322700482909,1.54903249876737
"eir_20","blink",0,284,0.548322707369176,1.54903261521457
"eir_20","blink",0,291,0.548322714234984,1.54903273116469
"eir_20","blink",0,298,0.548322721080395,1.54903284661983
"eir_20","blink",0,305,0.548322727905473,1.54903296158204
"eir_20","blink",0,312,0.548322734710282,1.54903307605339
"eir_20","blink",0,319,0.548322741494886,1.54903319003592
"eir_20","blink",0,326,0.548322748259347,1.54903330353168
"eir_20","blink",0,333,0.548322755003729,1.5490334165427
"eir_20","blink",0,340,0.548322761728095,1.54903352907101
"eir_20","blink",0,347,0.548322768432507,1.54903364111863
"eir_20","blink",0,354,0.548322775117027,1.54903375268756
"eir_20","blink",0,361,0.548322781781718,1.54903386377982
"eir_20","blink",0,365,0.548322785582039,1.54903392706719
"eir_50","blink",0,4,0.686439045121061,2.3083884920178
"eir_50","blink",0,11,0.686439053316782,2.30838889217547
"eir_50","blink",0,18,0.686439061488032,2.30838929055248
"eir_50","blink",0,25,0.686439069634887,2.30838968715635
"eir_50","blink",0,32,0.686439077757422,2.30839008199457
"eir_50","blink",0,39,0.68643908585571,2.30839047507459
"eir_50","blink",0,46,0.686439093929825,2.30839086640384
"eir_50","blink",0,53,0.686439101979841,2.30839125598974
"eir_50","blink",0,60,0.686439110005833,2.30839164383964
"eir_50","blink",0,67,0.686439118007873,2.3083920299609
"eir_50","blink",0,74,0.686439125986035,2.30839241436083
"eir_50","blink",0,81,0.686439133940391,2.30839279704672
"eir_50","blink",0,88,0.686439141871013,2.30839317802583
"eir_50","blink",0,95,0.686439149777976,2.30839355730539
"eir_50","blink",0,102,0.68643915766135,2.30839393489261
"eir_50","blink",0,109,0.686439165521207,2.30839431079467
"eir_50","blink",0,116,0.686439173357621,2.30839468501871
"eir_50","blink",0,123,0.686439181170661,2.30839505757185
"eir_50","blink",0,130,0.6864391889604,2.3083954284612
"eir_50","blink",0,137,0.686439196726908,2.3083957976938
"eir_50","blink",0,144,0.686439204470257,2.30839616527672
"eir_50","blink",0,151,0.686439212190517,2.30839653121694
"eir_50","blink",0,158,0.686439219887758,2.30839689552147
"eir_50","blink",0,165,0.686439227562052,2.30839725819726
"eir_50","blink",0,172,0.686439235213467,2.30839761925123
"eir_50","blink",0,179,0.686439242842073,2.30839797869029
"eir_50","blink",0,186,0.686439250447941,2.30839833652133
"eir_50","blink",0,193,0.68643925803114,2.30839869275118
"eir_50","blink",0,200,0.686439265591738,2.30839904738666
"eir_50","blink",0,207,0.686439273129805,2.30839940043459
"eir_50","blink",0,214,0.68643928064541,2.30839975190173
"eir_50","blink",0,221,0.68643928813862,2.30840010179481
"eir_50","blink",0,228,0.686439295609505,2.30840045012056
"eir_50","blink",0,235,0.686439303058133,2.30840079688568
"eir_50","blink",0,242,0.68643931048457,2.30840114209681
"eir_50","blink",0,249,0.686439317888886,2.30840148576061
"eir_50","blink",0,256,0.686439325271146,2.30840182788368
"eir_50","blink",0,263,0.68643933263142,2.30840216847262
"eir_50","blink",0,270,0.686439339969773,2.30840250753397
"eir_50","blink",0,277,0.686439347286273,2.30840284507429
"eir_50","blink",0,284,0.686439354580986,2.30840318110007
"eir_50","blink",0,291,0.686439361853978,2.3084035156178
"eir_50","blink",0,298,0.686439369105317,2.30840384863395
"eir_50","blink",0,305,0.686439376335068,2.30840418015493
"eir_50","blink",0,312,0.686439383543295,2.30840451018717
"eir_50","blink",0,319,0.686439390730067,2.30840483873704
"eir_50","blink",0,326,0.686439397895447,2.3084051658109
"eir_50","blink",0,333,0.686439405039501,2.30840549141508
"eir_50","blink",0,340,0.686439412162294,2.30840581555589
"eir_50","blink",0,347,0.68643941926389,2.30840613823961
"eir_50","blink",0,354,0.686439426344356,2.30840645947251
"eir_50","blink",0,361,0.686439433403753,2.3084067792608
"eir_50","blink",0,365,0.686439437429117,2.30840696140933
"eir_120","blink",0,4,0.785514032339945,2.86048175942455
"eir_120","blink",0,11,0.78551404108033,2.86048274172564
"eir_120","blink",0,18,0.785514049794422,2.86048371959484
"eir_120","blink",0,25,0.785514058482301,2.86048469305102
"eir_120","blink",0,32,0.785514067144045,2.86048566211295
"eir_120","blink",0,39,0.785514075779732,2.86048662679934
"eir_120","blink",0,46,0.78551408438944,2.86048758712883
"eir_120","blink",0,53,0.785514092973246,2.86048854311998
"eir_120","blink",0,60,0.785514101531229,2.8604894947913
"eir_120","blink",0,67,0.785514110063465,2.86049044216119
"eir_120","blink",0,74,0.785514118570032,2.86049138524802
"eir_120","blink",0,81,0.785514127051006,2.86049232407006
"eir_120","blink",0,88,0.785514135506465,2.86049325864552
"eir_120","blink",0,95,0.785514143936484,2.86049418899254
"eir_120","blink",0,102,0.785514152341139,2.8604951151292
"eir_120","blink",0,109,0.785514160720507,2.86049603707348
"eir_120","blink",0,116,0.785514169074664,2.86049695484332
"eir_120","blink",0,123,0.785514177403684,2.86049786845658
"eir_120","blink",0,130,0.785514185707644,2.86049877793105
"eir_120","blink",0,137,0.785514193986618,2.86049968328445
"eir_120","blink",0,144,0.785514202240681,2.86050058453443
"eir_120","blink",0,151,0.785514210469908,2.86050148169857
"eir_120","blink",0,158,0.785514218674373,2.86050237479439
"eir_120","blink",0,165,0.785514226854151,2.86050326383934
"eir_120","blink",0,172,0.785514235009316,2.86050414885079
"eir_120","blink",0,179,0.785514243139941,2.86050502984606
"eir_120","blink",0,186,0.7855142512461,2.86050590684238
"eir_120","blink",0,193,0.785514259327866,2.86050677985693
"eir_120","blink",0,200,0.785514267385313,2.86050764890683
"eir_120","blink",0,207,0.785514275418514,2.8605085140091
"eir_120","blink",0,214,0.785514283427541,2.86050937518074
"eir_120","blink",0,221,0.785514291412467,2.86051023243864
"eir_120","blink",0,228,0.785514299373364,2.86051108579964
"eir_120","blink",0,235,0.785514307310304,2.86051193528052
"eir_120","blink",0,242,0.78551431522336,2.860512780898
"eir_120","blink",0,249,0.785514323112603,2.86051362266871
"eir_120","blink",0,256,0.785514330978104,2.86051446060923
"eir_120","blink",0,263,0.785514338819935,2.86051529473608
"eir_120","blink",0,270,0.785514346638168,2.86051612506571
"eir_120","blink",0,277,0.785514354432872,2.86051695161449
"eir_120","blink",0,284,0.785514362204118,2.86051777439874
"eir_120","blink",0,291,0.785514369951978,2.86051859343472
"eir_120","blink",0,298,0.78551437767652,2.86051940873863
"eir_120","blink",0,305,0.785514385377817,2.86052022032658
"eir_120","blink",0,312,0.785514393055936,2.86052102821463
"eir_120","blink",0,319,0.785514400710948,2.8605218324188
"eir_120","blink",0,326,0.785514408342924,2.860522632955
"eir_120","blink",0,333,0.78551441595193,2.86052342983911
"eir_120","blink",0,340,0.785514423538037,2.86052422308695
"eir_120","blink",0,347,0.785514431101314,2.86052501271425
"eir_120","blink",0,354,0.785514438641829,2.8605257987367
"eir_120","blink",0,361,0.785514446159651,2.86052658116993
"eir_120","blink",0,365,0.785514450446309,2.86052702681463
"seasonal","blink",0,4,0.614115424182558,0.416776662471246
"seasonal","blink",0,11,0.595422186334586,0.211998899032739
"seasonal","blink",0,18,0.575952857763364,0.104098534192201
"seasonal","blink",0,25,0.556359787095439,0.0511681157668073
"seasonal","blink",0,32,0.537030416091433,0.0263277920826276
"seasonal","blink",0,39,0.518170050183887,0.0149795866709667
"seasonal","blink",0,46,0.499875099483425,0.00986102762466495
"seasonal","blink",0,53,0.482182302986292,0.00754483589623481
"seasonal","blink",0,60,0.46509775843625,0.0064673407430045
"seasonal","blink",0,67,0.448612695245941,0.00593088126273311
"seasonal","blink",0,74,0.432711572919075,0.00562897635549656
"seasonal","blink",0,81,0.417376070879167,0.00542855475040183
"seasonal","blink",0,88,0.402586989977903,0.00527238957827319
"seasonal","blink",0,95,0.388325130452357,0.00513607598669208
"seasonal","blink",0,102,0.374571681814374,0.00500928583791698
"seasonal","blink",0,109,0.361308405816759,0.00489364217834699
"seasonal","blink",0,116,0.348522803631583,0.00559228223590201
"seasonal","blink",0,123,0.336320503408731,0.0181406780621933
"seasonal","blink",0,130,0.32544449716358,0.0790591354229459
"seasonal","blink",0,137,0.31767969344811,0.219893550877602
"seasonal","blink",0,144,0.314891746257202,0.424442816922376
"seasonal","blink",0,151,0.317712922176531,0.650855962690501
"seasonal","blink",0,158,0.325432576195663,0.865254736610899
"seasonal","blink",0,165,0.336679073748675,1.05096075476207
"seasonal","blink",0,172,0.350077206735605,1.20717893289578
"seasonal","blink",0,179,0.364600909752256,1.34265415449948
"seasonal","blink",0,186,0.379610207661745,1.46590992452855
"seasonal","blink",0,193,0.394703234554122,1.57994499919177
"seasonal","blink",0,200,0.409589587746233,1.68529732993188
"seasonal","blink",0,207,0.42408422545036,1.78597819430853
"seasonal","blink",0,214,0.438167090339275,1.89202603064673
"seasonal","blink",0,221,0.452017572971615,2.01768113148901
"seasonal","blink",0,228,0.465983499571681,2.17729857567441
"seasonal","blink",0,235,0.480492371184116,2.38109801946509
"seasonal","blink",0,242,0.495932935626044,2.63201258749049
"seasonal","blink",0,249,0.512540749051125,2.92427854608214
"seasonal","blink",0,256,0.530319766787845,3.2439063932089
"seasonal","blink",0,263,0.549020897316856,3.57066060696662
"seasonal","blink",0,270,0.568178376301138,3.88079813271638
"seasonal","blink",0,277,0.587185155529807,4.14978742304594
"seasonal","blink",0,284,0.605380152831855,4.35454408353994
"seasonal","blink",0,291,0.62212500199746,4.47512619660904
"seasonal","blink",0,298,0.636858503062386,4.49606450271228
"seasonal","blink",0,305,0.649125796540247,4.40748534698044
"seasonal","blink",0,312,0.658584495529755,4.20603947466884
"seasonal","blink",0,319,0.664993132880792,3.895536468159
"seasonal","blink",0,326,0.668189249573082,3.48716045734027
"seasonal","blink",0,333,0.66806492330137,2.99916189884965
"seasonal","blink",0,340,0.664546284682231,2.45592331013452
"seasonal","blink",0,347,0.657581093622824,1.886282182282
"seasonal","blink",0,354,0.647140582994443,1.32352756057332
"seasonal","blink",0,361,0.633324589507384,0.823621934453281
"seasonal","blink",0,365,0.624194204344896,0.58870039275331
"nets","blink",0,4,0.523674301867216,1.61477439322421
"nets","blink",0,11,0.524079764539385,1.61499910364023
"nets","blink",0,18,0.524479413946184,1.61519940586211
"nets","blink",0,25,0.524873333522867,1.61537597769196
"nets","blink",0,32,0.525261605582826,1.61552957884265
"nets","blink",0,39,0.525644310816401,1.61566099855824
"nets","blink",0,46,0.52602152860693,1.61577089133327
"nets","blink",0,53,0.526393337391311,1.61585992831086
"nets","blink",0,60,0.526759814195815,1.61592886603097
"nets","blink",0,67,0.52712103462815,1.61597835583947
"nets","blink",0,74,0.527477073396195,1.61600899399172
"nets","blink",0,81,0.527828004059695,1.61602147678328
"nets","blink",0,88,0.528173898731216,1.6160164572878
"nets","blink",0,95,0.528514828558821,1.61599448187487
"nets","blink",0,102,0.528850863778912,1.61595616818056
"nets","blink",0,109,0.529182073266,1.61590215976571
"nets","blink",0,116,0.529508524809368,1.61583297961185
"nets","blink",0,123,0.529830285434946,1.61574916405248
"nets","blink",0,130,0.530147420990228,1.61565132500679
"nets","blink",0,137,0.530459996131668,1.61553998074099
"nets","blink",0,144,0.530768074786177,1.61541559942069
"nets","blink",0,151,0.531071719930265,1.61527873766806
"nets","blink",0,158,0.531370993318624,1.61512991400834
"nets","blink",0,165,0.53166595591172,1.61496955149118
"nets","blink",0,172,0.531956667924251,1.61479813590685
"nets","blink",0,179,0.53224318842062,1.6146161766166
"nets","blink",0,186,0.532525575557356,1.61442407577241
"nets","blink",0,193,0.532803886871161,1.61422224678146
"nets","blink",0,200,0.533078178907773,1.61401117071627
"nets","blink",0,207,0.533348507205858,1.61379124593855
"nets","blink",0,214,0.533614926708288,1.61356282585631
"nets","blink",0,221,0.533877491565972,1.61332634277735
"nets","blink",0,228,0.534136254891477,1.61308219608153
"nets","blink",0,235,0.53439126913834,1.6128307002434
"nets","blink",0,242,0.534642586145998,1.61257222555302
"nets","blink",0,249,0.534890256776188,1.61230716434462
"nets","blink",0,256,0.535134331125607,1.61203581410628
"nets","blink",0,263,0.535374858784297,1.61175848226501
"nets","blink",0,270,0.535611888503824,1.61147553739352
"nets","blink",0,277,0.535845468178597,1.6111872754745
"nets","blink",0,284,0.536075645212996,1.61089395254294
"nets","blink",0,291,0.536302466347366,1.61059589550244
"nets","blink",0,298,0.536525977434308,1.61029340326412
"nets","blink",0,305,0.536746223775605,1.60998669954564
"nets","blink",0,312,0.536963250164219,1.60967605811588
"nets","blink",0,319,0.537177100557406,1.60936177373429
"nets","blink",0,326,0.537387818263389,1.60904405752737
"nets","blink",0,333,0.537595446173673,1.60872312969003
"nets","blink",0,340,0.537800026466368,1.60839926604077
"nets","blink",0,347,0.538001600585661,1.60807267896373
"nets","blink",0,354,0.538200209570027,1.60774354554517
"nets","blink",0,361,0.538395893898086,1.60741210683705
"nets","blink",0,365,0.538506532443798,1.60722185830997
"irs","blink",0,4,0.567495035138737,2.27684638700786
"irs","blink",0,11,0.56802942425232,2.26900432812068
"irs","blink",0,18,0.568526844502979,2.2610758708225
"irs","blink",0,25,0.568989357930241,2.25307234018074
"irs","blink",0,32,0.569418909430184,2.24500462435022
"irs","blink",0,39,0.569817332809732,2.23688301589157
"irs","blink",0,46,0.570186357739492,2.22871700921828
"irs","blink",0,53,0.570527616074332,2.22051563938966
"irs","blink",0,60,0.570842646882535,2.21228754126615
"irs","blink",0,67,0.571132901966668,2.20404068476841
"irs","blink",0,74,0.571399751460874,2.19578254605728
"irs","blink",0,81,0.571644488192519,2.18752030669756
"irs","blink",0,88,0.571868331977067,2.17926064666377
"irs","blink",0,95,0.572072434375348,2.17100974674751
"irs","blink",0,102,0.572257882591309,2.16277352458554
"irs","blink",0,109,0.572425702844328,2.1545575476602
"irs","blink",0,116,0.5725768642359,2.14636692296417
"irs","blink",0,123,0.572712282245024,2.13820648470002
"irs","blink",0,130,0.572832821480723,2.13008082714041
"irs","blink",0,137,0.572939298708714,2.12199415952375
"irs","blink",0,144,0.573032485918702,2.11395040122856
"irs","blink",0,151,0.573113112687874,2.1059532917588
"irs","blink",0,158,0.57318186850703,2.09800627718239
"irs","blink",0,165,0.573239405371893,2.09011251222475
"irs","blink",0,172,0.573286339888395,2.08227499065886
"irs","blink",0,179,0.573323255082749,2.07449649773511
"irs","blink",0,186,0.57335070249732,2.06677955009009
"irs","blink",0,193,0.573369204080062,2.05912649965246
"irs","blink",0,200,0.573379253656219,2.05153955210528
"irs","blink",0,207,0.573381318561381,2.04402068756986
"irs","blink",0,214,0.573375841303122,2.03657171365315
"irs","blink",0,221,0.573363240827308,2.02919432648223
"irs","blink",0,228,0.573343913768445,2.02189004870587
"irs","blink",0,235,0.573318235856293,2.01466023131066
"irs","blink",0,242,0.573286563050798,2.00750612600674
"irs","blink",0,249,0.57324923251378,2.00042885956153
"irs","blink",0,256,0.573206563748128,1.99342940133627
"irs","blink",0,263,0.573158859623928,1.98650862116122
"irs","blink",0,270,0.573106407170911,1.9796673000686
"irs","blink",0,277,0.573049478466881,1.97290608717794
"irs","blink",0,284,0.572988331546243,1.96622552956907
"irs","blink",0,291,0.572923211086911,1.95962610650941
"irs","blink",0,298,0.572854349091508,1.95310819582654
"irs","blink",0,305,0.572781965660727,1.94667207550573
"irs","blink",0,312,0.57270626961484,1.94031796419598
"irs","blink",0,319,0.572627459024934,1.93404600757607
"irs","blink",0,326,0.572545721842108,1.92785626097615
"irs","blink",0,333,0.572461236464584,1.92174872186964
"irs","blink",0,340,0.572374172173828,1.91572333629622
"irs","blink",0,347,0.572284689627352,1.90977997552659
"irs","blink",0,354,0.572192941364781,1.90391845305355
"irs","blink",0,361,0.57209907218932,1.89813854396556
"irs","blink",0,365,0.57204461143139,1.89486896415418
"smc","blink",0,4,0.296639180564009,0.334823680688673
"smc","blink",0,11,0.287128569411072,0.176670225156899
"smc","blink",0,18,0.277129625240351,0.0898153028740806
"smc","blink",0,25,0.26710264408494,0.0454488696611663
"smc","blink",0,32,0.257269205101383,0.0238984018172454
"smc","blink",0,39,0.247725309044531,0.0137859834941959
"smc","blink",0,46,0.238506188787635,0.00913293312948464
"smc","blink",0,53,0.229619432606774,0.00699459660562581
"smc","blink",0,60,0.221060782103132,0.00598557259647138
"smc","blink",0,67,0.212821237855462,0.00547491239680798
"smc","blink",0,74,0.204890107456377,0.00518185976777093
"smc","blink",0,81,0.19725626958365,0.00498358679985668
"smc","blink",0,88,0.189908685153496,0.00482704268800835
"smc","blink",0,95,0.182836597616553,0.00468954323602825
"smc","blink",0,102,0.176029606007034,0.0045614669936646
"smc","blink",0,109,0.169477704921058,0.00444412143649281
"smc","blink",0,116,0.163175810594803,0.00505858279637794
"smc","blink",0,123,0.157219182245488,0.0162951822543381
"smc","blink",0,130,0.152216681128215,0.0707633644999194
"smc","blink",0,137,0.149539353853289,0.196093710096325
"smc","blink",0,144,0.150491471323203,0.376168816153125
"smc","blink",0,151,0.155362805095314,0.571309409973145
"smc","blink",0,158,0.163451005053033,0.749784529582579
"smc","blink",0,165,0.173624790143853,0.89709719096661
"smc","blink",0,172,0.184843549145201,1.01450620699335
"smc","blink",0,179,0.196423379110467,1.11243876775066
"smc","blink",0,186,0.208028394794985,1.20111831201769
"smc","blink",0,193,0.219506069242508,1.28502165256401
"smc","blink",0,200,0.204864317480975,0.88876750236657
"smc","blink",0,207,0.178375301611459,0.289513787176863
"smc","blink",0,214,0.18498495220206,0.314387505137177
"smc","blink",0,221,0.19184217165485,0.419599750948864
"smc","blink",0,228,0.198326084022908,0.654858785787095
"smc","blink",0,235,0.191764451597567,0.268064253063675
"smc","blink",0,242,0.199777466937873,0.369712252091073
"smc","blink",0,249,0.208503614026185,0.5068346851497
"smc","blink",0,256,0.219676684918432,0.912212282863673
"smc","blink",0,263,0.218208956170153,0.49248340213554
"smc","blink",0,270,0.225702752830912,0.500368434853927
"smc","blink",0,277,0.235841083358466,0.647480737831096
"smc","blink",0,284,0.247006398453349,1.03380691227109
"smc","blink",0,291,0.248914064928093,0.918203047831542
"smc","blink",0,298,0.248565766100706,0.546428128245155
"smc","blink",0,305,0.255602937505464,0.647218117611659
"smc","blink",0,312,0.262032042541546,0.861044805511209
"smc","blink",0,319,0.270844924769362,1.40154830333505
"smc","blink",0,326,0.283556681430562,1.94332596097968
"smc","blink",0,333,0.296513164971699,2.08027584561285
"smc","blink",0,340,0.305436748900599,1.84363794111911
"smc","blink",0,347,0.308933362872992,1.44562339573709
"smc","blink",0,354,0.307565018597858,1.02564424496837
"smc","blink",0,361,0.302353982573007,0.651920288727109
"smc","blink",0,365,0.298176946208201,0.474877232322272
"pev","blink",0,4,0.522035098890786,1.2638256500722
"pev","blink",0,11,0.521991546860785,1.26409910528329
"pev","blink",0,18,0.521880047952925,1.26436612422405
"pev","blink",0,25,0.521705061084064,1.26462679698765
"pev","blink",0,32,0.521472969284058,1.26488106470599
"pev","blink",0,39,0.521205309304724,1.26512656119386
"pev","blink",0,46,0.520956706092492,1.2653532180334
"pev","blink",0,53,0.520734113368234,1.26554635225223
"pev","blink",0,60,0.520533649688609,1.26569761227795
"pev","blink",0,67,0.52035198298572,1.26580801383789
"pev","blink",0,74,0.520186369988797,1.26588893105866
"pev","blink",0,81,0.520034700087196,1.26596001640975
"pev","blink",0,88,0.519895432345965,1.26603685264621
"pev","blink",0,95,0.519767396375165,1.26612497443613
"pev","blink",0,102,0.519649616363837,1.26622377014634
"pev","blink",0,109,0.519541224809008,1.26633076050119
"pev","blink",0,116,0.519441432268061,1.26644351046379
"pev","blink",0,123,0.519349518652423,1.26656017806926
"pev","blink",0,130,0.51926483001573,1.26667950656064
"pev","blink",0,137,0.519186774909466,1.26680063881295
"pev","blink",0,144,0.519114819115405,1.26692294129612
"pev","blink",0,151,0.519048479496378,1.26704589804096
"pev","blink",0,158,0.51898731793916,1.26716906380335
"pev","blink",0,165,0.518930935948527,1.26729204879622
"pev","blink",0,172,0.518878970045274,1.2674145148365
"pev","blink",0,179,0.518831087901008,1.26753617310616
"pev","blink",0,186,0.518786985071903,1.26765678049554
"pev","blink",0,193,0.518746382200044,1.26777613460728
"pev","blink",0,200,0.518709022582208,1.26789406832345
"pev","blink",0,207,0.518674670036009,1.26801044466385
"pev","blink",0,214,0.518643107014243,1.26812515227759
"pev","blink",0,221,0.518614132930877,1.26823810162599
"pev","blink",0,228,0.518587562669549,1.26834922178093
"pev","blink",0,235,0.518563225250187,1.26845845772879
"pev","blink",0,242,0.518540962633022,1.26856576808251
"pev","blink",0,249,0.518520628642249,1.26867112312744
"pev","blink",0,256,0.51850208799431,1.26877450314614
"pev","blink",0,263,0.518485215418032,1.26887589698045
"pev","blink",0,270,0.518469894855834,1.26897530079681
"pev","blink",0,277,0.518456018736793,1.26907271702587
"pev","blink",0,284,0.518443487313719,1.26916815345142
"pev","blink",0,291,0.518432208057477,1.26926162242672
"pev","blink",0,298,0.518422095102693,1.26935314019953
"pev","blink",0,305,0.518413068739739,1.26944272632967
"pev","blink",0,312,0.51840505494854,1.26953040318555
"pev","blink",0,319,0.518397984970255,1.26961619550807
"pev","blink",0,326,0.518391794913372,1.26970013003208
"pev","blink",0,333,0.518386425391118,1.26978223515724
"pev","blink",0,340,0.518381821187429,1.26986254066112
"pev","blink",0,347,0.518377930949027,1.2699410774488
"pev","blink",0,354,0.518374706901372,1.27001787733386
"pev","blink",0,361,0.518372104586513,1.27009297284645
"pev","blink",0,365,0.518370857885916,1.27013519948959
"treatment","blink",0,4,0.39136612698909,1.47720294336371
"treatment","blink",0,11,0.391360877114474,1.47723141111783
"treatment","blink",0,18,0.391355670074974,1.47725938865587
"treatment","blink",0,25,0.39135050557596,1.47728688480324
"treatment","blink",0,32,0.391345383325135,1.4773139082832
"treatment","blink",0,39,0.391340303032517,1.47734046771654
"treatment","blink",0,46,0.391335264410414,1.47736657162123
"treatment","blink",0,53,0.391330267173405,1.47739222841219
"treatment","blink",0,60,0.39132531103832,1.47741744640105
"treatment","blink",0,67,0.391320395724221,1.47744223379595
"treatment","blink",0,74,0.391315520952377,1.47746659870135
"treatment","blink",0,81,0.391310686446252,1.47749054911799
"treatment","blink",0,88,0.391305891931476,1.47751409294274
"treatment","blink",0,95,0.391301137135833,1.47753723796862
"treatment","blink",0,102,0.391296421789238,1.47755999188475
"treatment","blink",0,109,0.391291745623716,1.4775823622764
"treatment","blink",0,116,0.391287108373385,1.47760435662509
"treatment","blink",0,123,0.391282509774435,1.47762598230866
"treatment","blink",0,130,0.391277949565111,1.47764724660143
"treatment","blink",0,137,0.391273427485689,1.4776681566744
"treatment","blink",0,144,0.391268943278462,1.47768871959544
"treatment","blink",0,151,0.391264496687717,1.47770894232953
"treatment","blink",0,158,0.391260087459717,1.4777288317391
"treatment","blink",0,165,0.391255715342683,1.47774839458429
"treatment","blink",0,172,0.391251380086773,1.47776763752332
"treatment","blink",0,179,0.391247081444063,1.47778656711289
"treatment","blink",0,186,0.39124281916853,1.47780518980856
"treatment","blink",0,193,0.391238593016031,1.47782351196525
"treatment","blink",0,200,0.391234402744284,1.47784153983763
"treatment","blink",0,207,0.391230248112852,1.47785927958071
"treatment","blink",0,214,0.391226128883119,1.47787673725035
"treatment","blink",0,221,0.391222044818276,1.47789391880377
"treatment","blink",0,228,0.3912179956833,1.47791083010021
"treatment","blink",0,235,0.391213981244934,1.47792747690151
"treatment","blink",0,242,0.391210001271672,1.47794386487275
"treatment","blink",0,249,0.391206055533736,1.47795999958292
"treatment","blink",0,256,0.39120214380306,1.4779758865056
"treatment","blink",0,263,0.391198265853273,1.47799153101971
"treatment","blink",0,270,0.391194421459677,1.47800693841018
"treatment","blink",0,277,0.391190610399229,1.47802211386879
"treatment","blink",0,284,0.391186832450525,1.47803706249486
"treatment","blink",0,291,0.391183087393782,1.47805178929611
"treatment","blink",0,298,0.391179375010816,1.47806629918945
"treatment","blink",0,305,0.391175695085027,1.47808059700182
"treatment","blink",0,312,0.391172047401382,1.47809468747106
"treatment","blink",0,319,0.391168431746392,1.47810857524671
"treatment","blink",0,326,0.3911648479081,1.478122264891
"treatment","blink",0,333,0.391161295676061,1.47813576087966
"treatment","blink",0,340,0.391157774841324,1.47814906760288
"treatment","blink",0,347,0.391154285196413,1.47816218936621
"treatment","blink",0,354,0.391150826535312,1.47817513039153
"treatment","blink",0,361,0.39114739865345,1.47818789481795
"treatment","blink",0,365,0.39114545236154,1.47819511800038
"demography","blink",0,4,0.487590862364558,1.2674962626579
"demography","blink",0,11,0.487590869256713,1.26749635239806
"demography","blink",0,18,0.487590876127382,1.26749644182578
"demography","blink",0,25,0.48759088297663,1.26749653094206
"demography","blink",0,32,0.487590889804524,1.26749661974788
"demography","blink",0,39,0.48759089661113,1.26749670824422
"demography","blink",0,46,0.487590903396514,1.26749679643206
"demography","blink",0,53,0.487590910160741,1.26749688431237
"demography","blink",0,60,0.487590916903878,1.26749697188612
"demography","blink",0,67,0.487590923625988,1.2674970591543
"demography","blink",0,74,0.487590930327138,1.26749714611787
"demography","blink",0,81,0.487590937007391,1.26749723277778
"demography","blink",0,88,0.487590943666813,1.26749731913502
"demography","blink",0,95,0.487590950305468,1.26749740519053
"demography","blink",0,102,0.48759095692342,1.26749749094528
"demography","blink",0,109,0.487590963520733,1.26749757640022
"demography","blink",0,116,0.487590970097471,1.26749766155631
"demography","blink",0,123,0.487590976653697,1.2674977464145
"demography","blink",0,130,0.487590983189475,1.26749783097573
"demography","blink",0,137,0.487590989704868,1.26749791524095
"demography","blink",0,144,0.487590996199938,1.26749799921111
"demography","blink",0,151,0.487591002674749,1.26749808288715
"demography","blink",0,158,0.487591009129363,1.26749816627
"demography","blink",0,165,0.487591015563843,1.2674982493606
"demography","blink",0,172,0.48759102197825,1.26749833215989
"demography","blink",0,179,0.487591028372647,1.26749841466879
"demography","blink",0,186,0.487591034747095,1.26749849688824
"demography","blink",0,193,0.487591041101655,1.26749857881915
"demography","blink",0,200,0.48759104743639,1.26749866046247
"demography","blink",0,207,0.48759105375136,1.26749874181909
"demography","blink",0,214,0.487591060046626,1.26749882288996
"demography","blink",0,221,0.487591066322249,1.26749890367597
"demography","blink",0,228,0.48759107257829,1.26749898417805
"demography","blink",0,235,0.487591078814808,1.2674990643971
"demography","blink",0,242,0.487591085031865,1.26749914433404
"demography","blink",0,249,0.48759109122952,1.26749922398977
"demography","blink",0,256,0.487591097407832,1.2674993033652
"demography","blink",0,263,0.487591103566862,1.26749938246123
"demography","blink",0,270,0.487591109706669,1.26749946127875
"demography","blink",0,277,0.487591115827311,1.26749953981867
"demography","blink",0,284,0.487591121928849,1.26749961808187
"demography","blink",0,291,0.487591128011341,1.26749969606926
"demography","blink",0,298,0.487591134074845,1.26749977378171
"demography","blink",0,305,0.48759114011942,1.26749985122013
"demography","blink",0,312,0.487591146145125,1.26749992838538
"demography","blink",0,319,0.487591152152017,1.26750000527836
"demography","blink",0,326,0.487591158140154,1.26750008189994
"demography","blink",0,333,0.487591164109594,1.26750015825101
"demography","blink",0,340,0.487591170060394,1.26750023433243
"demography","blink",0,347,0.487591175992613,1.26750031014508
"demography","blink",0,354,0.487591181906307,1.26750038568983
"demography","blink",0,361,0.487591187801532,1.26750046096755
"demography","blink",0,365,0.487591191162713,1.26750050387468
